codon,amino_acid,reference_count,count_after_zero_pseudocount,zero_pseudocount_applied,cai_weight,scored_in_cai
AAA,K,44,44,False,0.06606606606606606,True
AAC,N,202,202,False,1.0,True
AAG,K,666,666,False,1.0,True
AAT,N,56,56,False,0.27722772277227725,True
ACA,T,14,14,False,0.044444444444444446,True
ACC,T,315,315,False,1.0,True
ACG,T,51,51,False,0.1619047619047619,True
ACT,T,95,95,False,0.30158730158730157,True
AGA,R,2,2,False,0.005291005291005291,True
AGC,S,71,71,False,0.5,True
AGG,R,16,16,False,0.042328042328042326,True
AGT,S,8,8,False,0.056338028169014086,True
ATA,I,0,0.5,True,0.0016181229773462784,True
ATC,I,309,309,False,1.0,True
ATG,M,128,128,False,1.0,False
ATT,I,113,113,False,0.3656957928802589,True
CAA,Q,11,11,False,0.043137254901960784,True
CAC,H,134,134,False,1.0,True
CAG,Q,255,255,False,1.0,True
CAT,H,41,41,False,0.30597014925373134,True
CCA,P,18,18,False,0.10227272727272728,True
CCC,P,117,117,False,0.6647727272727273,True
CCG,P,176,176,False,1.0,True
CCT,P,51,51,False,0.2897727272727273,True
CGA,R,21,21,False,0.05555555555555555,True
CGC,R,378,378,False,1.0,True
CGG,R,34,34,False,0.08994708994708994,True
CGT,R,294,294,False,0.7777777777777778,True
CTA,L,5,5,False,0.02358490566037736,True
CTC,L,196,196,False,0.9245283018867925,True
CTG,L,212,212,False,1.0,True
CTT,L,65,65,False,0.30660377358490565,True
GAA,E,52,52,False,0.10855949895615867,True
GAC,D,314,314,False,1.0,True
GAG,E,479,479,False,1.0,True
GAT,D,97,97,False,0.3089171974522293,True
GCA,A,44,44,False,0.10304449648711944,True
GCC,A,427,427,False,1.0,True
GCG,A,90,90,False,0.2107728337236534,True
GCT,A,251,251,False,0.5878220140515222,True
GGA,G,74,74,False,0.2276923076923077,True
GGC,G,325,325,False,1.0,True
GGG,G,49,49,False,0.15076923076923077,True
GGT,G,252,252,False,0.7753846153846153,True
GTA,V,9,9,False,0.024128686327077747,True
GTC,V,373,373,False,1.0,True
GTG,V,193,193,False,0.517426273458445,True
GTT,V,131,131,False,0.3512064343163539,True
TAC,Y,145,145,False,1.0,True
TAT,Y,19,19,False,0.1310344827586207,True
TCA,S,15,15,False,0.1056338028169014,True
TCC,S,142,142,False,1.0,True
TCG,S,114,114,False,0.8028169014084507,True
TCT,S,43,43,False,0.3028169014084507,True
TGC,C,33,33,False,1.0,True
TGG,W,52,52,False,1.0,False
TGT,C,8,8,False,0.24242424242424243,True
TTA,L,4,4,False,0.018867924528301886,True
TTC,F,144,144,False,1.0,True
TTG,L,32,32,False,0.1509433962264151,True
TTT,F,20,20,False,0.1388888888888889,True
