window_nt,gc_bases,gc_fraction,window_count
60,0,0.0,0
60,1,0.016666666666666666,0
60,2,0.03333333333333333,0
60,3,0.05,0
60,4,0.06666666666666667,0
60,5,0.08333333333333333,0
60,6,0.1,0
60,7,0.11666666666666667,0
60,8,0.13333333333333333,0
60,9,0.15,0
60,10,0.16666666666666666,0
60,11,0.18333333333333332,0
60,12,0.2,0
60,13,0.21666666666666667,0
60,14,0.23333333333333334,0
60,15,0.25,0
60,16,0.26666666666666666,3
60,17,0.2833333333333333,7
60,18,0.3,21
60,19,0.31666666666666665,39
60,20,0.3333333333333333,76
60,21,0.35,166
60,22,0.36666666666666664,281
60,23,0.38333333333333336,411
60,24,0.4,703
60,25,0.4166666666666667,1091
60,26,0.43333333333333335,1858
60,27,0.45,3068
60,28,0.4666666666666667,5196
60,29,0.48333333333333334,9023
60,30,0.5,15004
60,31,0.5166666666666667,22955
60,32,0.5333333333333333,33548
60,33,0.55,46170
60,34,0.5666666666666667,60242
60,35,0.5833333333333334,71142
60,36,0.6,77402
60,37,0.6166666666666667,77870
60,38,0.6333333333333333,71190
60,39,0.65,60195
60,40,0.6666666666666666,46624
60,41,0.6833333333333333,32221
60,42,0.7,21049
60,43,0.7166666666666667,12078
60,44,0.7333333333333333,6445
60,45,0.75,3250
60,46,0.7666666666666667,1384
60,47,0.7833333333333333,567
60,48,0.8,216
60,49,0.8166666666666667,56
60,50,0.8333333333333334,22
60,51,0.85,2
60,52,0.8666666666666667,0
60,53,0.8833333333333333,0
60,54,0.9,0
60,55,0.9166666666666666,0
60,56,0.9333333333333333,0
60,57,0.95,0
60,58,0.9666666666666667,0
60,59,0.9833333333333333,0
60,60,1.0,0
