start,end,penalty
2,52,19.373931884765625
15,65,20.7161865234375
39,89,23.986328125
40,76,18.4757080078125
40,90,24.3585205078125
45,95,25.240478515625
56,106,23.813323974609375
65,101,14.13177490234375
82,118,27.164794921875
90,126,25.359466552734375
92,128,25.09930419921875
105,155,33.22637939453125
109,145,27.134002685546875
111,147,27.059417724609375
115,165,30.32806396484375
116,166,30.26055908203125
124,160,13.88330078125
125,161,10.532257080078125
142,192,36.2947998046875
149,185,27.69378662109375
151,187,27.589874267578125
158,194,31.224884033203125
165,201,32.329559326171875
165,215,41.17578125
168,218,39.56681823730469
183,219,25.721710205078125
185,221,23.790313720703125
192,228,22.17987060546875
200,250,27.03033447265625
204,254,21.427093505859375
205,255,21.3280029296875
206,242,18.30120849609375
215,251,20.227935791015625
229,279,23.025604248046875
244,294,28.07733154296875
252,288,22.08319091796875
265,301,22.673828125
267,317,27.49676513671875
270,320,31.2093505859375
271,321,32.81878662109375
279,329,30.038726806640625
294,344,22.8231201171875
296,346,24.7103271484375
298,348,24.777374267578125
307,343,17.77593994140625
327,363,17.098663330078125
331,367,15.357574462890625
332,382,20.484527587890625
341,377,15.1488037109375
343,393,22.570281982421875
346,396,22.538787841796875
361,397,15.519683837890625
367,417,22.601776123046875
370,420,21.00341796875
384,420,18.074859619140625
384,434,19.362884521484375
397,447,17.361572265625
410,446,15.679168701171875
422,472,22.024200439453125
425,461,19.41644287109375
429,479,21.4237060546875
430,466,18.4888916015625
437,487,29.71746826171875
440,476,19.786712646484375
443,479,17.52825927734375
444,494,26.75189208984375
446,482,22.454315185546875
453,489,19.084075927734375
458,508,22.730224609375
459,495,18.14862060546875
462,498,16.758453369140625
465,515,21.838775634765625
466,502,16.766632080078125
467,503,17.08154296875
470,506,17.342041015625
474,524,22.477294921875
475,525,22.73577880859375
482,518,14.92431640625
489,539,21.072845458984375
493,543,16.549957275390625
506,542,13.77435302734375
542,578,14.907012939453125
545,595,19.795989990234375
547,597,19.446502685546875
548,584,13.007293701171875
553,589,17.39630126953125
566,602,17.616119384765625
567,617,20.02874755859375
578,614,14.73193359375
598,634,11.63824462890625
599,649,14.611480712890625
602,638,11.87933349609375
604,640,11.664764404296875
604,654,15.0196533203125
605,655,15.0269775390625
625,675,25.1429443359375
627,677,25.079071044921875
628,664,15.395599365234375
629,679,25.276092529296875
634,670,14.208648681640625
639,689,27.782958984375
648,684,18.569061279296875
649,699,25.494720458984375
654,690,23.312896728515625
656,706,25.246673583984375
659,695,21.416778564453125
662,698,22.089935302734375
666,702,22.4298095703125
100,136,30.914154052734375
210,260,24.777008056640625
306,356,24.017364501953125
345,395,22.59979248046875
462,512,20.145904541015625
507,543,15.8458251953125
91,127,25.097808837890625
335,385,19.490509033203125
31,81,24.29400634765625
48,98,25.495452880859375
55,91,18.0682373046875
70,120,35.73956298828125
79,129,34.468780517578125
93,129,25.112548828125
97,147,32.222259521484375
99,135,30.6953125
146,196,36.32635498046875
150,186,27.76800537109375
154,204,36.221893310546875
187,237,24.516082763671875
189,239,26.273345947265625
193,243,27.670440673828125
201,251,24.454345703125
206,256,21.33184814453125
228,278,24.68670654296875
280,330,30.428314208984375
288,338,29.489410400390625
295,345,24.237091064453125
303,339,18.5789794921875
303,353,25.120361328125
310,346,20.296875
396,446,17.2916259765625
421,457,18.380126953125
423,459,19.083648681640625
432,482,29.05767822265625
442,492,27.28350830078125
485,521,13.705596923828125
489,525,16.659423828125
490,526,17.2889404296875
491,527,16.741455078125
507,557,17.519439697265625
511,561,15.1171875
546,596,19.505523681640625
555,591,17.324859619140625
562,612,20.431121826171875
573,623,19.108612060546875
583,633,19.091461181640625
591,627,8.51617431640625
608,658,15.379913330078125
623,659,12.043426513671875
638,674,20.6951904296875
644,680,20.306854248046875
645,681,20.399261474609375
648,698,25.406768798828125
655,705,25.247894287109375
658,708,23.99273681640625
1,51,19.3363037109375
3,53,20.565704345703125
4,54,20.637115478515625
5,55,20.584197998046875
6,56,20.187744140625
11,61,20.339813232421875
14,64,22.250335693359375
16,66,21.22601318359375
17,67,21.207122802734375
26,76,22.626739501953125
27,77,22.709381103515625
29,79,24.670074462890625
30,80,24.758270263671875
33,83,20.688018798828125
34,84,20.689697265625
36,86,24.463226318359375
37,87,24.363189697265625
38,88,24.03076171875
41,77,18.5037841796875
43,79,19.67694091796875
46,96,25.774749755859375
47,83,20.599456787109375
47,97,26.104949951171875
48,84,20.60205078125
50,86,21.47869873046875
50,100,24.458526611328125
51,87,21.07452392578125
52,88,21.17803955078125
53,89,20.770172119140625
54,104,21.275054931640625
55,105,21.66961669921875
56,92,16.98291015625
57,93,16.6666259765625
57,107,26.645172119140625
59,109,28.8836669921875
60,96,18.14349365234375
60,110,30.00262451171875
61,111,30.882171630859375
62,112,34.252716064453125
64,114,31.386322021484375
66,102,14.13311767578125
68,104,14.230987548828125
68,118,35.758087158203125
69,105,15.41619873046875
69,119,35.829071044921875
72,108,22.362518310546875
73,109,23.338287353515625
73,123,36.95269775390625
74,124,36.97113037109375
76,112,25.745086669921875
77,127,36.06494140625
78,128,34.335357666015625
79,115,25.68719482421875
83,133,35.316253662109375
84,120,27.86517333984375
84,134,35.472869873046875
87,123,28.8974609375
88,138,33.399169921875
89,139,32.821807861328125
90,140,32.8170166015625
91,141,32.731048583984375
94,144,33.050750732421875
95,145,32.95550537109375
96,132,26.68701171875
96,146,32.335723876953125
100,150,33.009063720703125
101,151,33.596466064453125
102,138,30.84613037109375
102,152,33.463592529296875
103,153,32.6163330078125
104,154,32.2625732421875
105,141,29.573699951171875
106,156,34.9141845703125
107,157,36.118072509765625
108,144,27.36181640625
109,159,33.056915283203125
112,148,25.6221923828125
113,163,32.842041015625
115,151,25.47064208984375
117,167,30.233612060546875
118,168,28.803924560546875
119,169,26.302490234375
122,158,20.283905029296875
123,173,29.05908203125
126,162,10.5281982421875
128,164,10.528167724609375
128,178,32.447265625
129,165,13.883056640625
129,179,32.904144287109375
131,181,33.52569580078125
133,169,24.166168212890625
133,183,33.198211669921875
134,170,23.89434814453125
137,173,24.079803466796875
137,187,30.217315673828125
141,177,26.271728515625
141,191,36.22955322265625
143,179,27.606048583984375
143,193,36.291778564453125
144,180,27.8836669921875
145,195,36.0792236328125
146,182,28.695892333984375
147,183,26.97198486328125
149,199,36.759918212890625
150,200,36.9559326171875
151,201,36.951263427734375
152,202,36.613433837890625
155,191,32.158203125
155,205,36.510589599609375
156,192,32.153778076171875
157,193,31.5897216796875
158,208,35.963134765625
159,209,35.78338623046875
160,210,38.950836181640625
161,211,39.94512939453125
162,212,39.98027038574219
163,213,40.968170166015625
164,200,31.412353515625
164,214,41.14338684082031
166,202,32.034820556640625
166,216,40.44764709472656
169,219,39.28962707519531
170,220,39.5528564453125
173,209,25.4136962890625
173,223,34.314666748046875
174,210,28.446014404296875
175,211,29.242523193359375
177,213,30.3857421875
178,214,30.434051513671875
178,228,36.891510009765625
179,215,29.042144775390625
179,229,35.353973388671875
180,216,26.0286865234375
180,230,32.3104248046875
181,231,31.0518798828125
182,218,25.799896240234375
183,233,30.4993896484375
184,234,30.346832275390625
189,225,21.209930419921875
191,241,26.088226318359375
192,242,26.822479248046875
193,229,22.445465087890625
194,230,22.364044189453125
195,231,21.843414306640625
196,232,21.746551513671875
196,246,26.816925048828125
197,233,21.3828125
197,247,27.211822509765625
198,234,21.34771728515625
199,235,21.331390380859375
200,236,20.946380615234375
201,237,18.242340087890625
203,253,21.4180908203125
205,241,17.301910400390625
207,243,19.45458984375
210,246,20.074005126953125
211,261,26.921295166015625
212,248,19.992095947265625
213,249,20.66943359375
215,265,27.46600341796875
216,266,27.32489013671875
217,267,28.775482177734375
218,268,28.7760009765625
219,255,18.461883544921875
222,272,26.172576904296875
223,273,26.49285888671875
224,260,18.84100341796875
225,261,19.235809326171875
227,277,27.62969970703125
229,265,19.31500244140625
232,268,20.719635009765625
235,285,26.524658203125
236,286,25.988372802734375
241,277,17.61859130859375
244,280,17.484283447265625
246,296,28.269622802734375
247,297,28.330780029296875
248,298,28.40203857421875
249,285,21.863189697265625
251,287,22.06036376953125
253,303,26.7994384765625
254,290,21.610015869140625
255,291,22.440521240234375
255,305,26.0927734375
256,292,21.849578857421875
256,306,24.098785400390625
257,307,22.88922119140625
258,308,22.889251708984375
259,309,22.889312744140625
260,310,22.89056396484375
261,297,22.741119384765625
262,298,22.7340087890625
265,315,27.479461669921875
266,316,27.501251220703125
269,319,30.0869140625
270,306,21.14306640625
274,324,28.907867431640625
276,326,28.970794677734375
278,328,29.697021484375
282,332,32.34088134765625
284,334,30.660308837890625
285,335,30.0933837890625
287,337,30.568450927734375
292,342,26.838897705078125
293,343,25.8048095703125
299,349,24.760040283203125
300,350,24.785614013671875
304,354,25.397613525390625
306,342,17.769927978515625
307,357,24.52545166015625
308,358,24.673858642578125
310,360,25.213653564453125
311,361,24.65936279296875
312,362,24.90338134765625
313,363,24.916656494140625
314,350,21.103057861328125
314,364,26.215179443359375
315,351,21.14801025390625
317,367,25.047393798828125
318,354,20.545501708984375
318,368,26.484893798828125
319,369,28.46087646484375
320,370,27.997467041015625
321,357,19.3138427734375
322,372,25.026397705078125
323,359,17.18865966796875
325,375,22.22747802734375
326,362,19.378326416015625
326,376,21.40216064453125
327,377,18.902801513671875
329,365,16.745880126953125
329,379,22.17913818359375
330,366,15.1533203125
330,380,20.545928955078125
333,369,16.422454833984375
333,383,21.565948486328125
334,370,16.409698486328125
335,371,16.3092041015625
336,372,16.108673095703125
338,374,16.0736083984375
338,388,19.4931640625
339,375,15.685882568359375
340,390,22.40313720703125
341,391,23.7396240234375
342,378,14.91058349609375
342,392,23.361572265625
348,384,14.92529296875
351,387,17.023681640625
351,401,20.5272216796875
352,402,20.00091552734375
354,390,17.8653564453125
355,405,19.0748291015625
356,392,16.937744140625
357,393,16.913543701171875
358,394,16.5811767578125
358,408,19.097259521484375
363,413,17.687744140625
364,414,17.06121826171875
365,415,17.69049072265625
366,402,13.93017578125
366,416,20.217193603515625
368,404,14.924224853515625
371,407,14.513275146484375
372,408,14.3192138671875
372,422,20.132659912109375
373,409,14.7291259765625
373,423,20.56317138671875
374,410,14.755218505859375
375,425,20.857666015625
376,412,16.062286376953125
376,426,20.8748779296875
377,427,20.874786376953125
378,414,17.03863525390625
378,428,20.8984375
379,415,17.621337890625
381,417,18.95269775390625
382,418,18.549957275390625
382,432,19.12994384765625
383,433,18.8680419921875
385,421,17.62689208984375
385,435,19.5260009765625
386,422,16.723907470703125
389,439,15.88446044921875
390,440,17.54766845703125
391,427,11.720428466796875
394,430,10.37921142578125
397,433,9.917144775390625
398,448,19.121124267578125
402,452,22.67633056640625
406,456,24.3363037109375
407,443,14.83306884765625
407,457,24.05352783203125
408,458,24.184967041015625
411,461,25.21795654296875
413,449,18.06396484375
414,450,16.119354248046875
414,464,22.222869873046875
416,452,16.482574462890625
417,453,16.641632080078125
418,468,20.894561767578125
419,455,18.27227783203125
420,470,22.32373046875
422,458,18.384490966796875
423,473,22.5240478515625
424,460,18.923980712890625
426,462,18.2584228515625
427,463,18.257965087890625
428,464,18.3770751953125
428,478,21.42706298828125
430,480,23.62353515625
431,467,18.488311767578125
432,468,18.52056884765625
433,483,29.939666748046875
434,470,20.50396728515625
434,484,30.811187744140625
435,485,30.4453125
438,474,20.68487548828125
438,488,29.56927490234375
439,475,20.768463134765625
441,477,19.298736572265625
442,478,18.33636474609375
444,480,19.455413818359375
445,481,22.392730712890625
445,495,26.67645263671875
448,484,19.20684814453125
448,498,22.34014892578125
449,499,22.338775634765625
450,500,22.451019287109375
452,502,21.739044189453125
454,490,19.2440185546875
457,493,18.140899658203125
457,507,22.637603759765625
459,509,22.2891845703125
463,513,21.153350830078125
464,514,21.9639892578125
465,501,17.01763916015625
467,517,21.473114013671875
468,518,21.444305419921875
469,519,21.1787109375
470,520,20.72930908203125
471,507,17.251617431640625
473,523,20.97564697265625
476,512,16.830108642578125
477,513,17.076751708984375
479,529,22.466064453125
480,516,14.9288330078125
484,534,19.799224853515625
486,522,14.478302001953125
486,536,20.4658203125
490,540,19.932891845703125
494,544,16.666900634765625
495,545,16.72955322265625
496,546,16.74066162109375
497,533,12.3701171875
499,549,16.916900634765625
500,536,12.917816162109375
500,550,16.926300048828125
503,539,13.412261962890625
503,553,17.24615478515625
504,540,13.6854248046875
504,554,17.82843017578125
506,556,17.67254638671875
508,558,16.3892822265625
510,560,14.639068603515625
513,549,12.96881103515625
513,563,15.35357666015625
514,550,12.9224853515625
517,553,12.619903564453125
518,568,14.9381103515625
520,556,12.9927978515625
522,558,12.8057861328125
526,562,10.722137451171875
526,576,19.6541748046875
528,578,17.107452392578125
529,579,18.055450439453125
531,567,8.561798095703125
533,569,8.406463623046875
536,586,22.296875
537,573,11.46807861328125
537,587,22.360992431640625
538,588,23.095184326171875
539,575,14.980621337890625
540,576,15.7010498046875
541,577,14.872222900390625
541,591,20.14215087890625
551,587,17.05859375
552,602,20.215911865234375
554,590,17.412750244140625
554,604,20.087921142578125
555,605,19.994842529296875
557,593,16.62921142578125
557,607,19.284912109375
558,608,19.3857421875
559,609,19.06475830078125
560,610,19.066741943359375
561,611,19.907806396484375
562,598,16.278076171875
563,599,16.67657470703125
565,615,20.045989990234375
566,616,20.044342041015625
567,603,17.661224365234375
568,604,17.650421142578125
569,605,17.691741943359375
571,621,21.248931884765625
572,622,18.984649658203125
574,624,19.771575927734375
577,613,14.731048583984375
577,627,19.193328857421875
579,615,14.66534423828125
580,616,14.46966552734375
582,632,18.1119384765625
583,619,13.789520263671875
584,620,14.954315185546875
586,622,14.621185302734375
587,637,17.679840087890625
588,624,13.285186767578125
592,642,14.4658203125
593,629,8.6517333984375
595,631,8.702423095703125
595,645,14.027496337890625
596,632,8.703887939453125
596,646,15.048675537109375
598,648,14.75677490234375
599,635,11.57379150390625
601,637,11.837646484375
602,652,14.530792236328125
603,639,11.65386962890625
605,641,11.60357666015625
606,656,15.23223876953125
609,659,15.37994384765625
612,648,11.7218017578125
614,650,11.398712158203125
616,666,18.892913818359375
617,667,19.0452880859375
618,654,12.267730712890625
618,668,19.071685791015625
622,672,22.7955322265625
624,674,24.851531982421875
625,661,11.869842529296875
626,676,25.0966796875
627,663,14.991119384765625
629,665,15.678192138671875
630,666,15.7169189453125
631,681,25.78533935546875
632,668,16.50946044921875
632,682,25.7264404296875
633,683,23.971405029296875
635,671,17.356964111328125
636,672,18.529022216796875
636,686,24.4703369140625
639,675,20.789825439453125
641,677,20.7945556640625
642,678,20.75732421875
643,679,20.593963623046875
647,697,25.55718994140625
649,685,19.4122314453125
650,686,20.4892578125
651,687,20.729522705078125
652,688,22.55877685546875
652,702,25.2548828125
653,703,25.256439208984375
654,704,25.25372314453125
657,707,25.145599365234375
660,710,23.314697265625
661,697,22.091705322265625
665,701,23.057464599609375
668,704,21.4326171875
669,705,21.36480712890625
670,706,20.0185546875
672,708,18.63226318359375
673,709,18.237518310546875
2,51,19.335693359375
3,52,19.371734619140625
4,53,20.554168701171875
5,54,20.57855224609375
6,55,20.179229736328125
7,56,20.18377685546875
12,61,20.33404541015625
15,64,20.715789794921875
16,65,20.660247802734375
17,66,21.194610595703125
18,67,20.949615478515625
27,76,22.598876953125
28,77,22.70880126953125
30,79,24.475494384765625
31,80,23.06658935546875
32,81,23.962921142578125
34,83,20.687896728515625
35,84,20.6893310546875
37,86,24.3197021484375
38,87,23.9832763671875
39,88,23.97943115234375
40,75,18.45611572265625
40,89,23.95379638671875
41,76,18.47552490234375
41,90,24.358245849609375
43,78,18.67523193359375
46,95,25.19964599609375
47,82,20.55279541015625
47,96,25.741302490234375
48,83,20.468963623046875
48,97,25.493988037109375
49,98,25.3487548828125
50,85,21.405059814453125
51,86,21.048004150390625
51,100,24.20635986328125
52,87,20.97564697265625
53,88,20.76275634765625
55,90,17.82568359375
55,104,20.477752685546875
56,91,16.98126220703125
56,105,20.583221435546875
57,92,16.64312744140625
57,106,23.4891357421875
58,107,26.645050048828125
60,95,17.780517578125
60,109,28.880340576171875
61,110,29.9586181640625
62,111,30.79730224609375
63,112,33.233428955078125
65,100,14.12982177734375
65,114,31.31842041015625
66,101,14.13043212890625
68,103,14.218017578125
69,104,14.22418212890625
69,118,35.36322021484375
70,119,35.666748046875
71,120,35.5999755859375
72,107,21.349395751953125
73,108,22.03271484375
74,123,34.593353271484375
75,124,34.84906005859375
76,111,24.068572998046875
78,127,34.334228515625
79,114,25.467437744140625
79,128,34.12347412109375
80,129,34.331756591796875
84,119,27.860687255859375
84,133,35.29730224609375
85,134,35.459442138671875
87,122,28.70782470703125
89,138,32.57843017578125
90,125,25.35064697265625
90,139,32.814605712890625
91,140,32.548187255859375
92,141,32.72900390625
93,128,25.084075927734375
95,144,32.801971435546875
96,131,24.061981201171875
96,145,32.331695556640625
97,146,32.214508056640625
98,147,32.2213134765625
99,134,28.30072021484375
101,150,32.996185302734375
102,137,30.762451171875
102,151,33.44451904296875
103,152,32.607666015625
104,153,32.26116943359375
105,140,29.40496826171875
105,154,31.8897705078125
106,155,33.014312744140625
107,156,34.880035400390625
108,143,27.229095458984375
108,157,33.998748779296875
109,144,26.85015869140625
110,159,33.053497314453125
112,147,25.621795654296875
114,163,30.6099853515625
115,150,24.716094970703125
116,165,30.0333251953125
117,166,30.229736328125
118,167,28.772552490234375
119,168,26.302490234375
120,169,24.54498291015625
122,157,20.283782958984375
124,173,29.058258056640625
125,160,10.532257080078125
126,161,10.5281982421875
128,163,10.453460693359375
129,164,10.528076171875
129,178,32.4129638671875
130,179,32.265045166015625
132,181,33.27606201171875
133,168,20.65283203125
134,169,23.61895751953125
134,183,32.247406005859375
137,172,23.753265380859375
138,187,30.209869384765625
141,176,24.70233154296875
142,191,36.2138671875
143,178,27.1514892578125
143,192,36.27008056640625
144,179,27.399200439453125
144,193,36.035308837890625
146,181,28.106353759765625
146,195,35.8917236328125
147,182,26.929229736328125
147,196,33.707000732421875
149,184,27.004913330078125
150,185,27.687347412109375
150,199,36.731964111328125
151,200,36.524932861328125
152,201,36.429046630859375
153,202,36.185455322265625
155,190,32.15240478515625
155,204,36.220947265625
156,191,32.104583740234375
156,205,36.322357177734375
157,192,31.555145263671875
159,208,34.325103759765625
160,209,35.782135009765625
161,210,38.9083251953125
162,211,39.59538269042969
163,212,39.87995910644531
164,199,31.03936767578125
164,213,40.96783447265625
165,214,41.11344909667969
166,201,31.639373779296875
166,215,40.42112731933594
167,216,38.80810546875
169,218,38.938812255859375
170,205,27.790069580078125
170,219,39.25440979003906
171,220,38.6314697265625
173,208,23.955413818359375
174,209,25.28448486328125
174,223,34.2698974609375
175,210,28.232269287109375
177,212,29.468353271484375
178,213,30.196441650390625
179,214,28.810302734375
179,228,35.029693603515625
180,215,25.977294921875
180,229,32.2314453125
181,230,30.97906494140625
182,217,25.71844482421875
182,231,30.532470703125
183,218,25.682647705078125
184,233,30.338043212890625
185,220,23.497100830078125
185,234,28.2237548828125
188,237,24.512115478515625
189,224,20.109954833984375
190,239,25.734710693359375
192,227,22.058685302734375
192,241,25.941192626953125
193,228,22.172332763671875
193,242,26.818115234375
194,229,22.319305419921875
194,243,27.645416259765625
195,230,20.865570068359375
196,231,21.551513671875
196,245,26.6865234375
197,232,21.37615966796875
197,246,26.7135009765625
198,233,21.330810546875
198,247,27.17645263671875
199,234,21.3304443359375
199,248,27.161346435546875
200,235,20.90716552734375
201,236,18.19775390625
201,250,24.408416748046875
202,251,21.36590576171875
204,253,21.417266845703125
205,240,17.05767822265625
205,254,21.2872314453125
206,255,21.327606201171875
207,242,18.29156494140625
207,256,21.32470703125
210,245,19.638153076171875
211,260,24.77166748046875
212,247,19.987396240234375
212,261,26.547698974609375
213,248,19.636474609375
216,265,27.319610595703125
217,266,27.267486572265625
218,267,28.712860107421875
219,254,18.39593505859375
219,268,28.002899169921875
223,272,26.14599609375
224,259,17.937896728515625
224,273,26.48974609375
225,260,17.737548828125
228,277,24.6802978515625
229,264,19.30963134765625
229,278,23.02032470703125
230,279,23.025604248046875
232,267,20.644622802734375
236,285,25.68829345703125
237,286,25.981048583984375
241,276,17.553375244140625
244,279,16.84979248046875
247,296,28.0699462890625
248,297,28.329315185546875
249,284,21.423980712890625
249,298,28.26141357421875
251,286,21.8681640625
252,287,22.02740478515625
254,289,21.608489990234375
254,303,26.5203857421875
255,290,21.095977783203125
256,291,21.731231689453125
256,305,24.0985107421875
257,306,22.88922119140625
258,307,22.88922119140625
259,308,22.889190673828125
260,309,22.887908935546875
261,296,22.73822021484375
261,310,22.89056396484375
262,297,22.731536865234375
265,300,22.595306396484375
266,315,27.47906494140625
267,316,27.496368408203125
268,317,27.48016357421875
270,305,21.110443115234375
270,319,30.07330322265625
271,320,31.1240234375
272,321,30.979736328125
275,324,28.857330322265625
277,326,28.932373046875
279,328,29.6949462890625
280,329,30.02618408203125
281,330,30.379913330078125
283,332,31.069366455078125
285,334,30.0859375
286,335,30.068206787109375
288,337,29.190338134765625
289,338,29.0654296875
293,342,25.795013427734375
294,343,22.8212890625
295,344,22.6878662109375
296,345,24.100250244140625
297,346,24.07769775390625
299,348,24.647125244140625
300,349,24.7158203125
301,350,24.70318603515625
303,338,18.3282470703125
304,353,25.064910888671875
305,354,25.320159912109375
306,341,17.59130859375
307,342,17.76629638671875
307,356,24.015228271484375
308,357,24.52520751953125
309,358,24.637298583984375
310,345,19.336944580078125
311,360,24.647674560546875
312,361,23.313934326171875
313,362,23.640228271484375
314,349,20.878692626953125
314,363,24.916229248046875
315,350,20.8944091796875
315,364,26.176788330078125
318,353,20.50103759765625
318,367,25.04522705078125
319,368,26.46453857421875
320,369,27.95745849609375
321,356,18.34991455078125
321,370,25.49658203125
323,358,17.04010009765625
323,372,22.898895263671875
326,361,16.58221435546875
326,375,21.400604248046875
327,362,16.936737060546875
327,376,18.901580810546875
328,377,18.8427734375
329,364,16.677520751953125
330,365,15.075347900390625
330,379,20.5152587890625
331,380,20.5457763671875
333,368,16.1162109375
333,382,20.454803466796875
334,369,16.3985595703125
334,383,20.96099853515625
335,370,16.302459716796875
336,371,16.1015625
336,385,17.076263427734375
338,373,16.070098876953125
339,374,15.68182373046875
339,388,19.490020751953125
341,376,15.1473388671875
341,390,22.40093994140625
342,377,14.41455078125
342,391,23.325439453125
343,392,22.559844970703125
346,395,22.518768310546875
347,396,21.014739990234375
348,383,14.91021728515625
351,386,16.87017822265625
352,401,19.993408203125
353,402,19.074066162109375
354,389,17.37103271484375
356,391,16.889312744140625
356,405,19.07470703125
357,392,16.90643310546875
358,393,16.57928466796875
359,408,19.084381103515625
361,396,15.518585205078125
364,413,16.81927490234375
365,414,17.06121826171875
366,401,13.8564453125
366,415,17.6904296875
367,416,20.216949462890625
368,403,13.814453125
368,417,22.5528564453125
371,406,14.498046875
371,420,20.13580322265625
372,407,14.311370849609375
373,408,14.311279296875
373,422,20.11541748046875
374,409,14.728668212890625
374,423,20.56231689453125
376,411,14.741424560546875
376,425,20.85699462890625
377,426,20.874298095703125
378,413,16.73016357421875
378,427,20.804534912109375
379,414,17.026519775390625
379,428,20.793914794921875
381,416,18.713226318359375
382,417,18.4588623046875
383,432,18.580810546875
384,419,18.0748291015625
384,433,18.862274169921875
385,420,17.621856689453125
385,434,19.012908935546875
386,421,16.652923583984375
386,435,18.348663330078125
390,439,14.088226318359375
391,426,11.719940185546875
391,440,16.1646728515625
394,429,10.37847900390625
397,432,9.74322509765625
397,446,17.284088134765625
398,447,17.361541748046875
399,448,19.11541748046875
403,452,22.640869140625
407,442,12.135833740234375
407,456,21.799224853515625
408,457,23.934326171875
409,458,23.579345703125
410,445,15.677032470703125
412,461,24.8978271484375
413,448,16.688262939453125
414,449,15.998931884765625
415,464,21.998260498046875
416,451,14.956024169921875
417,452,16.4654541015625
419,454,17.08258056640625
419,468,20.627105712890625
421,470,22.323699951171875
422,457,18.361785888671875
423,458,18.379150390625
423,472,22.021881103515625
424,459,18.51214599609375
424,473,22.247711181640625
425,460,18.809600830078125
426,461,18.217864990234375
427,462,18.257415771484375
428,463,18.25750732421875
429,478,21.42291259765625
430,465,18.487548828125
430,479,21.42340087890625
431,466,18.48822021484375
431,480,23.62286376953125
432,467,18.473785400390625
433,482,29.057098388671875
434,469,18.52490234375
434,483,29.92523193359375
435,484,30.317901611328125
436,485,30.29248046875
438,473,20.610137939453125
438,487,29.55877685546875
439,474,20.551605224609375
439,488,29.420166015625
440,475,19.77984619140625
441,476,19.22357177734375
442,477,18.318572998046875
443,492,27.069061279296875
444,479,17.329071044921875
445,480,19.158782958984375
446,495,26.25311279296875
448,483,19.03839111328125
449,498,22.338470458984375
450,499,22.158416748046875
451,500,21.793792724609375
453,488,18.716552734375
453,502,21.726806640625
454,489,18.900787353515625
457,492,18.062255859375
458,507,22.621612548828125
459,508,22.278778076171875
460,509,20.170135498046875
462,497,16.50714111328125
463,512,20.104278564453125
464,513,21.13604736328125
465,500,16.6715087890625
465,514,21.710693359375
466,501,16.613525390625
466,515,21.440704345703125
468,517,21.423980712890625
469,518,21.085052490234375
470,505,14.618621826171875
470,519,20.66973876953125
471,506,17.0831298828125
471,520,20.48992919921875
474,523,20.970947265625
476,511,16.82855224609375
476,525,22.0518798828125
477,512,16.720184326171875
480,515,14.56317138671875
480,529,21.119476318359375
485,520,13.6910400390625
485,534,18.65252685546875
486,521,13.524627685546875
487,536,20.46441650390625
489,524,15.980712890625
490,539,19.8416748046875
491,526,16.440185546875
491,540,18.5523681640625
494,543,16.547393798828125
495,544,16.658538818359375
496,545,16.72845458984375
497,532,12.365264892578125
497,546,16.7401123046875
500,535,12.91485595703125
500,549,16.9168701171875
501,550,16.92254638671875
503,538,13.268646240234375
504,539,13.374114990234375
504,553,17.199798583984375
505,554,17.6630859375
506,541,13.592803955078125
507,542,13.54571533203125
507,556,17.518798828125
508,557,16.386444091796875
509,558,14.667694091796875
511,560,14.1748046875
512,561,15.108306884765625
513,548,12.810211181640625
514,549,12.913421630859375
514,563,15.29766845703125
517,552,12.6185302734375
519,568,14.916534423828125
520,555,12.98138427734375
522,557,12.789581298828125
526,561,10.015594482421875
527,576,19.430816650390625
529,578,16.986358642578125
530,579,18.038848876953125
531,566,8.403564453125
533,568,8.4053955078125
537,572,11.25592041015625
537,586,22.28826904296875
538,587,22.2470703125
539,574,14.52874755859375
539,588,20.15826416015625
540,575,14.65679931640625
541,576,13.1988525390625
542,591,20.139495849609375
547,596,19.438751220703125
548,583,12.95513916015625
548,597,19.441864013671875
551,586,16.864013671875
553,602,20.118072509765625
554,589,17.345794677734375
555,590,17.315338134765625
555,604,19.96942138671875
556,605,19.26171875
557,592,16.628570556640625
558,607,19.180145263671875
559,608,18.94403076171875
560,609,19.06280517578125
561,610,19.0556640625
562,597,15.45166015625
562,611,19.430450439453125
563,598,16.25469970703125
566,601,17.547271728515625
566,615,20.043365478515625
567,602,17.594390869140625
567,616,20.016082763671875
568,603,17.648101806640625
568,617,20.0260009765625
569,604,17.648895263671875
572,621,18.448638916015625
573,622,18.975006103515625
574,623,19.099609375
575,624,19.398284912109375
577,612,14.67138671875
578,627,19.192291259765625
579,614,14.66253662109375
580,615,14.46771240234375
583,618,13.787261962890625
583,632,17.977996826171875
584,619,13.355133056640625
584,633,18.564056396484375
586,621,14.015594482421875
588,623,12.50970458984375
588,637,16.703521728515625
591,626,8.43988037109375
593,628,8.48663330078125
593,642,14.461334228515625
595,630,8.670196533203125
596,631,8.702117919921875
596,645,14.02703857421875
597,646,14.768768310546875
598,633,11.20928955078125
599,634,11.526824951171875
599,648,14.607208251953125
600,649,14.49444580078125
601,636,11.81378173828125
602,637,11.833587646484375
603,638,11.583251953125
603,652,14.4326171875
604,639,11.64532470703125
604,653,14.434112548828125
605,640,11.580657958984375
605,654,15.01959228515625
606,655,15.024810791015625
607,656,15.232208251953125
609,658,15.37799072265625
610,659,15.369842529296875
612,647,11.30560302734375
614,649,11.3946533203125
617,666,18.88470458984375
618,653,10.643096923828125
618,667,19.018585205078125
619,668,19.05889892578125
623,672,22.2127685546875
625,660,11.8646240234375
625,674,24.77825927734375
626,675,25.078033447265625
627,662,13.876708984375
627,676,25.03851318359375
628,663,14.990325927734375
629,664,15.395416259765625
630,665,15.664276123046875
630,679,25.24713134765625
632,667,16.491180419921875
632,681,25.6712646484375
633,682,23.952850341796875
634,683,21.10821533203125
635,670,14.126220703125
636,671,17.3551025390625
637,686,24.468475341796875
638,673,19.243377685546875
639,674,20.69036865234375
640,689,27.78094482421875
641,676,20.791595458984375
642,677,20.700927734375
643,678,20.580596923828125
645,680,20.2928466796875
648,683,18.56201171875
648,697,25.400634765625
649,684,17.4188232421875
649,698,24.547882080078125
650,685,19.09954833984375
650,699,25.141937255859375
651,686,20.486968994140625
652,687,20.727325439453125
653,702,25.2537841796875
654,689,23.08502197265625
654,703,25.25347900390625
655,704,25.24725341796875
656,705,25.24652099609375
657,706,25.145416259765625
658,707,23.989471435546875
659,694,21.40740966796875
659,708,23.3153076171875
661,696,22.04754638671875
661,710,23.31182861328125
662,697,22.0880126953125
665,700,22.943756103515625
666,701,22.388153076171875
668,703,21.427703857421875
669,704,21.3516845703125
670,705,20.00872802734375
672,707,18.625396728515625
673,708,18.2371826171875
195,245,26.772613525390625
198,248,27.181365966796875
603,653,14.434326171875
