start,end,role,l_local,profiler,window,max_span
0,49,B,0.532347,origin/main,200,150
1,51,B,0.511133,origin/main,200,150
2,52,B,0.507293,origin/main,200,150
3,53,B,0.510333,origin/main,200,150
4,54,B,0.502842,origin/main,200,150
5,55,B,0.495309,origin/main,200,150
6,56,B,0.491327,origin/main,200,150
7,56,B,0.488821,origin/main,200,150
11,61,B,0.460781,origin/main,200,150
12,62,B,0.457858,origin/main,200,150
13,63,B,0.459924,origin/main,200,150
14,64,B,0.46232,origin/main,200,150
15,65,B,0.479518,origin/main,200,150
16,66,B,0.478361,origin/main,200,150
17,67,B,0.486505,origin/main,200,150
18,68,B,0.472764,origin/main,200,150
19,68,B,0.463239,origin/main,200,150
21,71,B,0.437788,origin/main,200,150
22,71,B,0.440376,origin/main,200,150
24,74,B,0.437729,origin/main,200,150
25,75,B,0.421453,origin/main,200,150
26,76,B,0.409875,origin/main,200,150
27,77,B,0.40901,origin/main,200,150
28,78,B,0.39715,origin/main,200,150
29,79,B,0.39965,origin/main,200,150
30,80,B,0.399688,origin/main,200,150
31,81,B,0.398156,origin/main,200,150
32,81,B,0.405081,origin/main,200,150
33,83,B,0.413821,origin/main,200,150
34,84,B,0.40545,origin/main,200,150
35,84,B,0.401249,origin/main,200,150
36,86,B,0.402744,origin/main,200,150
37,87,B,0.396543,origin/main,200,150
38,88,B,0.39267,origin/main,200,150
39,89,B,0.390711,origin/main,200,150
40,76,A,0.384555,origin/main,200,150
40,90,B,0.390393,origin/main,200,150
41,77,A,0.370468,origin/main,200,150
41,90,B,0.378027,origin/main,200,150
42,92,B,0.380104,origin/main,200,150
43,79,A,0.379364,origin/main,200,150
43,93,B,0.382153,origin/main,200,150
44,93,B,0.380796,origin/main,200,150
45,95,B,0.384871,origin/main,200,150
46,82,A,0.37216,origin/main,200,150
46,96,B,0.385941,origin/main,200,150
47,83,A,0.382725,origin/main,200,150
47,97,B,0.389147,origin/main,200,150
48,84,A,0.392507,origin/main,200,150
48,98,B,0.401473,origin/main,200,150
49,85,A,0.399922,origin/main,200,150
49,98,B,0.403612,origin/main,200,150
50,86,A,0.407065,origin/main,200,150
50,100,B,0.423502,origin/main,200,150
51,87,A,0.415746,origin/main,200,150
51,101,B,0.434589,origin/main,200,150
52,88,A,0.412742,origin/main,200,150
52,102,B,0.433672,origin/main,200,150
53,89,A,0.406652,origin/main,200,150
53,102,B,0.427837,origin/main,200,150
54,104,B,0.433627,origin/main,200,150
55,91,A,0.427639,origin/main,200,150
55,105,B,0.434252,origin/main,200,150
56,92,A,0.431204,origin/main,200,150
56,106,B,0.428649,origin/main,200,150
57,93,A,0.429322,origin/main,200,150
57,107,B,0.422475,origin/main,200,150
58,94,A,0.431261,origin/main,200,150
58,108,B,0.414873,origin/main,200,150
59,109,B,0.395098,origin/main,200,150
60,96,A,0.410411,origin/main,200,150
60,110,B,0.391643,origin/main,200,150
61,97,A,0.402916,origin/main,200,150
61,111,B,0.379435,origin/main,200,150
62,112,B,0.366184,origin/main,200,150
63,112,B,0.356181,origin/main,200,150
64,114,B,0.331281,origin/main,200,150
65,101,A,0.399688,origin/main,200,150
65,115,B,0.314689,origin/main,200,150
66,102,A,0.404089,origin/main,200,150
66,116,B,0.331788,origin/main,200,150
67,116,B,0.323993,origin/main,200,150
68,104,A,0.40096,origin/main,200,150
68,118,B,0.313978,origin/main,200,150
69,105,A,0.400205,origin/main,200,150
69,119,B,0.311082,origin/main,200,150
70,120,B,0.309383,origin/main,200,150
71,120,B,0.310426,origin/main,200,150
72,108,A,0.381205,origin/main,200,150
73,109,A,0.361205,origin/main,200,150
73,123,B,0.286506,origin/main,200,150
74,110,A,0.356513,origin/main,200,150
74,124,B,0.283883,origin/main,200,150
75,124,B,0.2862,origin/main,200,150
76,112,A,0.34103,origin/main,200,150
76,126,B,0.290923,origin/main,200,150
77,127,B,0.29541,origin/main,200,150
78,128,B,0.307562,origin/main,200,150
79,115,A,0.31258,origin/main,200,150
79,129,B,0.322279,origin/main,200,150
80,116,A,0.338691,origin/main,200,150
80,129,B,0.327756,origin/main,200,150
82,118,A,0.328371,origin/main,200,150
83,133,B,0.349739,origin/main,200,150
84,120,A,0.298312,origin/main,200,150
84,134,B,0.346608,origin/main,200,150
85,121,A,0.284984,origin/main,200,150
85,134,B,0.34218,origin/main,200,150
86,122,A,0.269612,origin/main,200,150
87,123,A,0.258465,origin/main,200,150
88,138,B,0.321654,origin/main,200,150
89,139,B,0.315442,origin/main,200,150
90,126,A,0.246403,origin/main,200,150
90,140,B,0.30687,origin/main,200,150
91,127,A,0.259362,origin/main,200,150
91,141,B,0.306381,origin/main,200,150
92,128,A,0.275611,origin/main,200,150
92,141,B,0.304203,origin/main,200,150
93,129,A,0.296205,origin/main,200,150
94,144,B,0.332839,origin/main,200,150
95,145,B,0.345603,origin/main,200,150
96,132,A,0.337207,origin/main,200,150
96,146,B,0.359174,origin/main,200,150
97,133,A,0.327992,origin/main,200,150
97,147,B,0.37029,origin/main,200,150
98,134,A,0.316306,origin/main,200,150
98,147,B,0.360639,origin/main,200,150
99,135,A,0.296397,origin/main,200,150
100,136,A,0.275698,origin/main,200,150
100,150,B,0.365787,origin/main,200,150
101,137,A,0.26089,origin/main,200,150
101,151,B,0.353538,origin/main,200,150
102,138,A,0.257162,origin/main,200,150
102,152,B,0.349524,origin/main,200,150
103,139,A,0.25581,origin/main,200,150
103,153,B,0.347021,origin/main,200,150
104,154,B,0.352645,origin/main,200,150
105,141,A,0.250041,origin/main,200,150
105,155,B,0.365314,origin/main,200,150
106,156,B,0.365379,origin/main,200,150
107,157,B,0.365298,origin/main,200,150
108,144,A,0.317325,origin/main,200,150
108,157,B,0.372652,origin/main,200,150
109,145,A,0.341363,origin/main,200,150
109,159,B,0.366137,origin/main,200,150
110,159,B,0.373436,origin/main,200,150
111,147,A,0.390216,origin/main,200,150
112,148,A,0.417941,origin/main,200,150
112,162,B,0.394352,origin/main,200,150
113,149,A,0.444842,origin/main,200,150
113,163,B,0.410676,origin/main,200,150
114,163,B,0.418934,origin/main,200,150
115,151,A,0.453645,origin/main,200,150
115,165,B,0.420624,origin/main,200,150
116,152,A,0.428722,origin/main,200,150
116,166,B,0.40076,origin/main,200,150
117,167,B,0.400787,origin/main,200,150
118,154,A,0.454665,origin/main,200,150
118,168,B,0.401208,origin/main,200,150
119,169,B,0.401441,origin/main,200,150
120,170,B,0.400926,origin/main,200,150
121,170,B,0.407398,origin/main,200,150
122,158,A,0.472122,origin/main,200,150
122,172,B,0.41293,origin/main,200,150
123,173,B,0.419215,origin/main,200,150
124,160,A,0.492015,origin/main,200,150
124,173,B,0.426828,origin/main,200,150
125,161,A,0.499309,origin/main,200,150
126,162,A,0.484681,origin/main,200,150
127,163,A,0.487539,origin/main,200,150
128,164,A,0.476509,origin/main,200,150
128,178,B,0.40393,origin/main,200,150
129,165,A,0.449171,origin/main,200,150
129,179,B,0.385682,origin/main,200,150
130,166,A,0.422468,origin/main,200,150
130,179,B,0.37392,origin/main,200,150
131,181,B,0.357203,origin/main,200,150
132,182,B,0.356007,origin/main,200,150
133,169,A,0.384474,origin/main,200,150
133,183,B,0.357712,origin/main,200,150
134,170,A,0.373754,origin/main,200,150
134,183,B,0.35639,origin/main,200,150
135,185,B,0.351422,origin/main,200,150
136,185,B,0.354921,origin/main,200,150
137,173,A,0.391968,origin/main,200,150
137,187,B,0.354723,origin/main,200,150
138,188,B,0.352101,origin/main,200,150
139,188,B,0.355415,origin/main,200,150
141,177,A,0.421032,origin/main,200,150
141,191,B,0.339784,origin/main,200,150
142,192,B,0.320445,origin/main,200,150
143,179,A,0.381778,origin/main,200,150
143,193,B,0.316656,origin/main,200,150
144,180,A,0.359693,origin/main,200,150
144,193,B,0.304887,origin/main,200,150
145,195,B,0.320878,origin/main,200,150
146,182,A,0.332808,origin/main,200,150
146,196,B,0.322667,origin/main,200,150
147,183,A,0.310523,origin/main,200,150
147,196,B,0.310767,origin/main,200,150
149,185,A,0.260431,origin/main,200,150
149,199,B,0.273237,origin/main,200,150
150,186,A,0.254237,origin/main,200,150
150,200,B,0.267354,origin/main,200,150
151,187,A,0.262537,origin/main,200,150
151,201,B,0.2671,origin/main,200,150
152,202,B,0.266913,origin/main,200,150
153,203,B,0.279035,origin/main,200,150
154,190,A,0.23492,origin/main,200,150
154,204,B,0.274371,origin/main,200,150
155,191,A,0.214582,origin/main,200,150
155,205,B,0.270041,origin/main,200,150
156,192,A,0.215093,origin/main,200,150
156,205,B,0.275391,origin/main,200,150
157,193,A,0.225089,origin/main,200,150
158,194,A,0.252053,origin/main,200,150
158,208,B,0.300847,origin/main,200,150
159,209,B,0.302596,origin/main,200,150
160,196,A,0.283681,origin/main,200,150
160,210,B,0.288828,origin/main,200,150
161,197,A,0.284073,origin/main,200,150
161,211,B,0.284471,origin/main,200,150
162,198,A,0.275351,origin/main,200,150
162,212,B,0.279514,origin/main,200,150
163,199,A,0.253953,origin/main,200,150
163,213,B,0.265174,origin/main,200,150
164,200,A,0.238772,origin/main,200,150
164,214,B,0.255007,origin/main,200,150
165,201,A,0.240416,origin/main,200,150
165,215,B,0.256856,origin/main,200,150
166,202,A,0.242823,origin/main,200,150
166,216,B,0.275677,origin/main,200,150
167,216,B,0.281216,origin/main,200,150
168,204,A,0.278502,origin/main,200,150
168,218,B,0.276238,origin/main,200,150
169,205,A,0.293026,origin/main,200,150
169,219,B,0.276275,origin/main,200,150
170,205,A,0.300354,origin/main,200,150
170,220,B,0.27869,origin/main,200,150
171,220,B,0.277584,origin/main,200,150
172,208,A,0.316452,origin/main,200,150
173,209,A,0.309832,origin/main,200,150
173,223,B,0.315463,origin/main,200,150
174,210,A,0.287027,origin/main,200,150
174,223,B,0.303403,origin/main,200,150
175,211,A,0.27679,origin/main,200,150
177,213,A,0.268636,origin/main,200,150
178,214,A,0.269671,origin/main,200,150
178,228,B,0.302978,origin/main,200,150
179,215,A,0.270247,origin/main,200,150
179,229,B,0.30355,origin/main,200,150
180,216,A,0.293675,origin/main,200,150
180,230,B,0.303575,origin/main,200,150
181,231,B,0.297182,origin/main,200,150
182,218,A,0.273739,origin/main,200,150
182,231,B,0.295738,origin/main,200,150
183,219,A,0.271366,origin/main,200,150
183,233,B,0.290105,origin/main,200,150
184,234,B,0.289917,origin/main,200,150
185,221,A,0.296579,origin/main,200,150
185,234,B,0.293911,origin/main,200,150
187,223,A,0.33744,origin/main,200,150
187,237,B,0.304159,origin/main,200,150
188,224,A,0.364236,origin/main,200,150
188,237,B,0.309712,origin/main,200,150
189,225,A,0.368571,origin/main,200,150
189,239,B,0.319083,origin/main,200,150
190,239,B,0.325548,origin/main,200,150
191,227,A,0.369601,origin/main,200,150
191,241,B,0.340927,origin/main,200,150
192,228,A,0.370722,origin/main,200,150
192,242,B,0.354474,origin/main,200,150
193,229,A,0.363575,origin/main,200,150
193,243,B,0.354288,origin/main,200,150
194,230,A,0.338902,origin/main,200,150
194,243,B,0.341359,origin/main,200,150
195,231,A,0.313863,origin/main,200,150
195,245,B,0.322669,origin/main,200,150
196,232,A,0.288692,origin/main,200,150
196,246,B,0.308202,origin/main,200,150
197,233,A,0.281049,origin/main,200,150
197,247,B,0.305795,origin/main,200,150
198,234,A,0.282262,origin/main,200,150
198,248,B,0.322383,origin/main,200,150
199,235,A,0.287378,origin/main,200,150
199,248,B,0.328022,origin/main,200,150
200,236,A,0.298024,origin/main,200,150
200,250,B,0.346873,origin/main,200,150
201,237,A,0.314008,origin/main,200,150
201,251,B,0.351572,origin/main,200,150
202,252,B,0.354783,origin/main,200,150
203,253,B,0.34658,origin/main,200,150
204,254,B,0.349973,origin/main,200,150
205,241,A,0.313035,origin/main,200,150
205,255,B,0.343948,origin/main,200,150
206,242,A,0.31116,origin/main,200,150
206,256,B,0.336929,origin/main,200,150
207,243,A,0.305982,origin/main,200,150
207,256,B,0.332815,origin/main,200,150
209,259,B,0.341124,origin/main,200,150
210,246,A,0.310589,origin/main,200,150
210,260,B,0.342692,origin/main,200,150
211,247,A,0.313689,origin/main,200,150
211,261,B,0.343317,origin/main,200,150
212,248,A,0.334891,origin/main,200,150
212,261,B,0.348643,origin/main,200,150
213,249,A,0.347395,origin/main,200,150
214,250,A,0.366365,origin/main,200,150
214,264,B,0.342828,origin/main,200,150
215,251,A,0.371966,origin/main,200,150
215,265,B,0.343436,origin/main,200,150
216,266,B,0.326945,origin/main,200,150
217,267,B,0.327106,origin/main,200,150
218,254,A,0.380912,origin/main,200,150
218,268,B,0.328608,origin/main,200,150
219,255,A,0.387017,origin/main,200,150
219,269,B,0.329736,origin/main,200,150
220,269,B,0.333254,origin/main,200,150
222,272,B,0.30826,origin/main,200,150
223,273,B,0.306446,origin/main,200,150
224,260,A,0.322337,origin/main,200,150
224,273,B,0.29236,origin/main,200,150
225,261,A,0.321673,origin/main,200,150
227,277,B,0.356644,origin/main,200,150
228,278,B,0.375128,origin/main,200,150
229,265,A,0.325645,origin/main,200,150
229,279,B,0.391211,origin/main,200,150
230,279,B,0.397164,origin/main,200,150
231,267,A,0.325007,origin/main,200,150
232,268,A,0.326105,origin/main,200,150
235,285,B,0.401009,origin/main,200,150
236,286,B,0.394089,origin/main,200,150
237,286,B,0.389104,origin/main,200,150
240,276,A,0.383149,origin/main,200,150
241,277,A,0.39143,origin/main,200,150
242,278,A,0.399408,origin/main,200,150
243,279,A,0.414857,origin/main,200,150
244,280,A,0.410732,origin/main,200,150
244,294,B,0.328677,origin/main,200,150
245,281,A,0.406004,origin/main,200,150
245,294,B,0.330948,origin/main,200,150
246,296,B,0.347892,origin/main,200,150
247,297,B,0.353893,origin/main,200,150
248,298,B,0.351065,origin/main,200,150
249,285,A,0.382595,origin/main,200,150
249,299,B,0.352833,origin/main,200,150
250,299,B,0.344206,origin/main,200,150
251,287,A,0.355799,origin/main,200,150
251,301,B,0.352041,origin/main,200,150
252,288,A,0.349283,origin/main,200,150
252,302,B,0.357333,origin/main,200,150
253,303,B,0.361514,origin/main,200,150
254,290,A,0.325115,origin/main,200,150
254,303,B,0.353364,origin/main,200,150
255,291,A,0.320008,origin/main,200,150
255,305,B,0.366519,origin/main,200,150
256,292,A,0.310149,origin/main,200,150
256,306,B,0.367999,origin/main,200,150
257,307,B,0.373205,origin/main,200,150
258,308,B,0.38124,origin/main,200,150
259,309,B,0.383872,origin/main,200,150
260,310,B,0.393605,origin/main,200,150
261,297,A,0.328378,origin/main,200,150
261,310,B,0.398822,origin/main,200,150
262,298,A,0.345219,origin/main,200,150
263,299,A,0.360547,origin/main,200,150
265,301,A,0.383918,origin/main,200,150
265,315,B,0.414178,origin/main,200,150
266,302,A,0.394899,origin/main,200,150
266,316,B,0.414498,origin/main,200,150
267,303,A,0.408079,origin/main,200,150
267,317,B,0.418516,origin/main,200,150
268,317,B,0.425148,origin/main,200,150
269,319,B,0.433093,origin/main,200,150
270,306,A,0.427395,origin/main,200,150
270,320,B,0.420403,origin/main,200,150
271,306,A,0.437703,origin/main,200,150
271,321,B,0.423539,origin/main,200,150
272,321,B,0.431658,origin/main,200,150
274,324,B,0.401846,origin/main,200,150
275,324,B,0.391441,origin/main,200,150
276,326,B,0.378263,origin/main,200,150
277,327,B,0.35954,origin/main,200,150
278,328,B,0.340847,origin/main,200,150
279,329,B,0.324919,origin/main,200,150
280,330,B,0.326159,origin/main,200,150
281,331,B,0.343925,origin/main,200,150
282,332,B,0.330251,origin/main,200,150
283,332,B,0.336065,origin/main,200,150
284,334,B,0.335156,origin/main,200,150
285,335,B,0.338798,origin/main,200,150
286,335,B,0.343839,origin/main,200,150
287,337,B,0.367307,origin/main,200,150
288,338,B,0.386036,origin/main,200,150
289,338,B,0.392704,origin/main,200,150
292,342,B,0.409197,origin/main,200,150
293,343,B,0.409159,origin/main,200,150
294,344,B,0.424825,origin/main,200,150
295,345,B,0.428696,origin/main,200,150
296,346,B,0.43365,origin/main,200,150
297,346,B,0.43192,origin/main,200,150
298,348,B,0.44319,origin/main,200,150
299,349,B,0.447082,origin/main,200,150
300,350,B,0.449564,origin/main,200,150
301,351,B,0.445211,origin/main,200,150
302,352,B,0.436621,origin/main,200,150
303,339,A,0.401687,origin/main,200,150
303,353,B,0.427849,origin/main,200,150
304,340,A,0.391653,origin/main,200,150
304,354,B,0.417514,origin/main,200,150
305,341,A,0.380024,origin/main,200,150
305,355,B,0.420752,origin/main,200,150
306,342,A,0.367368,origin/main,200,150
306,356,B,0.429413,origin/main,200,150
307,343,A,0.344544,origin/main,200,150
307,357,B,0.431635,origin/main,200,150
308,344,A,0.350585,origin/main,200,150
308,358,B,0.436498,origin/main,200,150
309,358,B,0.437581,origin/main,200,150
310,346,A,0.373429,origin/main,200,150
310,360,B,0.433309,origin/main,200,150
311,361,B,0.432955,origin/main,200,150
312,362,B,0.431577,origin/main,200,150
313,363,B,0.433515,origin/main,200,150
314,350,A,0.425707,origin/main,200,150
314,364,B,0.428718,origin/main,200,150
315,351,A,0.427019,origin/main,200,150
315,364,B,0.434891,origin/main,200,150
317,367,B,0.445905,origin/main,200,150
318,354,A,0.405705,origin/main,200,150
318,368,B,0.434613,origin/main,200,150
319,369,B,0.430695,origin/main,200,150
320,370,B,0.427239,origin/main,200,150
321,357,A,0.461057,origin/main,200,150
321,370,B,0.431399,origin/main,200,150
322,372,B,0.423409,origin/main,200,150
323,359,A,0.500226,origin/main,200,150
323,372,B,0.430504,origin/main,200,150
325,375,B,0.447977,origin/main,200,150
326,362,A,0.480061,origin/main,200,150
326,376,B,0.459605,origin/main,200,150
327,363,A,0.486609,origin/main,200,150
327,377,B,0.465774,origin/main,200,150
328,364,A,0.501309,origin/main,200,150
328,377,B,0.474134,origin/main,200,150
329,365,A,0.515462,origin/main,200,150
329,379,B,0.463127,origin/main,200,150
330,366,A,0.529828,origin/main,200,150
330,380,B,0.461815,origin/main,200,150
331,367,A,0.507626,origin/main,200,150
331,380,B,0.452149,origin/main,200,150
332,382,B,0.445743,origin/main,200,150
333,369,A,0.503621,origin/main,200,150
333,383,B,0.44984,origin/main,200,150
334,370,A,0.498882,origin/main,200,150
334,384,B,0.449689,origin/main,200,150
335,371,A,0.494352,origin/main,200,150
335,385,B,0.44717,origin/main,200,150
336,372,A,0.48089,origin/main,200,150
336,385,B,0.445156,origin/main,200,150
337,373,A,0.462114,origin/main,200,150
337,387,B,0.42772,origin/main,200,150
338,374,A,0.461713,origin/main,200,150
338,388,B,0.412283,origin/main,200,150
339,375,A,0.460484,origin/main,200,150
339,389,B,0.394465,origin/main,200,150
340,376,A,0.481289,origin/main,200,150
340,390,B,0.391002,origin/main,200,150
341,377,A,0.483952,origin/main,200,150
341,391,B,0.391594,origin/main,200,150
342,378,A,0.483379,origin/main,200,150
342,392,B,0.39563,origin/main,200,150
343,393,B,0.398142,origin/main,200,150
344,394,B,0.38811,origin/main,200,150
345,395,B,0.375115,origin/main,200,150
346,396,B,0.361217,origin/main,200,150
347,383,A,0.400414,origin/main,200,150
347,397,B,0.356979,origin/main,200,150
348,384,A,0.383526,origin/main,200,150
348,397,B,0.347051,origin/main,200,150
349,399,B,0.352298,origin/main,200,150
350,386,A,0.347089,origin/main,200,150
350,399,B,0.343838,origin/main,200,150
351,387,A,0.35271,origin/main,200,150
351,401,B,0.360382,origin/main,200,150
352,402,B,0.368174,origin/main,200,150
353,402,B,0.374062,origin/main,200,150
354,390,A,0.354832,origin/main,200,150
355,405,B,0.376074,origin/main,200,150
356,392,A,0.320447,origin/main,200,150
356,405,B,0.364826,origin/main,200,150
357,393,A,0.298026,origin/main,200,150
358,394,A,0.28338,origin/main,200,150
358,408,B,0.332554,origin/main,200,150
359,395,A,0.271836,origin/main,200,150
359,408,B,0.325594,origin/main,200,150
360,410,B,0.350756,origin/main,200,150
361,397,A,0.284115,origin/main,200,150
361,411,B,0.349485,origin/main,200,150
362,398,A,0.306041,origin/main,200,150
362,411,B,0.354571,origin/main,200,150
363,413,B,0.345858,origin/main,200,150
364,414,B,0.3391,origin/main,200,150
365,415,B,0.331924,origin/main,200,150
366,402,A,0.314652,origin/main,200,150
366,416,B,0.32403,origin/main,200,150
367,417,B,0.328953,origin/main,200,150
368,404,A,0.340861,origin/main,200,150
368,418,B,0.329534,origin/main,200,150
369,418,B,0.335054,origin/main,200,150
370,420,B,0.339293,origin/main,200,150
371,407,A,0.352578,origin/main,200,150
371,420,B,0.3449,origin/main,200,150
372,408,A,0.357433,origin/main,200,150
372,422,B,0.369232,origin/main,200,150
373,409,A,0.372818,origin/main,200,150
373,423,B,0.379919,origin/main,200,150
374,410,A,0.372343,origin/main,200,150
374,424,B,0.374384,origin/main,200,150
375,425,B,0.373322,origin/main,200,150
376,412,A,0.326588,origin/main,200,150
376,426,B,0.370634,origin/main,200,150
377,427,B,0.383911,origin/main,200,150
378,414,A,0.326434,origin/main,200,150
378,428,B,0.402681,origin/main,200,150
379,415,A,0.333235,origin/main,200,150
379,428,B,0.410537,origin/main,200,150
380,416,A,0.33846,origin/main,200,150
381,417,A,0.348337,origin/main,200,150
382,418,A,0.343985,origin/main,200,150
382,432,B,0.465664,origin/main,200,150
383,433,B,0.472711,origin/main,200,150
384,420,A,0.345554,origin/main,200,150
384,434,B,0.483109,origin/main,200,150
385,421,A,0.370318,origin/main,200,150
385,435,B,0.489835,origin/main,200,150
386,422,A,0.382639,origin/main,200,150
386,436,B,0.494391,origin/main,200,150
387,436,B,0.496811,origin/main,200,150
389,439,B,0.49551,origin/main,200,150
390,426,A,0.452999,origin/main,200,150
390,440,B,0.494122,origin/main,200,150
391,427,A,0.473281,origin/main,200,150
391,440,B,0.499038,origin/main,200,150
392,428,A,0.493172,origin/main,200,150
393,429,A,0.510159,origin/main,200,150
394,430,A,0.525477,origin/main,200,150
394,444,B,0.481472,origin/main,200,150
395,445,B,0.477273,origin/main,200,150
396,446,B,0.473279,origin/main,200,150
397,433,A,0.561152,origin/main,200,150
397,447,B,0.46102,origin/main,200,150
398,434,A,0.557426,origin/main,200,150
398,448,B,0.443621,origin/main,200,150
399,448,B,0.441401,origin/main,200,150
402,452,B,0.423308,origin/main,200,150
403,452,B,0.419239,origin/main,200,150
404,440,A,0.502327,origin/main,200,150
406,456,B,0.404862,origin/main,200,150
407,443,A,0.495252,origin/main,200,150
407,457,B,0.411669,origin/main,200,150
408,458,B,0.419266,origin/main,200,150
409,458,B,0.410141,origin/main,200,150
410,446,A,0.443471,origin/main,200,150
411,461,B,0.399973,origin/main,200,150
412,461,B,0.406477,origin/main,200,150
413,449,A,0.447546,origin/main,200,150
414,450,A,0.453233,origin/main,200,150
414,464,B,0.429029,origin/main,200,150
415,451,A,0.45757,origin/main,200,150
415,464,B,0.432427,origin/main,200,150
416,452,A,0.452537,origin/main,200,150
417,453,A,0.442735,origin/main,200,150
418,454,A,0.440298,origin/main,200,150
418,468,B,0.468529,origin/main,200,150
419,455,A,0.441748,origin/main,200,150
419,468,B,0.475609,origin/main,200,150
420,470,B,0.469723,origin/main,200,150
421,457,A,0.427305,origin/main,200,150
421,471,B,0.458375,origin/main,200,150
422,458,A,0.426924,origin/main,200,150
422,472,B,0.451483,origin/main,200,150
423,459,A,0.408836,origin/main,200,150
423,473,B,0.443817,origin/main,200,150
424,460,A,0.40672,origin/main,200,150
424,473,B,0.439434,origin/main,200,150
425,461,A,0.388969,origin/main,200,150
425,475,B,0.421987,origin/main,200,150
426,462,A,0.371491,origin/main,200,150
426,475,B,0.413048,origin/main,200,150
427,463,A,0.36696,origin/main,200,150
427,477,B,0.403026,origin/main,200,150
428,464,A,0.363028,origin/main,200,150
428,478,B,0.387039,origin/main,200,150
429,479,B,0.373939,origin/main,200,150
430,466,A,0.357103,origin/main,200,150
430,480,B,0.3582,origin/main,200,150
431,467,A,0.359444,origin/main,200,150
431,481,B,0.348663,origin/main,200,150
432,468,A,0.347964,origin/main,200,150
432,482,B,0.332916,origin/main,200,150
433,469,A,0.338848,origin/main,200,150
433,483,B,0.321909,origin/main,200,150
434,470,A,0.326962,origin/main,200,150
434,484,B,0.308794,origin/main,200,150
435,485,B,0.304164,origin/main,200,150
436,486,B,0.313399,origin/main,200,150
437,487,B,0.325414,origin/main,200,150
438,474,A,0.329149,origin/main,200,150
438,488,B,0.341377,origin/main,200,150
439,475,A,0.329004,origin/main,200,150
439,488,B,0.345217,origin/main,200,150
440,476,A,0.336363,origin/main,200,150
441,477,A,0.353661,origin/main,200,150
442,478,A,0.357605,origin/main,200,150
442,492,B,0.351032,origin/main,200,150
443,479,A,0.351797,origin/main,200,150
443,492,B,0.351192,origin/main,200,150
444,480,A,0.354267,origin/main,200,150
444,494,B,0.364184,origin/main,200,150
445,481,A,0.364492,origin/main,200,150
445,495,B,0.372244,origin/main,200,150
446,482,A,0.365218,origin/main,200,150
446,495,B,0.378741,origin/main,200,150
447,497,B,0.401147,origin/main,200,150
448,484,A,0.370166,origin/main,200,150
448,498,B,0.415633,origin/main,200,150
449,499,B,0.425208,origin/main,200,150
450,500,B,0.431566,origin/main,200,150
451,500,B,0.43183,origin/main,200,150
452,502,B,0.42625,origin/main,200,150
453,489,A,0.427017,origin/main,200,150
453,502,B,0.434348,origin/main,200,150
454,490,A,0.42934,origin/main,200,150
455,491,A,0.425465,origin/main,200,150
456,492,A,0.416896,origin/main,200,150
457,493,A,0.414015,origin/main,200,150
457,507,B,0.450766,origin/main,200,150
458,494,A,0.413708,origin/main,200,150
458,508,B,0.439122,origin/main,200,150
459,495,A,0.420802,origin/main,200,150
459,509,B,0.436281,origin/main,200,150
460,496,A,0.429752,origin/main,200,150
460,510,B,0.440044,origin/main,200,150
461,497,A,0.440655,origin/main,200,150
461,511,B,0.452914,origin/main,200,150
462,498,A,0.454908,origin/main,200,150
462,512,B,0.467498,origin/main,200,150
463,499,A,0.458003,origin/main,200,150
463,513,B,0.454901,origin/main,200,150
464,500,A,0.456757,origin/main,200,150
464,514,B,0.441287,origin/main,200,150
465,501,A,0.43819,origin/main,200,150
465,515,B,0.428541,origin/main,200,150
466,502,A,0.420001,origin/main,200,150
466,515,B,0.422032,origin/main,200,150
467,503,A,0.402231,origin/main,200,150
467,517,B,0.420655,origin/main,200,150
468,518,B,0.42129,origin/main,200,150
469,519,B,0.421895,origin/main,200,150
470,506,A,0.427843,origin/main,200,150
470,520,B,0.424412,origin/main,200,150
471,507,A,0.416736,origin/main,200,150
471,521,B,0.43476,origin/main,200,150
472,521,B,0.437817,origin/main,200,150
473,523,B,0.42485,origin/main,200,150
474,524,B,0.420589,origin/main,200,150
475,525,B,0.419829,origin/main,200,150
476,512,A,0.45115,origin/main,200,150
476,526,B,0.416546,origin/main,200,150
477,513,A,0.439008,origin/main,200,150
477,526,B,0.41224,origin/main,200,150
478,514,A,0.438372,origin/main,200,150
479,529,B,0.427941,origin/main,200,150
480,516,A,0.446005,origin/main,200,150
480,530,B,0.445025,origin/main,200,150
481,530,B,0.445614,origin/main,200,150
482,518,A,0.470705,origin/main,200,150
483,533,B,0.48558,origin/main,200,150
484,534,B,0.502452,origin/main,200,150
485,521,A,0.508007,origin/main,200,150
485,534,B,0.508493,origin/main,200,150
486,522,A,0.488205,origin/main,200,150
486,536,B,0.51142,origin/main,200,150
487,536,B,0.501606,origin/main,200,150
489,525,A,0.430727,origin/main,200,150
489,539,B,0.480535,origin/main,200,150
490,526,A,0.430763,origin/main,200,150
490,540,B,0.482897,origin/main,200,150
491,527,A,0.444347,origin/main,200,150
491,540,B,0.492052,origin/main,200,150
493,543,B,0.497443,origin/main,200,150
494,544,B,0.485981,origin/main,200,150
495,531,A,0.476763,origin/main,200,150
495,545,B,0.479139,origin/main,200,150
496,546,B,0.475352,origin/main,200,150
497,533,A,0.48521,origin/main,200,150
497,547,B,0.482745,origin/main,200,150
498,547,B,0.477414,origin/main,200,150
499,549,B,0.484467,origin/main,200,150
500,536,A,0.485988,origin/main,200,150
500,550,B,0.479623,origin/main,200,150
501,551,B,0.485144,origin/main,200,150
502,552,B,0.490426,origin/main,200,150
503,539,A,0.493853,origin/main,200,150
503,553,B,0.500567,origin/main,200,150
504,540,A,0.476779,origin/main,200,150
504,554,B,0.488625,origin/main,200,150
505,554,B,0.478696,origin/main,200,150
506,542,A,0.474161,origin/main,200,150
506,556,B,0.471438,origin/main,200,150
507,543,A,0.478844,origin/main,200,150
507,557,B,0.490818,origin/main,200,150
508,558,B,0.503782,origin/main,200,150
509,545,A,0.480327,origin/main,200,150
509,559,B,0.519449,origin/main,200,150
510,560,B,0.522513,origin/main,200,150
511,561,B,0.507997,origin/main,200,150
512,561,B,0.498773,origin/main,200,150
513,549,A,0.499066,origin/main,200,150
513,563,B,0.487742,origin/main,200,150
514,550,A,0.510002,origin/main,200,150
514,563,B,0.494956,origin/main,200,150
515,564,B,0.506939,origin/main,200,150
517,553,A,0.51322,origin/main,200,150
517,567,B,0.529578,origin/main,200,150
518,554,A,0.506336,origin/main,200,150
518,568,B,0.539722,origin/main,200,150
519,568,B,0.542942,origin/main,200,150
520,556,A,0.493156,origin/main,200,150
521,571,B,0.507437,origin/main,200,150
522,558,A,0.509016,origin/main,200,150
522,571,B,0.514473,origin/main,200,150
526,562,A,0.552805,origin/main,200,150
526,576,B,0.533481,origin/main,200,150
527,576,B,0.533689,origin/main,200,150
528,578,B,0.532396,origin/main,200,150
529,579,B,0.539343,origin/main,200,150
530,579,B,0.529991,origin/main,200,150
531,567,A,0.56568,origin/main,200,150
531,581,B,0.517963,origin/main,200,150
532,568,A,0.56983,origin/main,200,150
532,581,B,0.511317,origin/main,200,150
533,569,A,0.546151,origin/main,200,150
536,586,B,0.43768,origin/main,200,150
537,573,A,0.495182,origin/main,200,150
537,587,B,0.432749,origin/main,200,150
538,588,B,0.427769,origin/main,200,150
539,575,A,0.503872,origin/main,200,150
539,588,B,0.431036,origin/main,200,150
540,576,A,0.501018,origin/main,200,150
541,577,A,0.494226,origin/main,200,150
541,591,B,0.413325,origin/main,200,150
542,578,A,0.494919,origin/main,200,150
542,591,B,0.404706,origin/main,200,150
543,593,B,0.414333,origin/main,200,150
544,594,B,0.430288,origin/main,200,150
545,581,A,0.530686,origin/main,200,150
545,595,B,0.446539,origin/main,200,150
546,596,B,0.45064,origin/main,200,150
547,597,B,0.442073,origin/main,200,150
548,584,A,0.464386,origin/main,200,150
548,597,B,0.432311,origin/main,200,150
549,599,B,0.416025,origin/main,200,150
550,586,A,0.427734,origin/main,200,150
550,599,B,0.413741,origin/main,200,150
551,587,A,0.418131,origin/main,200,150
552,602,B,0.408821,origin/main,200,150
553,589,A,0.385426,origin/main,200,150
553,602,B,0.399926,origin/main,200,150
554,590,A,0.379205,origin/main,200,150
554,604,B,0.408041,origin/main,200,150
555,591,A,0.375959,origin/main,200,150
555,605,B,0.421627,origin/main,200,150
556,592,A,0.373643,origin/main,200,150
556,605,B,0.426028,origin/main,200,150
557,593,A,0.372615,origin/main,200,150
557,607,B,0.433893,origin/main,200,150
558,594,A,0.376715,origin/main,200,150
558,608,B,0.440152,origin/main,200,150
559,609,B,0.427909,origin/main,200,150
560,610,B,0.414183,origin/main,200,150
561,597,A,0.390525,origin/main,200,150
561,611,B,0.415695,origin/main,200,150
562,598,A,0.396897,origin/main,200,150
562,612,B,0.42085,origin/main,200,150
563,599,A,0.399459,origin/main,200,150
563,613,B,0.427338,origin/main,200,150
564,613,B,0.421601,origin/main,200,150
565,615,B,0.413496,origin/main,200,150
566,602,A,0.34935,origin/main,200,150
566,616,B,0.413662,origin/main,200,150
567,603,A,0.32765,origin/main,200,150
567,617,B,0.413621,origin/main,200,150
568,604,A,0.323446,origin/main,200,150
568,617,B,0.401795,origin/main,200,150
569,605,A,0.342772,origin/main,200,150
570,606,A,0.365277,origin/main,200,150
570,620,B,0.435339,origin/main,200,150
571,621,B,0.440178,origin/main,200,150
572,622,B,0.4414,origin/main,200,150
573,609,A,0.40188,origin/main,200,150
573,623,B,0.428277,origin/main,200,150
574,624,B,0.427931,origin/main,200,150
575,624,B,0.436159,origin/main,200,150
577,613,A,0.406632,origin/main,200,150
577,627,B,0.478739,origin/main,200,150
578,614,A,0.397021,origin/main,200,150
578,627,B,0.470946,origin/main,200,150
579,615,A,0.386535,origin/main,200,150
580,616,A,0.402679,origin/main,200,150
581,631,B,0.485164,origin/main,200,150
582,632,B,0.482399,origin/main,200,150
583,619,A,0.468985,origin/main,200,150
583,633,B,0.482496,origin/main,200,150
584,620,A,0.476002,origin/main,200,150
584,634,B,0.482603,origin/main,200,150
585,634,B,0.492349,origin/main,200,150
586,622,A,0.485666,origin/main,200,150
587,637,B,0.534215,origin/main,200,150
588,624,A,0.510845,origin/main,200,150
588,638,B,0.551399,origin/main,200,150
589,638,B,0.562566,origin/main,200,150
591,627,A,0.585079,origin/main,200,150
592,642,B,0.611632,origin/main,200,150
593,629,A,0.606793,origin/main,200,150
593,642,B,0.604563,origin/main,200,150
595,631,A,0.584332,origin/main,200,150
595,645,B,0.5874,origin/main,200,150
596,632,A,0.560761,origin/main,200,150
596,646,B,0.570613,origin/main,200,150
597,646,B,0.570685,origin/main,200,150
598,634,A,0.538567,origin/main,200,150
598,648,B,0.555517,origin/main,200,150
599,635,A,0.559794,origin/main,200,150
599,649,B,0.565709,origin/main,200,150
600,650,B,0.581772,origin/main,200,150
601,637,A,0.590684,origin/main,200,150
601,650,B,0.584296,origin/main,200,150
602,638,A,0.606797,origin/main,200,150
602,652,B,0.606361,origin/main,200,150
603,639,A,0.624668,origin/main,200,150
603,653,B,0.621517,origin/main,200,150
604,640,A,0.628204,origin/main,200,150
604,654,B,0.622444,origin/main,200,150
605,641,A,0.623796,origin/main,200,150
605,655,B,0.610479,origin/main,200,150
606,656,B,0.599386,origin/main,200,150
607,656,B,0.591446,origin/main,200,150
608,658,B,0.568141,origin/main,200,150
609,659,B,0.570682,origin/main,200,150
610,659,B,0.577482,origin/main,200,150
612,648,A,0.583934,origin/main,200,150
613,649,A,0.591641,origin/main,200,150
614,650,A,0.603369,origin/main,200,150
616,666,B,0.515632,origin/main,200,150
617,667,B,0.500489,origin/main,200,150
618,654,A,0.613884,origin/main,200,150
618,668,B,0.49928,origin/main,200,150
619,668,B,0.489345,origin/main,200,150
620,656,A,0.593119,origin/main,200,150
622,658,A,0.593768,origin/main,200,150
622,672,B,0.476287,origin/main,200,150
623,659,A,0.599664,origin/main,200,150
623,672,B,0.483159,origin/main,200,150
624,674,B,0.469509,origin/main,200,150
625,661,A,0.55879,origin/main,200,150
625,675,B,0.455981,origin/main,200,150
626,676,B,0.442301,origin/main,200,150
627,663,A,0.512253,origin/main,200,150
627,677,B,0.444076,origin/main,200,150
628,664,A,0.486118,origin/main,200,150
628,677,B,0.433293,origin/main,200,150
629,665,A,0.4619,origin/main,200,150
629,679,B,0.442003,origin/main,200,150
630,666,A,0.437761,origin/main,200,150
630,679,B,0.433217,origin/main,200,150
631,681,B,0.460595,origin/main,200,150
632,668,A,0.465552,origin/main,200,150
632,682,B,0.479135,origin/main,200,150
633,683,B,0.498602,origin/main,200,150
634,670,A,0.470653,origin/main,200,150
634,684,B,0.51767,origin/main,200,150
635,671,A,0.447905,origin/main,200,150
635,684,B,0.508907,origin/main,200,150
636,672,A,0.428233,origin/main,200,150
636,686,B,0.483829,origin/main,200,150
637,686,B,0.476369,origin/main,200,150
638,674,A,0.397108,origin/main,200,150
638,688,B,0.449349,origin/main,200,150
639,675,A,0.38081,origin/main,200,150
639,689,B,0.432484,origin/main,200,150
640,690,B,0.413168,origin/main,200,150
641,677,A,0.36842,origin/main,200,150
641,690,B,0.407815,origin/main,200,150
642,678,A,0.373105,origin/main,200,150
642,692,B,0.416817,origin/main,200,150
643,679,A,0.373269,origin/main,200,150
643,693,B,0.407685,origin/main,200,150
644,680,A,0.387828,origin/main,200,150
644,693,B,0.408702,origin/main,200,150
645,681,A,0.408214,origin/main,200,150
645,695,B,0.422611,origin/main,200,150
646,695,B,0.429584,origin/main,200,150
647,697,B,0.43259,origin/main,200,150
648,684,A,0.486001,origin/main,200,150
648,698,B,0.450857,origin/main,200,150
649,685,A,0.468781,origin/main,200,150
649,699,B,0.440479,origin/main,200,150
650,686,A,0.443783,origin/main,200,150
650,699,B,0.430349,origin/main,200,150
651,687,A,0.416173,origin/main,200,150
652,688,A,0.388725,origin/main,200,150
652,702,B,0.405219,origin/main,200,150
653,689,A,0.362124,origin/main,200,150
653,703,B,0.403799,origin/main,200,150
654,690,A,0.337542,origin/main,200,150
654,704,B,0.404797,origin/main,200,150
655,691,A,0.358628,origin/main,200,150
655,705,B,0.418137,origin/main,200,150
656,692,A,0.366752,origin/main,200,150
656,706,B,0.432708,origin/main,200,150
657,707,B,0.447318,origin/main,200,150
658,694,A,0.394263,origin/main,200,150
658,708,B,0.46311,origin/main,200,150
659,695,A,0.394925,origin/main,200,150
659,708,B,0.465381,origin/main,200,150
660,710,B,0.49149,origin/main,200,150
661,697,A,0.404362,origin/main,200,150
661,710,B,0.499612,origin/main,200,150
662,698,A,0.429502,origin/main,200,150
662,711,B,0.518664,origin/main,200,150
665,701,A,0.437427,origin/main,200,150
666,702,A,0.463636,origin/main,200,150
668,704,A,0.482657,origin/main,200,150
669,705,A,0.504167,origin/main,200,150
670,706,A,0.52917,origin/main,200,150
671,707,A,0.552871,origin/main,200,150
672,708,A,0.575466,origin/main,200,150
673,709,A,0.591751,origin/main,200,150
674,710,A,0.612695,origin/main,200,150
