start,end,role,l_green,l_full_w0,l_full_w10,l_full_w25,l_full_w50
0,49,B,,0.466334,0.452639,0.450718,0.435043
1,51,B,0.5617570477290352,0.446098,0.449721,0.444926,0.442554
2,52,B,0.5562119930697307,0.437504,0.451293,0.442247,0.439328
3,53,B,0.5384899990085268,0.432972,0.457405,0.439265,0.436224
4,54,B,0.5750829784895348,0.420686,0.463587,0.438377,0.436749
5,55,B,0.5406974173944181,0.40952,0.470304,0.433502,0.433821
6,56,B,0.5174495234270688,0.400122,0.464656,0.428352,0.42977
7,56,B,,0.389597,0.464656,0.428352,0.42977
11,61,B,0.5664499179105067,0.406234,0.441541,0.42392,0.410524
12,62,B,0.54897229610708,0.411923,0.436107,0.420149,0.406859
13,63,B,0.4995128345355715,0.427524,0.436908,0.41632,0.403259
14,64,B,0.5390867012751241,0.44213,0.430764,0.4154,0.399748
15,65,B,0.5022189837843656,0.445674,0.424485,0.41734,0.397106
16,66,B,0.49044732963206805,0.439402,0.416139,0.416606,0.402266
17,67,B,0.4920170768557126,0.445673,0.406465,0.417803,0.398848
18,68,B,0.48971053424743904,0.445303,0.408056,0.421352,0.395468
19,68,B,0.4768596195362492,0.450722,0.412604,0.421352,0.395468
21,71,B,0.4816953396642619,0.444335,0.393931,0.424641,0.385669
22,71,B,0.48433142764732084,0.436763,0.395833,0.424641,0.385669
24,74,B,0.48464542367249264,0.420911,0.409212,0.435043,0.376991
25,75,B,0.4831214684860804,0.405885,0.40081,0.440529,0.374366
26,76,B,0.4864616106889902,0.392167,0.396571,0.437127,0.378188
27,77,B,0.4879760905161493,0.384412,0.394003,0.429762,0.38058
28,78,B,0.48375541879810147,0.369584,0.393016,0.424029,0.385419
29,79,B,0.4997794889008522,0.37353,0.395226,0.422222,0.390121
30,80,B,0.503678826190303,0.373796,0.400638,0.41696,0.394734
31,81,B,0.47066670646184516,0.373799,0.403352,0.40871,0.399222
32,81,B,0.3965024469029872,0.380231,0.397381,0.403587,0.399222
33,83,B,0.38977880590013325,0.388631,0.397159,0.398643,0.39685
34,84,B,0.38985379580121293,0.382925,0.395109,0.39771,0.397603
35,84,B,,0.379166,0.386815,0.396559,0.397603
36,86,B,0.3964523556945915,0.364759,0.379421,0.384469,0.392081
37,87,B,0.3965301840507661,0.351569,0.376241,0.381842,0.389261
38,88,B,0.4157601843284727,0.346504,0.376265,0.38128,0.386521
39,89,B,0.37568292211808185,0.343502,0.387342,0.380082,0.384275
40,76,A,0.49382154491891295,0.370784,0.365478,0.423394,0.378188
40,90,B,0.37667432290542147,0.341889,0.400893,0.373811,0.382143
41,77,A,0.406885007216212,0.350069,0.3669,0.419933,0.38058
41,90,B,,0.328777,0.406469,0.373434,0.382143
42,92,B,0.4133049387946448,0.336628,0.410662,0.376924,0.384289
43,79,A,0.532664538468129,0.359091,0.372795,0.422056,0.390121
43,93,B,0.46476945694918614,0.349624,0.411956,0.375401,0.384789
44,93,B,,0.353504,0.403904,0.377378,0.384789
45,95,B,0.3881191925055546,0.36794,0.398892,0.371495,0.392124
46,82,A,0.3634329209600847,0.353994,0.361048,0.41726,0.3997
46,96,B,0.3763852177682021,0.37251,0.390521,0.369894,0.395855
47,83,A,0.36348794243090254,0.366359,0.360914,0.407805,0.39685
47,97,B,0.3972114605536965,0.376653,0.379804,0.361759,0.399742
48,84,A,0.3634066250455681,0.378922,0.368825,0.397435,0.397603
48,98,B,0.4227515123989798,0.391106,0.375029,0.353231,0.403797
49,85,A,0.3652524575741005,0.37479,0.367615,0.386747,0.394914
49,98,B,,0.393299,0.373442,0.347476,0.403797
50,86,A,0.4059714112229257,0.37038,0.362488,0.375503,0.392081
50,100,B,0.4516607489447001,0.418588,0.358596,0.335208,0.407539
51,87,A,0.4457164560973287,0.36841,0.352121,0.364676,0.384878
51,101,B,0.4937312736957683,0.428155,0.344537,0.334456,0.401374
52,88,A,0.48459556493248135,0.359048,0.366349,0.357393,0.37871
52,102,B,0.5112211247126253,0.42202,0.34231,0.335012,0.396221
53,89,A,0.4929694406236407,0.355387,0.381513,0.346369,0.374163
53,102,B,,0.421117,0.34585,0.328789,0.39423
54,104,B,0.5077897328697805,0.423758,0.338675,0.343703,0.394401
55,91,A,0.49508462617629767,0.377218,0.405589,0.356657,0.365596
55,105,B,0.500723699278228,0.424399,0.338317,0.35325,0.396697
56,92,A,0.49359982210150755,0.381865,0.404847,0.356496,0.366797
56,106,B,0.508290306466072,0.417298,0.350326,0.362915,0.391233
57,93,A,0.4956369414366605,0.390175,0.40347,0.355815,0.363414
57,107,B,0.5103325049499245,0.408428,0.34755,0.366953,0.385129
58,94,A,0.4957804097050722,0.395876,0.408127,0.355479,0.369284
58,108,B,0.49067701619926185,0.396986,0.344264,0.36687,0.38448
59,109,B,0.47598210125661555,0.377166,0.340213,0.362171,0.384051
60,96,A,0.5095150909008141,0.383844,0.400574,0.337641,0.378605
60,110,B,0.48346324819749364,0.372414,0.336315,0.356846,0.387306
61,97,A,0.5022819016696405,0.381566,0.397689,0.330797,0.379711
61,111,B,0.4887418521275412,0.362704,0.333938,0.351038,0.382167
62,112,B,0.4912979995265526,0.351761,0.327961,0.343543,0.380628
63,112,B,,0.341871,0.325957,0.343614,0.382804
64,114,B,0.459136909800667,0.318034,0.321613,0.336188,0.390775
65,101,A,0.489362818359258,0.39245,0.379231,0.31611,0.38901
65,115,B,0.4056325970021456,0.301948,0.320922,0.330339,0.385978
66,102,A,0.4903827240044345,0.392893,0.372811,0.312594,0.386553
66,116,B,0.44713903614509154,0.319911,0.328013,0.321257,0.383238
67,116,B,,0.314417,0.326264,0.322927,0.383961
68,104,A,0.4925024308522725,0.389768,0.354599,0.332803,0.391432
68,118,B,0.52764356842763,0.3055,0.337427,0.333203,0.380416
69,105,A,0.49169912300207197,0.392031,0.338598,0.342458,0.397463
69,119,B,0.5144368838627633,0.304543,0.337427,0.340573,0.379218
70,120,B,0.44597684923372405,0.30202,0.348118,0.34873,0.377811
71,120,B,,0.301475,0.346122,0.350687,0.37927
72,108,A,0.45289307749023744,0.366675,0.333662,0.354005,0.388815
73,109,A,0.41209968317296086,0.345897,0.318727,0.357117,0.382471
73,123,B,0.44610173211489057,0.271921,0.342351,0.371952,0.365778
74,110,A,0.6025805338512267,0.339297,0.303499,0.354222,0.383036
74,124,B,0.5216285040502859,0.267875,0.337275,0.379115,0.36571
75,124,B,,0.268932,0.329116,0.380186,0.361672
76,112,A,0.5981070847610968,0.326495,0.285722,0.349286,0.369648
76,126,B,0.5062103114182572,0.276745,0.323652,0.379012,0.3605
77,127,B,0.5066958947891678,0.285612,0.315319,0.37558,0.356343
78,128,B,0.5209572902536819,0.301419,0.313566,0.371832,0.350055
79,115,A,0.5011550502078941,0.306538,0.274244,0.340303,0.36932
79,129,B,0.5212507342363895,0.313876,0.313945,0.381259,0.348949
80,116,A,0.4817959730181435,0.332852,0.28727,0.340058,0.369063
80,129,B,0.5186388128512849,0.319294,0.316664,0.384127,0.351056
82,118,A,0.48046073479326246,0.327263,0.303052,0.347505,0.368546
83,133,B,0.5165119356146166,0.34511,0.313045,0.37657,0.354631
84,120,A,0.5298530861505701,0.290489,0.320754,0.350608,0.361221
84,134,B,0.4999624541965424,0.341417,0.322403,0.36695,0.348198
85,121,A,0.5054315444228155,0.286753,0.334444,0.358695,0.357197
85,134,B,,0.345632,0.323944,0.368218,0.346728
86,122,A,0.5359881986334298,0.283627,0.338323,0.364291,0.353008
87,123,A,0.527157054836344,0.282077,0.33443,0.369555,0.347623
88,138,B,0.4678106883613381,0.334074,0.364275,0.365005,0.33492
89,139,B,0.4695994647813899,0.328873,0.373287,0.365098,0.331736
90,126,A,0.4808235986867785,0.280306,0.332907,0.356066,0.351581
90,140,B,0.47690981428339396,0.318788,0.377867,0.35613,0.327288
91,127,A,0.48266189110240865,0.289514,0.33272,0.355827,0.344363
91,141,B,0.47978165433902176,0.313303,0.378499,0.355156,0.320785
92,128,A,0.4835809643956396,0.302658,0.329573,0.35004,0.343274
92,141,B,,0.308947,0.38127,0.352793,0.321892
93,129,A,0.48941111639704293,0.309441,0.31944,0.360112,0.342597
94,144,B,0.4966190922638516,0.319122,0.3736,0.347495,0.327055
95,145,B,0.5039019881699316,0.329521,0.385958,0.346232,0.332831
96,132,A,0.41416614862490464,0.333193,0.323426,0.366007,0.346543
96,146,B,0.5087441308472488,0.340587,0.384465,0.343143,0.338396
97,133,A,0.4141725829645121,0.322548,0.329855,0.360558,0.345236
97,147,B,0.4932155648042569,0.351854,0.383098,0.338656,0.339353
98,134,A,0.4143002033867833,0.30991,0.344378,0.352197,0.343563
98,147,B,,0.339592,0.387444,0.334511,0.340087
99,135,A,0.41505686409374576,0.28456,0.355132,0.361016,0.34148
100,136,A,0.4190238368346224,0.257502,0.361326,0.359036,0.339491
100,150,B,0.4902359300844753,0.341559,0.383427,0.342123,0.334182
101,137,A,0.5021325773445262,0.239744,0.372338,0.356556,0.340014
101,151,B,0.5001003963516855,0.329869,0.379074,0.344667,0.333101
102,138,A,0.573075712788691,0.2369,0.380786,0.363535,0.337048
102,152,B,0.4534126332661821,0.32914,0.372004,0.342309,0.330373
103,139,A,0.47422858085829533,0.235646,0.385289,0.371124,0.333671
103,153,B,0.4480148262050946,0.328577,0.373304,0.34029,0.332685
104,154,B,0.4480566466387549,0.338761,0.374488,0.336659,0.33777
105,141,A,0.5090963099697128,0.222918,0.371597,0.366311,0.332626
105,155,B,0.45142496935981224,0.356172,0.368583,0.336239,0.342601
106,156,B,0.48258669910134755,0.356281,0.363106,0.340902,0.346834
107,157,B,0.5500763508443647,0.356181,0.357339,0.34386,0.349672
108,144,A,0.5057536289356939,0.287731,0.361391,0.356534,0.332416
108,157,B,,0.363405,0.348711,0.34085,0.348164
109,145,A,0.46768134590366384,0.313722,0.362332,0.348602,0.332382
109,159,B,0.5332204877993568,0.356733,0.330262,0.330834,0.341046
110,159,B,,0.363935,0.320792,0.332813,0.341714
111,147,A,0.39492877738428733,0.366496,0.333426,0.346176,0.336814
112,148,A,0.4618297465442235,0.394269,0.331415,0.345329,0.332825
112,162,B,0.547863622938046,0.378199,0.305955,0.329792,0.332597
113,149,A,0.5981504774580587,0.422045,0.329815,0.354975,0.326688
113,163,B,0.5370614974817352,0.394975,0.304575,0.329128,0.327027
114,163,B,,0.402975,0.301876,0.329074,0.323497
115,151,A,0.5982489030263158,0.431229,0.337412,0.357215,0.313864
115,165,B,0.5495855629611925,0.410313,0.317575,0.319987,0.315451
116,152,A,0.5737667156294074,0.405711,0.337902,0.353172,0.313229
116,166,B,0.5493385203578274,0.390402,0.324649,0.316572,0.321416
117,167,B,0.5535886676005006,0.390358,0.324616,0.311433,0.317493
118,154,A,0.5976108500610047,0.435963,0.368149,0.338512,0.319921
118,168,B,0.5083123018148246,0.390444,0.324695,0.307449,0.316607
119,169,B,0.5003318155672248,0.390446,0.324767,0.30957,0.316293
120,170,B,0.4911064919530588,0.390443,0.324803,0.315277,0.316475
121,170,B,,0.398403,0.329505,0.314588,0.316393
122,158,A,0.5387401102149005,0.463971,0.3682,0.32697,0.334367
122,172,B,0.5262872220462234,0.391212,0.338594,0.320703,0.324344
123,173,B,0.518408380647391,0.390871,0.338864,0.311224,0.326014
124,160,A,0.4857595139377442,0.490379,0.36815,0.304912,0.327285
124,173,B,,0.398049,0.343733,0.304799,0.326582
125,161,A,0.6147363609241043,0.490292,0.366792,0.293503,0.325721
126,162,A,0.4843752241279562,0.467404,0.349383,0.288769,0.323936
127,163,A,0.47533929286125043,0.471761,0.349752,0.287645,0.322188
128,164,A,0.47532947886245736,0.467938,0.366051,0.286336,0.320658
128,178,B,0.4833453043657776,0.379162,0.32691,0.291484,0.325975
129,165,A,0.47529979263990263,0.440478,0.377076,0.280669,0.318056
129,179,B,0.4877509058894878,0.359443,0.32701,0.294777,0.323628
130,166,A,0.4755064256937168,0.412987,0.385993,0.279269,0.324997
130,179,B,0.5087249191444951,0.346578,0.331746,0.296447,0.325476
131,181,B,0.49682536618960305,0.329772,0.327178,0.311602,0.323289
132,182,B,0.3232020336418924,0.330187,0.327336,0.320293,0.322078
133,169,A,0.47949026882045165,0.372402,0.385535,0.294874,0.318798
133,183,B,0.41118404433736255,0.330154,0.331755,0.322736,0.317812
134,170,A,0.4773804875386467,0.35858,0.384949,0.306345,0.314911
134,183,B,0.41644673864767234,0.326735,0.335996,0.325986,0.315366
135,185,B,0.5098894581726555,0.319565,0.35877,0.32296,0.312795
136,185,B,,0.325892,0.351566,0.326219,0.314127
137,173,A,0.5107196202715154,0.358959,0.374199,0.321816,0.334271
137,187,B,0.37059237574789383,0.324067,0.355801,0.323015,0.318576
138,188,B,0.37739105530949857,0.324182,0.341583,0.323023,0.318668
139,188,B,0.4378880003400276,0.329279,0.332156,0.326256,0.318563
141,177,A,0.5634695292934131,0.408545,0.307751,0.309344,0.332687
141,191,B,0.3999923958017618,0.319841,0.29939,0.322169,0.31535
142,192,B,0.40016204555959756,0.300244,0.292942,0.322152,0.317228
143,179,A,0.5343387950872931,0.36869,0.299551,0.328306,0.323458
143,193,B,0.4022753866137534,0.298115,0.304261,0.32216,0.31337
144,180,A,0.5292377042505328,0.343964,0.290725,0.337862,0.317792
144,193,B,0.4057392736251604,0.285903,0.301458,0.325414,0.310241
145,195,B,0.407874649378404,0.301034,0.320114,0.323703,0.306194
146,182,A,0.5300595352078559,0.318748,0.290326,0.359584,0.311985
146,196,B,0.41272058578760773,0.302091,0.334184,0.333514,0.304064
147,183,A,0.506139644233677,0.29241,0.296461,0.362429,0.30903
147,196,B,,0.288518,0.338942,0.336864,0.303394
149,185,A,0.3753449024052845,0.236938,0.330275,0.361825,0.295535
149,199,B,0.3830907440230926,0.249685,0.34926,0.362646,0.299538
150,186,A,0.343730765167094,0.226759,0.346418,0.361296,0.290303
150,200,B,0.36923601341945134,0.242399,0.348055,0.363581,0.299262
151,187,A,0.2963855080930812,0.231686,0.351132,0.351372,0.291481
151,201,B,0.3041116235190259,0.241278,0.347014,0.355047,0.29635
152,202,B,0.2628794918908156,0.239959,0.332867,0.348229,0.296802
153,203,B,0.26219812624245054,0.25439,0.326368,0.338254,0.297347
154,190,A,0.2919759673244534,0.199985,0.309455,0.320486,0.290561
154,204,B,0.26419755328420114,0.250793,0.313582,0.328504,0.299962
155,191,A,0.34414138088993174,0.172458,0.292809,0.320516,0.291635
155,205,B,0.3000583235866202,0.247231,0.30042,0.318695,0.300057
156,192,A,0.4268474037195883,0.172542,0.276278,0.309097,0.297548
156,205,B,,0.252076,0.291196,0.311988,0.302042
157,193,A,0.46830299846258405,0.182243,0.273524,0.30373,0.298753
158,194,A,0.480279880289447,0.209764,0.270315,0.3035,0.299213
158,208,B,0.4233045577134603,0.289319,0.273134,0.304163,0.305269
159,209,B,0.4356469875499842,0.289237,0.25886,0.299201,0.305453
160,196,A,0.4557292323030303,0.236081,0.278303,0.31051,0.300053
160,210,B,0.4417763073885941,0.269267,0.255785,0.299486,0.305451
161,197,A,0.40372504570402157,0.244261,0.292834,0.321993,0.300968
161,211,B,0.44688894575012195,0.268419,0.268941,0.302111,0.305451
162,198,A,0.3960067841129379,0.243506,0.295861,0.333547,0.308158
162,212,B,0.4573386251441004,0.26783,0.282085,0.310106,0.305459
163,199,A,0.39873808531793065,0.220253,0.29469,0.345019,0.311998
163,213,B,0.4889137589740399,0.251072,0.295056,0.310966,0.305466
164,200,A,0.44878308642869835,0.196429,0.276857,0.345809,0.318904
164,214,B,0.5148977959710277,0.233855,0.295023,0.312842,0.305448
165,201,A,0.47029095518032926,0.196459,0.259061,0.344842,0.31973
165,215,B,0.5465842457121641,0.234092,0.282771,0.314382,0.304861
166,202,A,0.4986458039679085,0.196764,0.258928,0.343957,0.313742
166,216,B,0.6129202938481566,0.253936,0.282667,0.316373,0.298233
167,216,B,,0.259115,0.286762,0.309542,0.300218
168,204,A,0.5215252626075535,0.242003,0.258954,0.327339,0.321698
168,218,B,0.6048622365187823,0.253877,0.28269,0.311663,0.298243
169,205,A,0.6320291202203847,0.264828,0.258692,0.317018,0.322754
169,219,B,0.5229207903103921,0.25389,0.282505,0.303346,0.298505
170,205,A,,0.272393,0.245216,0.309728,0.325143
170,220,B,0.562390873730038,0.256963,0.268349,0.294531,0.305108
171,220,B,,0.261801,0.271574,0.288042,0.307153
172,208,A,0.6218730332537574,0.322454,0.257198,0.284132,0.328571
173,209,A,0.6216471148642051,0.322534,0.242233,0.272523,0.328487
173,223,B,0.5707709521392403,0.315251,0.255434,0.277158,0.311512
174,210,A,0.6245071367348113,0.297217,0.22958,0.26163,0.328225
174,223,B,,0.303056,0.246639,0.269857,0.31334
175,211,A,0.6256760505340951,0.28016,0.247044,0.260502,0.327868
177,213,A,0.652868699501705,0.266297,0.282691,0.269395,0.316578
178,214,A,0.6492165572300779,0.266122,0.300431,0.271379,0.309227
178,228,B,0.488631764921007,0.297346,0.2607,0.281731,0.326767
179,215,A,0.6509085733343083,0.26638,0.302969,0.262538,0.301991
179,229,B,0.5717405197402072,0.297566,0.264441,0.280563,0.326767
180,216,A,0.6506854484129614,0.29377,0.303013,0.254114,0.294723
180,230,B,0.5715103895310903,0.297618,0.267865,0.272,0.320234
181,231,B,0.5204061258790396,0.288062,0.271515,0.274279,0.313723
182,218,A,0.6309246597929812,0.266986,0.302334,0.265364,0.284127
182,231,B,,0.284081,0.27515,0.277048,0.312725
183,219,A,0.48936881115444975,0.26648,0.302227,0.266108,0.284264
183,233,B,0.42127021753782823,0.278172,0.284855,0.279826,0.316944
184,234,B,0.37309067949851626,0.278153,0.272742,0.279812,0.313679
185,221,A,0.5915527913723094,0.297934,0.275147,0.255518,0.287907
185,234,B,,0.283821,0.267746,0.272539,0.315551
187,223,A,0.5924503579082432,0.346714,0.266312,0.267437,0.294896
187,237,B,0.3117078632830689,0.296144,0.260228,0.269089,0.313437
188,224,A,0.6185938508942375,0.37396,0.2662,0.263755,0.301924
188,237,B,,0.301844,0.263886,0.263334,0.315466
189,225,A,0.6126159663339673,0.377719,0.26722,0.264684,0.30848
189,239,B,0.37981480334051065,0.30285,0.281461,0.252091,0.312881
190,239,B,,0.308961,0.285449,0.254602,0.314406
191,227,A,0.6290420852297451,0.37745,0.277727,0.269172,0.321862
191,241,B,0.4351104505136838,0.312906,0.290911,0.252148,0.311864
192,228,A,0.6352517751504307,0.37716,0.270833,0.271511,0.321909
192,242,B,0.4350895705650749,0.328819,0.286599,0.252158,0.305261
193,229,A,0.6361754110090343,0.367928,0.275172,0.28173,0.325852
193,243,B,0.4350331850553253,0.325211,0.289203,0.252143,0.302305
194,230,A,0.6324501956825953,0.340631,0.27941,0.283398,0.319332
194,243,B,,0.311611,0.293359,0.254688,0.298318
195,231,A,0.5403783397789246,0.313335,0.284321,0.286162,0.312489
195,245,B,0.42541313972724626,0.288027,0.303831,0.262441,0.2947
196,232,A,0.5893451007365682,0.286002,0.298714,0.291475,0.312644
196,246,B,0.4781440050850686,0.269513,0.307192,0.262613,0.29261
197,233,A,0.5283390578966634,0.276603,0.297483,0.292151,0.305593
197,247,B,0.48472930865364483,0.265203,0.310603,0.262569,0.289755
198,234,A,0.45640559104064815,0.276514,0.29834,0.292217,0.298299
198,248,B,0.488126695732355,0.284667,0.311491,0.271833,0.288089
199,235,A,0.41288029995828945,0.27822,0.299198,0.281644,0.290975
199,248,B,,0.290441,0.315904,0.265359,0.283311
200,236,A,0.3716072908740725,0.285645,0.300281,0.274469,0.288326
200,250,B,0.48767523156050596,0.313827,0.311801,0.275861,0.28752
201,237,A,0.3577288059096403,0.307889,0.302348,0.268674,0.287889
201,251,B,0.4878455139150273,0.317902,0.311678,0.280764,0.289644
202,252,B,0.4879034107821213,0.321307,0.311513,0.290656,0.29251
203,253,B,0.4880383993860432,0.309072,0.306538,0.30057,0.297191
204,254,B,0.48872634846133445,0.310333,0.292374,0.31043,0.29572
205,241,A,0.31987446377677253,0.263673,0.30787,0.268531,0.27203
205,255,B,0.48842973241225496,0.296769,0.27838,0.310465,0.29419
206,242,A,0.31449847171206935,0.25851,0.293434,0.262934,0.271975
206,256,B,0.4825771479363544,0.281636,0.264261,0.305698,0.29831
207,243,A,0.3581967746235859,0.238917,0.290952,0.257348,0.272065
207,256,B,,0.26954,0.26316,0.303906,0.300311
209,259,B,0.5351521319406384,0.270388,0.259926,0.310393,0.308718
210,246,A,0.45886419876962925,0.236422,0.313336,0.269502,0.274161
210,260,B,0.5852472604278536,0.270431,0.274013,0.310428,0.306042
211,247,A,0.4951295836800804,0.239794,0.321768,0.269662,0.277787
211,261,B,0.6020419682446223,0.270371,0.274479,0.310491,0.306595
212,248,A,0.4948266106306194,0.266891,0.32298,0.277935,0.283066
212,261,B,,0.27584,0.278296,0.311223,0.308438
213,249,A,0.6297594120180767,0.281371,0.308973,0.288984,0.282093
214,250,A,0.6297411050385702,0.307502,0.294392,0.300135,0.279997
214,264,B,0.6726759203186482,0.270326,0.278601,0.307905,0.303165
215,251,A,0.6247152683615649,0.312861,0.279722,0.311606,0.282758
215,265,B,0.668967175824565,0.270178,0.28066,0.307963,0.304366
216,266,B,0.6897311462148561,0.25036,0.280596,0.307875,0.305125
217,267,B,0.7136678675690085,0.250371,0.282278,0.30777,0.306424
218,254,A,0.6726106601666921,0.320414,0.241996,0.341978,0.298018
218,268,B,0.7047968700817087,0.250408,0.293029,0.304401,0.310788
219,255,A,0.6733390674151146,0.324382,0.241675,0.330562,0.303682
219,269,B,0.7196830429363804,0.251178,0.306831,0.29463,0.312954
220,269,B,0.7163176831746172,0.253167,0.311258,0.287632,0.315054
222,272,B,0.5030436717449123,0.229416,0.32064,0.289856,0.316517
223,273,B,0.4975609269313579,0.228415,0.320744,0.297308,0.317735
224,260,A,0.6737824125879086,0.232609,0.259993,0.314981,0.317227
224,273,B,,0.212715,0.325371,0.300293,0.313741
225,261,A,0.7907624631916768,0.228666,0.260382,0.315028,0.313632
227,277,B,0.6242182340837978,0.28386,0.306627,0.318786,0.310253
228,278,B,0.6148271527193152,0.303794,0.306616,0.318592,0.310431
229,265,A,0.7862588034023978,0.228341,0.294384,0.296002,0.320147
229,279,B,0.6097052275999072,0.323293,0.306634,0.318183,0.310557
230,279,B,,0.32971,0.30885,0.313095,0.312599
231,267,A,0.7934202802030991,0.228032,0.309505,0.274912,0.318824
232,268,A,0.853737298184829,0.22795,0.309541,0.26489,0.320117
235,285,B,0.5672365253062271,0.341448,0.255844,0.32443,0.320325
236,286,B,0.5989119533240821,0.336184,0.264714,0.325682,0.325338
237,286,B,,0.32661,0.268548,0.328948,0.325925
240,276,A,0.6251840440111094,0.317203,0.306399,0.311053,0.332784
241,277,A,0.628024871853779,0.33711,0.306331,0.30541,0.332746
242,278,A,0.6275685781661101,0.342403,0.306231,0.31463,0.332905
243,279,A,0.6283229756956137,0.365265,0.306233,0.323681,0.33052
244,280,A,0.6297511097249939,0.363737,0.306371,0.332631,0.323599
244,294,B,0.41839713135488443,0.282585,0.335985,0.342486,0.350592
245,281,A,0.6280961896037223,0.362372,0.305247,0.338144,0.323593
245,294,B,,0.287228,0.339939,0.344393,0.346318
246,296,B,0.4081557582390192,0.306226,0.351174,0.336692,0.339523
247,297,B,0.39611353333889565,0.314509,0.352091,0.326915,0.337751
248,298,B,0.39713444328428094,0.309949,0.357508,0.318977,0.339263
249,285,A,0.6313680105122023,0.342625,0.292223,0.317388,0.324222
249,299,B,0.3897662345186852,0.313635,0.357285,0.310618,0.341045
250,299,B,0.3848036510447784,0.300807,0.358989,0.312318,0.343302
251,287,A,0.6177409494230892,0.310941,0.30378,0.317879,0.336969
251,301,B,0.3813417624237897,0.309751,0.360312,0.316615,0.341467
252,288,A,0.5578782984347741,0.305907,0.302733,0.320336,0.343031
252,302,B,0.38268753218273754,0.316265,0.349597,0.316653,0.341715
253,303,B,0.3965098013792232,0.328111,0.350204,0.316973,0.336591
254,290,A,0.477900049892538,0.276097,0.32148,0.333276,0.342135
254,303,B,,0.316783,0.35434,0.320003,0.333346
255,291,A,0.39129899547137426,0.272113,0.327266,0.334497,0.341987
255,305,B,0.4379792233279627,0.33857,0.364667,0.317468,0.326382
256,292,A,0.34525202985774717,0.265573,0.335177,0.336709,0.335755
256,306,B,0.4386598121052253,0.346372,0.36538,0.327285,0.326402
257,307,B,0.4374781909485497,0.354227,0.366384,0.328209,0.327203
258,308,B,0.4829200441019381,0.362173,0.361828,0.328726,0.329896
259,309,B,0.5094663007196715,0.36653,0.359011,0.335478,0.331725
260,310,B,0.5023281781553529,0.378429,0.35298,0.340783,0.33222
261,297,A,0.46132898369302744,0.301097,0.354202,0.350835,0.338493
261,310,B,,0.386144,0.355078,0.341478,0.334427
262,298,A,0.5054917716467235,0.321891,0.359469,0.343863,0.340178
263,299,A,0.5248840813971052,0.341485,0.360275,0.344615,0.342149
265,301,A,0.47581636747654465,0.367823,0.354923,0.347439,0.342558
265,315,B,0.5399169467450416,0.408828,0.336793,0.364917,0.343587
266,302,A,0.46463568800839805,0.381869,0.35172,0.344282,0.335618
266,316,B,0.4734355629499537,0.411079,0.343147,0.37018,0.337505
267,303,A,0.513042116297663,0.403879,0.346984,0.33528,0.335939
267,317,B,0.44241654639039985,0.414956,0.336393,0.363564,0.337553
268,317,B,,0.423368,0.340124,0.365529,0.339813
269,319,B,0.35898629680231975,0.433795,0.335706,0.372551,0.337606
270,306,A,0.5401664747544528,0.43568,0.367254,0.34427,0.342943
270,320,B,0.35597230853262996,0.424381,0.336375,0.374417,0.336776
271,306,A,0.5147908805699344,0.447068,0.373925,0.347567,0.338213
271,321,B,0.35377805478744373,0.424353,0.350464,0.374528,0.330893
272,321,B,,0.43268,0.355524,0.37705,0.326422
274,324,B,0.4390876778298929,0.393435,0.362262,0.364028,0.324869
275,324,B,,0.38175,0.367397,0.358188,0.326094
276,326,B,0.37315159134563347,0.369208,0.381389,0.353249,0.33678
277,327,B,0.4325052578261489,0.349446,0.395488,0.35192,0.34158
278,328,B,0.4462951628832823,0.330152,0.407385,0.35035,0.341703
279,329,B,0.4994798089022683,0.310813,0.417925,0.341855,0.341707
280,330,B,0.5430141502996728,0.311624,0.41426,0.341189,0.341859
281,331,B,0.5424357927171595,0.331237,0.425183,0.348784,0.341975
282,332,B,0.5226973701654709,0.31404,0.427048,0.353962,0.346819
283,332,B,,0.32028,0.419478,0.35674,0.349134
284,334,B,0.535297313733456,0.328323,0.41585,0.362394,0.351801
285,335,B,0.5288489300567778,0.340117,0.405502,0.363114,0.352834
286,335,B,,0.346879,0.397032,0.366778,0.353377
287,337,B,0.5134383876082115,0.374776,0.379325,0.365692,0.354114
288,338,B,0.526936566439166,0.391485,0.36836,0.365786,0.357697
289,338,B,0.4810449017305831,0.399432,0.359321,0.369479,0.358339
292,342,B,0.42230899905098707,0.440406,0.345847,0.381145,0.356557
293,343,B,0.4867148028989696,0.443328,0.346362,0.381174,0.356737
294,344,B,0.5773606074986608,0.462516,0.346731,0.380821,0.358888
295,345,B,0.5864621908298723,0.453796,0.347775,0.371205,0.360507
296,346,B,0.570085708020442,0.442829,0.361897,0.371824,0.361979
297,346,B,,0.440868,0.367127,0.375415,0.363571
298,348,B,0.5414268633970483,0.423174,0.385379,0.373121,0.366889
299,349,B,0.5415682226981824,0.414422,0.38964,0.373403,0.369055
300,350,B,0.523233190389585,0.403956,0.390588,0.37309,0.368496
301,351,B,0.5146692253860041,0.396748,0.394191,0.373159,0.372602
302,352,B,0.5132848576287299,0.387575,0.394258,0.37044,0.377111
303,339,A,0.6002344036112686,0.409922,0.429145,0.352691,0.357542
303,353,B,0.5461866136649287,0.372589,0.394231,0.360657,0.381429
304,340,A,0.5899606254855418,0.408668,0.429848,0.349823,0.35124
304,354,B,0.5422342428185256,0.357678,0.404212,0.350914,0.378972
305,341,A,0.5941461924766662,0.409536,0.418079,0.350639,0.355502
305,355,B,0.5421145071322337,0.343809,0.405179,0.351133,0.378206
306,342,A,0.5956224170022384,0.396176,0.40781,0.350662,0.358148
306,356,B,0.5533362938584748,0.351197,0.397416,0.351295,0.376777
307,343,A,0.5425194428505086,0.376427,0.398977,0.339589,0.356083
307,357,B,0.5243251294622675,0.353698,0.38983,0.349039,0.373949
308,344,A,0.49935622242902045,0.390251,0.386188,0.339539,0.358352
308,358,B,0.47424696033082936,0.35718,0.379199,0.355037,0.37382
309,358,B,,0.35944,0.374454,0.358544,0.376137
310,346,A,0.5259564019940313,0.375582,0.382449,0.340893,0.362401
310,360,B,0.5152419474410447,0.347799,0.361333,0.358527,0.386642
311,361,B,0.5270057394120133,0.350276,0.357333,0.363614,0.387358
312,362,B,0.5269811182190474,0.349247,0.357416,0.371121,0.387554
313,363,B,0.5345666840492397,0.345228,0.354401,0.377466,0.387628
314,350,A,0.5245438771923652,0.355629,0.374625,0.375931,0.388442
314,364,B,0.5248628781768987,0.34052,0.357486,0.378122,0.388705
315,351,A,0.5220086576397622,0.351045,0.365374,0.387416,0.394444
315,364,B,0.508394312635145,0.343721,0.351501,0.381849,0.391261
317,367,B,0.5390986848417564,0.347334,0.362969,0.391475,0.394005
318,354,A,0.48709636457526795,0.327668,0.34318,0.396063,0.410737
318,368,B,0.4983518870520396,0.334268,0.356463,0.39331,0.394744
319,369,B,0.450215009306802,0.327846,0.353196,0.39704,0.395261
320,370,B,0.4104508577426974,0.318028,0.345099,0.393242,0.391363
321,357,A,0.508630384244777,0.36067,0.340677,0.389906,0.403661
321,370,B,0.4194332673589295,0.32379,0.348236,0.390917,0.393741
322,372,B,0.4580210866443597,0.329164,0.353205,0.393404,0.401952
323,359,A,0.5644472153838824,0.380826,0.336028,0.38365,0.404151
323,372,B,,0.331685,0.355259,0.389803,0.398278
325,375,B,0.4308828387466178,0.370825,0.347849,0.399576,0.400453
326,362,A,0.5297718395014429,0.364955,0.325222,0.38161,0.390902
326,376,B,0.4319529863840551,0.37711,0.353614,0.404028,0.400405
327,363,A,0.5239073880548322,0.365138,0.332141,0.383093,0.383698
327,377,B,0.5521534323654382,0.391434,0.361567,0.407534,0.400442
328,364,A,0.4873874488657477,0.383994,0.338146,0.374653,0.377541
328,377,B,,0.39872,0.357257,0.403634,0.396424
329,365,A,0.4960342172623097,0.404005,0.349033,0.365895,0.371434
329,379,B,0.5724981004799182,0.391016,0.357543,0.405441,0.399067
330,366,A,0.5276417993646492,0.404827,0.357547,0.365346,0.372536
330,380,B,0.48396683575519706,0.390641,0.350486,0.398024,0.405309
331,367,A,0.5268331069112915,0.377642,0.369769,0.364994,0.376053
331,380,B,0.4961029874661803,0.378479,0.355048,0.395702,0.407989
332,382,B,0.45253479623015724,0.384038,0.368569,0.383811,0.410794
333,369,A,0.4823905450760477,0.373696,0.366439,0.356131,0.370643
333,383,B,0.4787694400641096,0.395129,0.36843,0.379643,0.414834
334,370,A,0.47269009349629676,0.355707,0.364115,0.35673,0.373571
334,384,B,0.49532562228223764,0.384448,0.371656,0.386906,0.419656
335,371,A,0.4733100822726495,0.34197,0.363404,0.353082,0.38084
335,385,B,0.4937141335214711,0.376937,0.375026,0.390749,0.422193
336,372,A,0.4732032407402791,0.335254,0.364293,0.361979,0.38555
336,385,B,,0.369229,0.370569,0.393397,0.424968
337,373,A,0.4732447309608234,0.323987,0.375081,0.372292,0.392605
337,387,B,0.3627727862391469,0.367465,0.382055,0.390262,0.426602
338,374,A,0.47310783139325385,0.328422,0.377015,0.379684,0.397815
338,388,B,0.42017975291219745,0.363447,0.395069,0.388271,0.426654
339,375,A,0.47251134574622233,0.3328,0.380462,0.378633,0.405066
339,389,B,0.4269071993752591,0.34926,0.406814,0.380401,0.426702
340,376,A,0.47176485993578565,0.340098,0.388803,0.386081,0.412224
340,390,B,0.4005589465159096,0.335098,0.418355,0.38018,0.426645
341,377,A,0.47153893193481666,0.337832,0.384609,0.394729,0.419559
341,391,B,0.374160656694557,0.333529,0.416034,0.380637,0.42666
342,378,A,0.554090288658231,0.334329,0.394189,0.402334,0.426739
342,392,B,0.3612790861404137,0.342544,0.426885,0.383529,0.426715
343,393,B,0.3556437303105565,0.343291,0.438249,0.378076,0.427487
344,394,B,0.35778696507117946,0.331564,0.435932,0.375994,0.427494
345,395,B,0.36356991981595543,0.332689,0.427862,0.374854,0.423017
346,396,B,0.40606127108135825,0.336882,0.417418,0.384422,0.418922
347,383,A,0.3599914628046572,0.331226,0.368188,0.392098,0.443548
347,397,B,0.4186689001013222,0.353268,0.404052,0.390721,0.415385
348,384,A,0.4502782582786282,0.328757,0.360189,0.401017,0.44341
348,397,B,,0.355752,0.397799,0.39259,0.41314
349,399,B,0.4292125599881672,0.379109,0.395761,0.403739,0.407525
350,386,A,0.416006213230403,0.340221,0.343608,0.411095,0.439268
350,399,B,,0.385747,0.390857,0.407191,0.406386
351,387,A,0.40094593405279544,0.360584,0.345252,0.403514,0.438946
351,401,B,0.42813744195404024,0.411307,0.389399,0.416003,0.404492
352,402,B,0.43007037665031445,0.427492,0.387737,0.42594,0.401202
353,402,B,,0.435313,0.391059,0.429895,0.398568
354,390,A,0.3842294313980561,0.377308,0.369741,0.406679,0.423783
355,405,B,0.4306109989307888,0.452239,0.3729,0.452151,0.387252
356,392,A,0.3225281069068182,0.384158,0.394116,0.402109,0.413598
356,405,B,,0.441115,0.377216,0.446753,0.385637
357,393,A,0.30780520041170867,0.361974,0.407948,0.402288,0.408147
358,394,A,0.3117486272940728,0.354674,0.413002,0.403024,0.404759
358,408,B,0.4996309480580773,0.402107,0.378277,0.464779,0.387126
359,395,A,0.32335264519703755,0.354608,0.408712,0.399878,0.402994
359,408,B,,0.404184,0.379861,0.462638,0.388071
360,410,B,0.49984139838644936,0.433698,0.381136,0.463231,0.387383
361,397,A,0.35541736839763205,0.378234,0.408775,0.403291,0.397776
361,411,B,0.49901504865321666,0.430805,0.395048,0.459044,0.3872
362,398,A,0.5404956023993889,0.4043,0.408975,0.40297,0.397416
362,411,B,,0.439453,0.400072,0.4537,0.389407
363,413,B,0.5059976363976586,0.431314,0.416722,0.444238,0.394268
364,414,B,0.4424639733928092,0.420282,0.426365,0.43656,0.393311
365,415,B,0.43097637086342255,0.408605,0.439382,0.429225,0.397037
366,402,A,0.6119291472479752,0.455358,0.425788,0.40912,0.392453
366,416,B,0.43021764476823443,0.410199,0.439173,0.421233,0.401226
367,417,B,0.4725503929100081,0.419724,0.439219,0.41987,0.405573
368,404,A,0.6648358975354682,0.492857,0.399522,0.426321,0.386411
368,418,B,0.5826396295122306,0.421883,0.443911,0.419566,0.402589
369,418,B,,0.430412,0.445992,0.413967,0.403109
370,420,B,0.6233788428114357,0.43168,0.463571,0.407628,0.399941
371,407,A,0.609643680844405,0.492097,0.402685,0.443089,0.38923
371,420,B,,0.438468,0.466631,0.410987,0.402385
372,408,A,0.6096380641820793,0.479506,0.404588,0.449367,0.395772
372,422,B,0.6233781035699297,0.452278,0.485389,0.406307,0.402689
373,409,A,0.6089891633566904,0.490345,0.406487,0.455175,0.395451
373,423,B,0.6256614871023674,0.459838,0.494014,0.404086,0.402405
374,410,A,0.6070762894514274,0.489997,0.401002,0.456519,0.399566
374,424,B,0.6251773331527348,0.454108,0.494269,0.404076,0.402022
375,425,B,0.6281109999766965,0.455178,0.489114,0.406121,0.40201
376,412,A,0.6292059137778734,0.440188,0.415581,0.46348,0.397524
376,426,B,0.6031641984621252,0.454896,0.49277,0.408365,0.398659
377,427,B,0.5837162116537487,0.460447,0.497446,0.408015,0.404346
378,414,A,0.5834414552463307,0.424439,0.445146,0.462601,0.410254
378,428,B,0.5801064495437556,0.479607,0.497477,0.407788,0.404874
379,415,A,0.5667782517124575,0.428434,0.462722,0.462217,0.415529
379,428,B,,0.489032,0.50463,0.411566,0.407423
380,416,A,0.566548286617066,0.43199,0.47975,0.461351,0.420617
381,417,A,0.5672432642276177,0.444824,0.495797,0.449877,0.419591
382,418,A,0.5703438019014341,0.427636,0.504118,0.439804,0.420423
382,432,B,0.5799577577180295,0.534304,0.488592,0.399511,0.402625
383,433,B,0.5806111145623724,0.534429,0.482102,0.4021,0.403011
384,420,A,0.6000882436550821,0.421307,0.507231,0.429003,0.418347
384,434,B,0.5779575892271069,0.546196,0.468106,0.400716,0.398941
385,421,A,0.5829859127386829,0.44282,0.506638,0.428231,0.416621
385,435,B,0.6422486090675792,0.549526,0.454843,0.407175,0.396069
386,422,A,0.6315735622205523,0.446482,0.504645,0.425392,0.411869
386,436,B,0.6686939138879114,0.545895,0.440733,0.405662,0.397239
387,436,B,,0.541694,0.436683,0.409689,0.393273
389,439,B,0.5669403501428472,0.52386,0.433976,0.419707,0.397232
390,426,A,0.7204672858768222,0.506483,0.527422,0.417283,0.39108
390,440,B,0.5231120462205667,0.523351,0.437215,0.419678,0.393104
391,427,A,0.6886964074235113,0.514107,0.533012,0.416509,0.391487
391,440,B,,0.519271,0.44323,0.423109,0.390362
392,428,A,0.7617881465142431,0.524694,0.520074,0.416667,0.391241
393,429,A,0.5921831429537262,0.541641,0.50938,0.416726,0.390429
394,430,A,0.584935226672903,0.557154,0.506844,0.419221,0.383904
394,444,B,0.6619620890408888,0.4884,0.419834,0.438797,0.386395
395,445,B,0.6344429198229431,0.482568,0.419841,0.440897,0.389152
396,446,B,0.5764143472682406,0.477056,0.422312,0.443496,0.395092
397,433,A,0.48393147392325764,0.582837,0.48281,0.434498,0.386907
397,447,B,0.5163617190716787,0.459346,0.416648,0.439451,0.399575
398,434,A,0.4839154887679319,0.576885,0.471755,0.429607,0.385691
398,448,B,0.47376893542098886,0.440628,0.420571,0.435257,0.403224
399,448,B,,0.432331,0.425684,0.4296,0.404125
402,452,B,0.47313505689134405,0.388538,0.419649,0.410803,0.413128
403,452,B,,0.37914,0.422891,0.414742,0.415604
404,440,A,0.6812959126814448,0.474734,0.446064,0.429781,0.410249
406,456,B,0.4715217403601186,0.379046,0.449481,0.418899,0.418615
407,443,A,0.5436570525281834,0.475749,0.424662,0.441577,0.397114
407,457,B,0.470082588426465,0.3851,0.448814,0.411918,0.412033
408,458,B,0.47011056902679715,0.402092,0.438327,0.406952,0.409025
409,458,B,,0.390447,0.432401,0.409622,0.409754
410,446,A,0.540429589450561,0.420638,0.39375,0.439694,0.407315
411,461,B,0.5202157528687148,0.38052,0.413716,0.409761,0.416197
412,461,B,,0.38766,0.407282,0.406307,0.418943
413,449,A,0.599655711349419,0.424386,0.374026,0.421926,0.423447
414,450,A,0.6538662766645156,0.427073,0.377721,0.421838,0.424745
414,464,B,0.5155323327335566,0.419131,0.387353,0.421219,0.419503
415,451,A,0.7094419208131106,0.429336,0.379015,0.423627,0.419443
415,464,B,,0.424388,0.39255,0.42521,0.417316
416,452,A,0.7100145263372235,0.425274,0.385125,0.425183,0.419026
417,453,A,0.7120148916221933,0.412422,0.40141,0.419554,0.420025
418,454,A,0.7196085142430828,0.409564,0.414722,0.417836,0.425219
418,468,B,0.5740806268879208,0.451615,0.4023,0.409764,0.428246
419,455,A,0.7100223991498463,0.412388,0.410611,0.414334,0.432459
419,468,B,,0.458447,0.394033,0.409988,0.431094
420,470,B,0.5722485618139004,0.450115,0.376289,0.417384,0.431429
421,457,A,0.5720718365946602,0.402584,0.419521,0.41556,0.432531
421,471,B,0.5743240125061324,0.437443,0.384091,0.424197,0.436907
422,458,A,0.575206836537595,0.409803,0.422747,0.406465,0.430225
422,472,B,0.5721890266513553,0.426623,0.384142,0.422729,0.435265
423,459,A,0.5874286085108589,0.38762,0.426253,0.396241,0.427586
423,473,B,0.572662852319094,0.410675,0.385559,0.421064,0.432746
424,460,A,0.5559816803191566,0.387974,0.427638,0.388283,0.425425
424,473,B,0.5721172774833936,0.404593,0.388804,0.41676,0.428971
425,461,A,0.5546484896901036,0.363335,0.431163,0.389119,0.424281
425,475,B,0.44883981808700746,0.380027,0.384213,0.422289,0.420477
426,462,A,0.5457609403881004,0.346193,0.430246,0.391089,0.42407
426,475,B,,0.367727,0.387467,0.418229,0.416609
427,463,A,0.5328309729679032,0.345273,0.424512,0.392258,0.420376
427,477,B,0.433923613256916,0.361159,0.402496,0.405946,0.412381
428,464,A,0.5300908680809061,0.340446,0.424347,0.389921,0.420524
428,478,B,0.4237527594416597,0.343853,0.414562,0.398895,0.416306
429,479,B,0.4331776808336203,0.328696,0.42215,0.400869,0.419372
430,466,A,0.4189118395000393,0.333022,0.419295,0.385018,0.424502
430,480,B,0.43832064145858984,0.311504,0.417991,0.410468,0.424469
431,467,A,0.4164759663545481,0.33151,0.416877,0.385411,0.431614
431,481,B,0.43259100736890743,0.306552,0.403907,0.411542,0.428723
432,468,A,0.4184283824060192,0.312791,0.40731,0.387341,0.430424
432,482,B,0.4433050722732039,0.289532,0.39545,0.411088,0.428313
433,469,A,0.42147216877690485,0.301524,0.391017,0.395861,0.427809
433,483,B,0.4427520618705344,0.279476,0.38485,0.412484,0.429417
434,470,A,0.43760773333892733,0.28786,0.379906,0.392168,0.428658
434,484,B,0.42688549430730316,0.266178,0.386045,0.404992,0.433446
435,485,B,0.41966140517215766,0.261743,0.381287,0.402179,0.435449
436,486,B,0.4188243507017796,0.273628,0.381049,0.408893,0.437898
437,487,B,0.41284872558191277,0.286794,0.377467,0.418267,0.434171
438,474,A,0.4667474103937539,0.278727,0.324877,0.418874,0.423764
438,488,B,0.4181678044995949,0.305801,0.374611,0.420322,0.431391
439,475,A,0.4658701346477021,0.280142,0.313391,0.42734,0.423452
439,488,B,,0.311854,0.368359,0.422935,0.433831
440,476,A,0.4597424095096878,0.285121,0.313107,0.425745,0.42338
441,477,A,0.5242411847877594,0.308859,0.31475,0.424158,0.421637
442,478,A,0.5376876267527624,0.311718,0.316054,0.4202,0.421725
442,492,B,0.4109775186154443,0.32188,0.350849,0.426858,0.431295
443,479,A,0.5231573049427596,0.309493,0.316656,0.427159,0.423796
443,492,B,0.3946421691351434,0.325832,0.347031,0.430022,0.432875
444,480,A,0.3800243322614717,0.311464,0.305653,0.437295,0.426801
444,494,B,0.39323193730604933,0.339222,0.343857,0.432784,0.42841
445,481,A,0.37855988610843117,0.329454,0.298906,0.434095,0.429465
445,495,B,0.39321263500850245,0.3522,0.352486,0.431304,0.42711
446,482,A,0.37684467446977843,0.33015,0.293931,0.422638,0.432304
446,495,B,,0.3592,0.352725,0.425635,0.428066
447,497,B,0.39310765203185016,0.386111,0.34487,0.426758,0.430946
448,484,A,0.45534846278234165,0.334592,0.305855,0.408834,0.429963
448,498,B,0.40670122704583656,0.4015,0.347603,0.419199,0.430866
449,499,B,0.47532337677101333,0.414905,0.350665,0.412756,0.431001
450,500,B,0.48372039895598296,0.427532,0.360675,0.403127,0.428989
451,500,B,,0.431298,0.365865,0.397272,0.426337
452,502,B,0.5537321651632616,0.423354,0.385448,0.388349,0.423443
453,489,A,0.4868736153879266,0.414828,0.376106,0.386173,0.413783
453,502,B,,0.431554,0.389176,0.382384,0.420587
454,490,A,0.528724335332273,0.417722,0.391717,0.377431,0.411334
455,491,A,0.529126431384358,0.411837,0.39204,0.372666,0.412852
456,492,A,0.5483950160410318,0.394251,0.39229,0.373687,0.418278
457,493,A,0.538111006678315,0.390453,0.394712,0.370029,0.418881
457,507,B,0.5138327382143157,0.437076,0.40932,0.375318,0.429646
458,494,A,0.5367308914539467,0.387206,0.407257,0.365821,0.418562
458,508,B,0.5079259723027236,0.422875,0.417336,0.376912,0.434047
459,495,A,0.5364637931056548,0.400908,0.420125,0.360321,0.412167
459,509,B,0.5233739023567652,0.424108,0.417115,0.377071,0.433359
460,496,A,0.5313133129914209,0.407704,0.417848,0.366556,0.410614
460,510,B,0.5224849967297527,0.423706,0.417111,0.378411,0.433093
461,497,A,0.5448344629381425,0.42564,0.413638,0.365749,0.417045
461,511,B,0.49586974871845924,0.437265,0.426792,0.383899,0.433145
462,498,A,0.5461044706801981,0.43712,0.416954,0.364231,0.423683
462,512,B,0.5000759834343562,0.449314,0.430408,0.382474,0.433193
463,499,A,0.5456987980584616,0.436388,0.420562,0.364888,0.42997
463,513,B,0.49655837095290123,0.434381,0.433024,0.384571,0.433609
464,500,A,0.5614176614134777,0.43874,0.432894,0.365075,0.432873
464,514,B,0.5081993686919648,0.419096,0.43379,0.386701,0.436705
465,501,A,0.5762310624751672,0.418792,0.442906,0.365258,0.434826
465,515,B,0.5098442699577667,0.40533,0.43103,0.388509,0.441331
466,502,A,0.5760410569286036,0.398816,0.447864,0.370882,0.436761
466,515,B,,0.398453,0.42727,0.392408,0.443221
467,503,A,0.5747248159698325,0.379283,0.445411,0.377846,0.438862
467,517,B,0.49279546327559975,0.404055,0.423272,0.398345,0.44977
468,518,B,0.492943951015388,0.411241,0.418991,0.398408,0.455582
469,519,B,0.4975774067079979,0.412115,0.423501,0.398415,0.457162
470,506,A,0.6192362851882838,0.411845,0.424674,0.398592,0.438911
470,520,B,0.5579814516622992,0.412493,0.42457,0.399382,0.454557
471,507,A,0.6226840042794597,0.402075,0.440534,0.406286,0.43886
471,521,B,0.562989170802483,0.423728,0.432556,0.407005,0.448126
472,521,B,0.5614369256336366,0.430165,0.433526,0.411033,0.446776
473,523,B,0.5559581510979178,0.427724,0.43419,0.425986,0.442427
474,524,B,0.5569408262519756,0.426924,0.433361,0.43198,0.443266
475,525,B,0.4709760147434833,0.426227,0.430162,0.43496,0.437278
476,512,A,0.4724940810084741,0.464727,0.416397,0.433374,0.427066
476,526,B,0.4631259959820402,0.422957,0.432196,0.436803,0.431141
477,513,A,0.4784133147920685,0.44697,0.404925,0.435748,0.420279
477,526,B,,0.414096,0.426183,0.441079,0.427338
478,514,A,0.47872313921242626,0.44495,0.402302,0.438082,0.417685
479,529,B,0.48491172545562256,0.434049,0.423131,0.450642,0.424385
480,516,A,0.5028032062159624,0.457614,0.395047,0.440262,0.418338
480,530,B,0.5256891643672965,0.448245,0.422306,0.450223,0.422098
481,530,B,0.5584319355249502,0.444047,0.423224,0.447796,0.41888
482,518,A,0.6291307033883673,0.48183,0.40627,0.438521,0.419242
483,533,B,0.5500360977194934,0.474348,0.429461,0.450025,0.414414
484,534,B,0.5547947460060179,0.487964,0.428202,0.4571,0.410318
485,521,A,0.6522855857888437,0.512129,0.434957,0.428034,0.409443
485,534,B,,0.4946,0.433536,0.45443,0.410491
486,522,A,0.6517635943070228,0.493696,0.443725,0.43828,0.407526
486,536,B,0.5567656825815204,0.494171,0.437265,0.459457,0.405633
487,536,B,,0.48398,0.43118,0.460405,0.406105
489,525,A,0.5694850712171612,0.429654,0.461948,0.440862,0.416732
489,539,B,0.5553088597404516,0.454825,0.462471,0.445491,0.403362
490,526,A,0.5642332892684156,0.426918,0.476203,0.437196,0.417184
490,540,B,0.513164323112742,0.456156,0.469184,0.446621,0.403366
491,527,A,0.5367739070152455,0.440238,0.467967,0.43348,0.417548
491,540,B,,0.465329,0.466507,0.443634,0.406056
493,543,B,0.4637884005936299,0.473129,0.480904,0.457565,0.409521
494,544,B,0.4617202372612096,0.457609,0.483342,0.459017,0.414913
495,531,A,0.5635200666616789,0.463025,0.476571,0.432398,0.437554
495,545,B,0.45354381305954705,0.446564,0.483538,0.456778,0.421067
496,546,B,0.48939161262911035,0.442672,0.473533,0.453468,0.426959
497,533,A,0.5196530040921996,0.455569,0.458218,0.446793,0.442478
497,547,B,0.5134605582483935,0.44738,0.47342,0.453137,0.432406
498,547,B,,0.440614,0.466394,0.456067,0.435244
499,549,B,0.5131678023796398,0.449055,0.473175,0.465604,0.433515
500,536,A,0.4754751070409444,0.442887,0.443388,0.4654,0.439526
500,550,B,0.5042309327717578,0.442389,0.485004,0.465904,0.43244
501,551,B,0.5332016324758077,0.450446,0.486558,0.464726,0.432136
502,552,B,0.5358672006272528,0.458438,0.486281,0.456676,0.433019
503,539,A,0.5674265670238772,0.455139,0.488043,0.460611,0.437568
503,553,B,0.5619989432644165,0.470961,0.484226,0.464599,0.433683
504,540,A,0.5744920106446956,0.4404,0.48383,0.469998,0.437498
504,554,B,0.5655421899478575,0.461458,0.481851,0.47223,0.440144
505,554,B,,0.450701,0.479339,0.476126,0.441632
506,542,A,0.6418610101138438,0.436991,0.470058,0.483596,0.431459
506,556,B,0.6126769820042648,0.447196,0.484988,0.47647,0.44717
507,543,A,0.675076143593111,0.440528,0.47047,0.494656,0.436031
507,557,B,0.6212692102063868,0.466764,0.487522,0.482302,0.451351
508,558,B,0.6287603644532476,0.477174,0.490471,0.481884,0.451846
509,545,A,0.6695491842240897,0.432096,0.44719,0.496883,0.44105
509,559,B,0.5953860721296584,0.490091,0.482125,0.482388,0.451089
510,560,B,0.5578968985803385,0.494923,0.469633,0.480827,0.446634
511,561,B,0.5528868385036914,0.481649,0.469684,0.471635,0.446443
512,561,B,0.5406065646859444,0.471722,0.476155,0.466364,0.446985
513,549,A,0.5827345315269953,0.456769,0.477964,0.480285,0.441118
513,563,B,0.5447267334502399,0.460183,0.478081,0.452201,0.442315
514,550,A,0.5903137242711954,0.471091,0.482087,0.473798,0.435912
514,563,B,0.5743027114557113,0.468741,0.47469,0.450223,0.439881
515,564,B,,0.480411,0.472459,0.449096,0.437718
517,553,A,0.5773971153338793,0.472208,0.466042,0.483579,0.422181
517,567,B,0.5954230461247993,0.495594,0.466655,0.444855,0.439238
518,554,A,0.5774718147876522,0.462938,0.473664,0.49047,0.427832
518,568,B,0.5913361593095114,0.50389,0.476751,0.452439,0.444093
519,568,B,,0.50902,0.480421,0.449006,0.445673
520,556,A,0.5293620207497918,0.460043,0.49002,0.487179,0.438972
521,571,B,0.6104664050418416,0.483208,0.48063,0.454769,0.446488
522,558,A,0.5522919190448203,0.474433,0.492922,0.475249,0.44999
522,571,B,0.551746215273323,0.487629,0.473566,0.451818,0.448758
526,562,A,0.694065408811392,0.520406,0.486194,0.446276,0.44978
526,576,B,0.5816805505897371,0.506496,0.466403,0.436624,0.461408
527,576,B,,0.506909,0.458825,0.4408,0.458752
528,578,B,0.565445143375219,0.50374,0.444238,0.437625,0.467945
529,579,B,0.5629510615833377,0.51041,0.44068,0.440303,0.473736
530,579,B,,0.504577,0.443326,0.434765,0.476335
531,567,A,0.6528366672532192,0.532519,0.463467,0.424147,0.459504
531,581,B,0.5424475480401466,0.50457,0.423949,0.448737,0.475026
532,568,A,0.6480238125946542,0.541255,0.474883,0.435424,0.466161
532,581,B,,0.501176,0.42623,0.453197,0.477984
533,569,A,0.6480227320059435,0.529593,0.485714,0.442692,0.472425
536,586,B,0.5395605851315505,0.4491,0.468629,0.451031,0.478666
537,573,A,0.5621565335677361,0.486681,0.508201,0.445625,0.458942
537,587,B,0.5168527229919221,0.44535,0.473473,0.444399,0.477613
538,588,B,0.5460759486986331,0.441061,0.468719,0.446282,0.477074
539,575,A,0.5641833996063597,0.50015,0.490988,0.445689,0.460256
539,588,B,,0.445527,0.46859,0.450378,0.475926
540,576,A,0.5924152992845171,0.496834,0.476966,0.447353,0.466414
541,577,A,0.5888867805200787,0.491745,0.46527,0.442815,0.473392
541,591,B,0.5426848200187167,0.428502,0.447682,0.457327,0.488573
542,578,A,0.5970327581391432,0.495757,0.453346,0.43272,0.480291
542,591,B,,0.421708,0.444447,0.451953,0.491467
543,593,B,0.5950944178032505,0.431749,0.430861,0.46052,0.49779
544,594,B,0.6018863011385431,0.447908,0.434187,0.467629,0.494393
545,581,A,0.704889446722446,0.543589,0.417127,0.454366,0.481649
545,595,B,0.6058514387472509,0.464437,0.440811,0.466122,0.491447
546,596,B,0.6059891705896943,0.466867,0.442182,0.457868,0.485411
547,597,B,0.6073509593442576,0.463727,0.453462,0.455772,0.481208
548,584,A,0.6320533273417617,0.491265,0.427618,0.461601,0.46384
548,597,B,,0.45414,0.456881,0.458309,0.47921
549,599,B,0.6076788398849786,0.436586,0.461919,0.462258,0.474341
550,586,A,0.6286479914934334,0.452207,0.452951,0.462021,0.463495
550,599,B,,0.43414,0.465984,0.466671,0.471554
551,587,A,0.6124836819151034,0.440485,0.463488,0.465374,0.469459
552,602,B,0.5987621494124573,0.417265,0.451239,0.485328,0.487583
553,589,A,0.615713432824373,0.407532,0.455415,0.462243,0.480816
553,602,B,0.6017271123518779,0.410066,0.455829,0.484073,0.489889
554,590,A,0.6213449419345467,0.400987,0.456858,0.460567,0.482652
554,604,B,0.602244494929085,0.419148,0.460892,0.49358,0.493024
555,591,A,0.5868324134465108,0.396261,0.458544,0.462727,0.48052
555,605,B,0.602243066843221,0.435261,0.464186,0.494628,0.487523
556,592,A,0.48434524055327355,0.392134,0.447373,0.465976,0.48483
556,605,B,,0.439453,0.459731,0.492955,0.489916
557,593,A,0.4661638873037428,0.391895,0.431995,0.469101,0.491699
557,607,B,0.6023172434589075,0.450213,0.466583,0.482126,0.4893
558,594,A,0.46615908777929116,0.394799,0.432823,0.471307,0.492313
558,608,B,0.6022890183150049,0.455487,0.46667,0.474462,0.488972
559,609,B,0.6014385226440093,0.439067,0.468042,0.467137,0.490748
560,610,B,0.5928384439597678,0.421274,0.461627,0.471391,0.487918
561,597,A,0.5934031634237136,0.414796,0.452363,0.449322,0.482654
561,611,B,0.6755335879022011,0.420414,0.456886,0.470914,0.483041
562,598,A,0.589131028463502,0.421429,0.462373,0.447772,0.475915
562,612,B,0.557076128471992,0.425751,0.45166,0.477342,0.476931
563,599,A,0.589016041031408,0.423996,0.449487,0.455221,0.478986
563,613,B,0.5371908658452391,0.432381,0.441508,0.48394,0.475526
564,613,B,,0.42843,0.444473,0.486584,0.478443
565,615,B,0.5156042027616069,0.417827,0.461101,0.497862,0.47627
566,602,A,0.5985544871444106,0.367705,0.445689,0.480755,0.49584
566,616,B,0.4939866411847862,0.417759,0.471425,0.502495,0.473658
567,603,A,0.6113222542047871,0.345394,0.435343,0.483477,0.495636
567,617,B,0.502267293483267,0.418065,0.470997,0.502052,0.467272
568,604,A,0.6138886343038915,0.345241,0.429996,0.492575,0.496665
568,617,B,,0.406488,0.467393,0.505764,0.466579
569,605,A,0.6199601536462316,0.362693,0.420427,0.502863,0.49601
570,606,A,0.6834496754220714,0.389509,0.421124,0.502047,0.495611
570,620,B,0.5588884600270498,0.431181,0.475017,0.513888,0.46658
571,621,B,0.5580689880613527,0.432528,0.473836,0.506781,0.460469
572,622,B,0.5549859113569924,0.432163,0.473981,0.498122,0.458708
573,609,A,0.6841239321070838,0.423713,0.467813,0.471612,0.491559
573,623,B,0.5541858713760599,0.419758,0.473019,0.489303,0.457361
574,624,B,0.6036054618196375,0.42023,0.464283,0.486985,0.456946
575,624,B,,0.426967,0.458614,0.486283,0.459843
577,613,A,0.6033260161892218,0.418099,0.412952,0.4858,0.490021
577,627,B,0.6711785602787488,0.472843,0.462158,0.502155,0.459354
578,614,A,0.6135567402325841,0.404609,0.410681,0.486545,0.48667
578,627,B,,0.464005,0.454576,0.499449,0.458346
579,615,A,0.6863453449160957,0.39134,0.42091,0.494974,0.483547
580,616,A,0.6520405358505466,0.401869,0.437646,0.501044,0.478755
581,631,B,0.6843700967585777,0.472137,0.490578,0.508415,0.465362
582,632,B,0.6786113980255593,0.460752,0.499747,0.500568,0.466736
583,619,A,0.6930793723402457,0.44615,0.474882,0.501115,0.470053
583,633,B,0.6694970438679653,0.459504,0.503487,0.494871,0.467416
584,620,A,0.6851265556582427,0.445894,0.476069,0.493485,0.465203
584,634,B,0.6176022975165356,0.457463,0.495603,0.491077,0.46784
585,634,B,,0.466662,0.501479,0.486513,0.4675
586,622,A,0.6900175970287179,0.449632,0.474796,0.483239,0.454932
587,637,B,0.6216474920794175,0.509334,0.498263,0.483874,0.459277
588,624,A,0.6948565144765142,0.474887,0.458079,0.489919,0.45195
588,638,B,0.6218273415172553,0.52682,0.486058,0.483197,0.458153
589,638,B,0.6222872021985844,0.537501,0.481347,0.481754,0.459736
591,627,A,0.6969468801710088,0.553328,0.469523,0.495228,0.453789
592,642,B,0.6222868689786092,0.589204,0.499859,0.453111,0.454911
593,629,A,0.6968497061882712,0.577055,0.487818,0.492465,0.459721
593,642,B,0.6227811011420151,0.58129,0.506092,0.447735,0.457061
595,631,A,0.6967533904492971,0.554282,0.515265,0.49244,0.471654
595,645,B,0.622536588007423,0.563339,0.523322,0.449339,0.457606
596,632,A,0.6928983013900658,0.530814,0.527873,0.494451,0.47243
596,646,B,0.6208527534790567,0.546696,0.526076,0.4491,0.453818
597,646,B,,0.541009,0.533624,0.452876,0.450271
598,634,A,0.5275696899738824,0.500808,0.549582,0.493116,0.470742
598,648,B,0.5856199097397644,0.528015,0.530969,0.441601,0.453452
599,635,A,0.566030944548225,0.522388,0.55333,0.48663,0.465267
599,649,B,0.5701239463978341,0.537383,0.537921,0.433277,0.448433
600,650,B,0.6085281389229431,0.554491,0.541856,0.432402,0.445534
601,637,A,0.7222160628260936,0.560668,0.556359,0.486015,0.459423
601,650,B,,0.56178,0.549617,0.436142,0.445657
602,638,A,0.7236763905270867,0.580986,0.555829,0.485491,0.456674
602,652,B,0.6102744924383323,0.587045,0.542023,0.440125,0.441881
603,639,A,0.7324432415720434,0.600791,0.549731,0.476745,0.4513
603,653,B,0.6103275345679231,0.603853,0.528166,0.439874,0.438439
604,640,A,0.7273074047449652,0.600288,0.552021,0.467929,0.450861
604,654,B,0.605655816528354,0.598467,0.518588,0.439981,0.443003
605,641,A,0.7412038172639814,0.59241,0.553058,0.462597,0.452729
605,655,B,0.6152503268150128,0.58209,0.506068,0.443258,0.446313
606,656,B,0.6108508713250682,0.566551,0.495375,0.445758,0.451017
607,656,B,,0.558066,0.490593,0.444025,0.447429
608,658,B,0.5980126729310835,0.534254,0.491457,0.456414,0.450408
609,659,B,0.548905762604867,0.543087,0.490407,0.463354,0.449864
610,659,B,,0.553083,0.496107,0.467967,0.446555
612,648,A,0.6671735227412605,0.563463,0.566827,0.458292,0.446027
613,649,A,0.5942271454804426,0.569831,0.573414,0.45828,0.44632
614,650,A,0.5728201993514281,0.584616,0.560859,0.458272,0.442611
616,666,B,0.636002287793558,0.506322,0.441852,0.473058,0.453844
617,667,B,0.6335959133389928,0.488157,0.440422,0.474917,0.450577
618,654,A,0.5569485268714736,0.59707,0.49535,0.475984,0.425895
618,668,B,0.6306126981024787,0.485293,0.438956,0.466931,0.446837
619,668,B,,0.475535,0.444616,0.463322,0.447491
620,656,A,0.5479492180050802,0.577523,0.49706,0.47585,0.435006
622,658,A,0.5908694288115547,0.583039,0.505105,0.47625,0.446115
622,672,B,0.5415975139234415,0.464579,0.481272,0.447892,0.456297
623,659,A,0.6041854589356153,0.595002,0.499522,0.482458,0.446911
623,672,B,,0.472849,0.482359,0.449621,0.454679
624,674,B,0.5613866168542374,0.446323,0.493554,0.454356,0.451906
625,661,A,0.6483695486283171,0.554431,0.487695,0.481616,0.454566
625,675,B,0.5528289646881592,0.427841,0.490543,0.454601,0.454566
626,676,B,0.5522903755792865,0.408877,0.477502,0.453382,0.457473
627,663,A,0.6554636258923792,0.503057,0.453469,0.479586,0.460498
627,677,B,0.559312633040157,0.407407,0.465789,0.454189,0.460498
628,664,A,0.6493380603706178,0.479675,0.436729,0.478632,0.45715
628,677,B,,0.395405,0.458922,0.457553,0.45715
629,665,A,0.6592092185697485,0.455678,0.419572,0.469299,0.454468
629,679,B,0.5593629405747118,0.403214,0.439861,0.45493,0.454468
630,666,A,0.6589270635066279,0.434662,0.417731,0.462885,0.453334
630,679,B,,0.393054,0.44468,0.449605,0.453334
631,681,B,0.5580817592806144,0.419379,0.445648,0.451386,0.452502
632,668,A,0.6384379770080237,0.455409,0.446494,0.445241,0.451224
632,682,B,0.5288123932327746,0.435957,0.448652,0.449894,0.451224
633,683,B,0.5945693618684926,0.453324,0.450352,0.447868,0.454204
634,670,A,0.6700790113069368,0.45983,0.461405,0.438819,0.456863
634,684,B,0.582085640588353,0.469246,0.441438,0.455262,0.456863
635,671,A,0.63964594655007,0.43372,0.459345,0.440564,0.460436
635,684,B,,0.459557,0.434405,0.459323,0.460436
636,672,A,0.5891759494303004,0.410536,0.457998,0.450014,0.464031
636,686,B,0.5358168807274768,0.437463,0.421001,0.473662,0.464031
637,686,B,,0.42934,0.413252,0.475368,0.467731
638,674,A,0.47979077266894055,0.363087,0.453267,0.454423,0.471508
638,688,B,0.5262829975630139,0.406578,0.419711,0.476074,0.471508
639,675,A,0.4655967717020517,0.33999,0.439085,0.450951,0.475345
639,689,B,0.5179474043439666,0.390678,0.408249,0.476649,0.475345
640,690,B,0.5151002338090709,0.374986,0.397114,0.47814,0.479263
641,677,A,0.46430824889541467,0.318494,0.425783,0.439166,0.483204
641,690,B,,0.368382,0.402394,0.472836,0.483204
642,678,A,0.46469311309292294,0.323042,0.425797,0.431191,0.486582
642,692,B,0.5355409530890901,0.36063,0.400273,0.46787,0.486582
643,679,A,0.46654150692332363,0.319722,0.426365,0.430979,0.482426
643,693,B,0.5331324970458203,0.34537,0.403793,0.462798,0.482426
644,680,A,0.5251253999317689,0.337722,0.42927,0.427603,0.479504
644,693,B,,0.346649,0.409435,0.457356,0.479504
645,681,A,0.5403989056406069,0.354338,0.420103,0.437231,0.475626
645,695,B,0.548253992023287,0.345041,0.41288,0.461202,0.475626
646,695,B,,0.350842,0.406733,0.465268,0.471996
647,697,B,0.5795571346795031,0.363266,0.414251,0.469855,0.468897
648,684,A,0.6866385054040391,0.419184,0.386708,0.462697,0.470598
648,698,B,0.5669246735308718,0.381749,0.412871,0.47452,0.470598
649,685,A,0.6821486462554733,0.404939,0.376193,0.463951,0.473308
649,699,B,0.559723358279125,0.37133,0.412209,0.47011,0.473308
650,686,A,0.6664246219655419,0.380402,0.36265,0.4648,0.476697
650,699,B,,0.359469,0.404244,0.4648,0.476697
651,687,A,0.6399341150861091,0.356298,0.365982,0.459062,0.479236
652,688,A,0.603185241150007,0.330338,0.370601,0.453151,0.482294
652,702,B,0.5472740543864603,0.321333,0.412217,0.453151,0.482294
653,689,A,0.589299202646093,0.304715,0.355835,0.446616,0.485638
653,703,B,0.5205337874774065,0.307176,0.404435,0.446616,0.485638
654,690,A,0.6028174206073331,0.289899,0.352959,0.440881,0.481019
654,704,B,0.4590938784017964,0.311394,0.406252,0.440881,0.481019
655,691,A,0.6118998850925077,0.297323,0.350497,0.4352,0.476291
655,705,B,0.501318700589283,0.321589,0.409176,0.4352,0.476291
656,692,A,0.6163987107878166,0.299085,0.353458,0.44023,0.471487
656,706,B,0.5116029152498878,0.33622,0.414536,0.44023,0.471487
657,707,B,0.5069266382999043,0.348865,0.419194,0.445194,0.466575
658,694,A,0.5573987752921227,0.300801,0.371443,0.450807,0.461557
658,708,B,0.5284366529332942,0.361483,0.425029,0.450807,0.461557
659,695,A,0.5251984787338668,0.294002,0.372114,0.456473,0.465608
659,708,B,0.5101468931047699,0.358859,0.421634,0.456473,0.465608
660,710,B,0.48815219984842106,0.381223,0.412931,0.450059,0.46969
661,697,A,0.43165428609406176,0.315228,0.369052,0.444899,0.473662
661,710,B,0.4856864761596148,0.388032,0.403356,0.444899,0.473662
662,698,A,0.4113501795406185,0.340896,0.365433,0.439621,0.475368
662,711,B,,0.407379,0.393522,0.439621,0.475368
665,701,A,0.613951871787844,0.343611,0.381828,0.420544,0.47814
666,702,A,0.6527314473885149,0.345895,0.385065,0.416572,0.472836
668,704,A,0.6084335679904984,0.355544,0.392976,0.404435,0.462798
669,705,A,0.6073288688988494,0.371641,0.391109,0.406252,0.457356
670,706,A,0.5711695718934358,0.395195,0.393351,0.409176,0.461202
671,707,A,0.6080783665127374,0.418225,0.400266,0.414536,0.465268
672,708,A,0.6338239303919344,0.43985,0.407379,0.419194,0.469855
673,709,A,0.6383477184522147,0.461659,0.415721,0.425029,0.47452
674,710,A,0.6537968345279423,0.488435,0.421294,0.421634,0.47011
