library,switch_number,on_off,aug_z_on,aug_z_off,aug_z_gain
g168,1,292.0,0.2836,7.456,7.1724
g168,10,192.4,0.2589,6.7229,6.464
g168,100,13.6,1.9961,9.7045,7.7084
g168,101,13.1,2.0931,8.3603,6.2672
g168,102,12.7,0.3851,10.0921,9.707
g168,103,12.4,1.5545,8.1668,6.6122
g168,104,12.2,0.4272,8.4792,8.052
g168,105,11.4,1.0759,8.5363,7.4604
g168,106,11.0,1.4936,8.3949,6.9013
g168,107,10.3,3.1284,9.6527,6.5243
g168,108,9.9,0.3507,8.2859,7.9352
g168,109,9.8,0.5089,7.6959,7.1871
g168,11,181.2,0.4805,8.0261,7.5456
g168,110,9.7,2.6556,6.2625,3.6069
g168,111,9.6,0.6927,9.7063,9.0136
g168,112,9.4,1.6334,8.3677,6.7343
g168,113,9.0,3.4319,9.7106,6.2787
g168,114,8.9,0.9499,10.1057,9.1558
g168,115,8.9,0.7093,9.7216,9.0123
g168,116,8.7,0.4556,9.963,9.5074
g168,117,8.5,2.417,9.5126,7.0956
g168,118,8.4,0.1945,8.8495,8.655
g168,119,8.1,0.9637,8.5535,7.5899
g168,12,169.9,0.4444,7.5165,7.0721
g168,120,7.7,2.9608,8.7907,5.83
g168,121,7.4,1.5335,7.45,5.9164
g168,122,7.3,1.2362,5.8105,4.5743
g168,123,6.8,4.3901,7.8943,3.5042
g168,124,6.4,2.0067,8.3602,6.3535
g168,125,6.0,2.2835,8.699,6.4155
g168,126,5.9,0.4245,7.9528,7.5283
g168,127,5.8,3.5901,9.1764,5.5862
g168,128,5.1,4.1786,8.6452,4.4667
g168,129,4.7,1.671,10.8452,9.1742
g168,13,155.3,1.7951,9.576,7.7808
g168,130,4.5,4.1244,10.1131,5.9888
g168,131,4.5,0.5887,8.9384,8.3497
g168,132,3.8,1.8014,10.8087,9.0073
g168,133,3.7,1.0436,9.9242,8.8806
g168,134,3.3,1.3307,10.5968,9.266
g168,135,3.2,0.799,10.5055,9.7065
g168,136,3.1,2.1182,8.4026,6.2844
g168,137,2.9,2.0887,7.4788,5.3901
g168,138,2.9,2.4091,9.6538,7.2447
g168,139,2.6,1.2097,9.0566,7.8469
g168,14,153.4,1.4443,8.0935,6.6492
g168,140,2.6,6.5754,9.5843,3.0089
g168,141,2.2,2.3305,11.689,9.3586
g168,142,2.1,1.7986,7.9328,6.1341
g168,143,2.0,0.4558,6.767,6.3112
g168,144,2.0,0.5551,7.3798,6.8247
g168,145,2.0,2.3641,10.2269,7.8628
g168,146,1.9,0.8485,8.2488,7.4003
g168,147,1.9,3.0787,9.6943,6.6155
g168,148,1.9,2.9988,7.8141,4.8153
g168,149,1.9,4.0083,10.899,6.8907
g168,15,124.7,2.1962,6.5616,4.3655
g168,150,1.6,0.9804,9.9932,9.0127
g168,151,1.5,2.1872,8.3602,6.1731
g168,152,1.4,2.6157,11.0243,8.4086
g168,153,1.3,1.2281,8.6914,7.4633
g168,154,1.3,2.9376,12.1229,9.1853
g168,155,1.2,3.8934,7.4046,3.5112
g168,156,1.2,3.2613,10.3282,7.0669
g168,157,1.2,4.9217,11.0993,6.1777
g168,158,1.2,3.4673,8.9903,5.523
g168,159,1.1,2.6632,9.011,6.3478
g168,16,123.2,1.8584,8.3586,6.5002
g168,160,1.1,4.6581,6.9777,2.3196
g168,161,1.1,1.4743,9.3172,7.8429
g168,162,1.1,0.9141,9.8104,8.8962
g168,163,1.0,0.7438,7.5442,6.8004
g168,164,1.0,4.2505,12.273,8.0225
g168,165,0.9,0.6323,8.8254,8.1931
g168,166,0.9,3.8193,9.8914,6.0721
g168,167,0.9,0.6907,6.6396,5.9488
g168,168,0.6,1.4187,9.0703,7.6517
g168,17,122.6,1.3847,8.5638,7.1791
g168,18,115.1,0.4126,6.0668,5.6542
g168,19,103.5,1.0647,8.9986,7.9339
g168,2,279.6,0.2216,6.6375,6.416
g168,20,101.9,0.2379,5.7419,5.504
g168,21,86.6,0.898,7.3862,6.4882
g168,22,83.1,2.5891,8.6314,6.0423
g168,23,75.2,1.4038,7.2298,5.826
g168,24,74.8,1.872,8.7365,6.8645
g168,25,72.6,0.6884,7.2134,6.525
g168,26,68.2,0.405,9.9485,9.5436
g168,27,67.3,1.8092,9.2368,7.4276
g168,28,66.9,1.1979,9.7813,8.5835
g168,29,63.1,2.7764,5.2558,2.4794
g168,3,265.3,0.2534,7.3658,7.1125
g168,30,63.0,0.5909,8.7885,8.1977
g168,31,62.0,0.2389,7.9808,7.7419
g168,32,59.4,0.4598,7.7912,7.3315
g168,33,58.5,1.2746,7.4046,6.13
g168,34,57.1,2.0553,9.0769,7.0217
g168,35,53.9,0.4468,7.5166,7.0699
g168,36,53.4,1.2462,8.4592,7.213
g168,37,52.7,4.4484,7.3828,2.9344
g168,38,51.0,2.2504,11.3151,9.0647
g168,39,48.7,1.7207,8.6837,6.9631
g168,4,264.6,1.465,6.5426,5.0776
g168,40,48.6,1.1851,8.9541,7.769
g168,41,48.3,0.7027,6.126,5.4233
g168,42,44.7,0.7565,8.5099,7.7535
g168,43,42.4,0.8536,8.0144,7.1607
g168,44,41.5,2.8251,7.3861,4.561
g168,45,41.4,1.4129,11.9399,10.527
g168,46,40.5,0.7422,10.2038,9.4616
g168,47,39.6,1.3301,5.9889,4.6588
g168,48,39.1,1.048,6.6205,5.5725
g168,49,38.7,2.9081,8.3319,5.4238
g168,5,253.0,0.1727,6.6269,6.4542
g168,50,38.2,2.5049,7.4775,4.9726
g168,51,37.6,1.4658,9.8173,8.3515
g168,52,37.3,1.213,8.6078,7.3948
g168,53,36.8,3.0771,9.3398,6.2627
g168,54,36.4,0.7963,9.0899,8.2936
g168,55,33.9,2.0067,8.3602,6.3535
g168,56,33.8,2.0067,8.3602,6.3535
g168,57,33.3,2.2733,8.2577,5.9844
g168,58,32.7,1.3277,8.0047,6.6771
g168,59,32.2,0.7279,8.4196,7.6916
g168,6,219.8,3.53,8.0742,4.5441
g168,60,30.2,0.7577,9.9069,9.1493
g168,61,30.0,0.4637,7.0594,6.5957
g168,62,29.4,0.7722,9.0313,8.2592
g168,63,29.3,1.8865,8.7571,6.8707
g168,64,29.1,1.7631,6.7436,4.9805
g168,65,27.4,0.5491,7.9346,7.3856
g168,66,26.2,0.7275,10.2917,9.5642
g168,67,24.9,2.289,8.362,6.073
g168,68,24.8,2.0067,8.3602,6.3535
g168,69,24.5,0.3889,7.4252,7.0363
g168,7,213.3,0.3283,5.7943,5.466
g168,70,24.1,1.9992,12.7168,10.7176
g168,71,23.9,4.0504,8.9957,4.9453
g168,72,23.3,1.0532,7.6638,6.6106
g168,73,22.8,1.4221,8.9835,7.5614
g168,74,22.5,0.848,9.2377,8.3897
g168,75,22.3,1.3599,8.2847,6.9248
g168,76,22.0,2.0849,9.2391,7.1542
g168,77,21.0,1.9442,7.9859,6.0417
g168,78,19.9,0.4518,8.549,8.0972
g168,79,19.7,2.3447,9.5243,7.1796
g168,8,200.8,1.0867,7.3479,6.2612
g168,80,19.5,2.747,8.3931,5.6461
g168,81,18.8,3.9285,8.1704,4.2419
g168,82,18.7,0.4069,8.9991,8.5922
g168,83,18.6,0.4604,7.6509,7.1905
g168,84,18.4,1.9453,10.8623,8.917
g168,85,18.4,1.0192,6.9176,5.8984
g168,86,18.0,4.4849,7.7979,3.313
g168,87,18.0,1.0605,8.5689,7.5084
g168,88,17.7,0.5239,7.3646,6.8407
g168,89,17.4,0.7271,6.553,5.826
g168,9,194.4,2.7482,6.7019,3.9536
g168,90,17.2,0.5796,8.9885,8.4089
g168,91,16.9,4.6477,9.1862,4.5385
g168,92,16.9,0.5031,6.4315,5.9284
g168,93,16.9,1.3186,8.3377,7.0191
g168,94,16.6,1.8694,7.5593,5.6899
g168,95,16.2,0.2001,6.9664,6.7664
g168,96,16.1,0.6385,9.8937,9.2552
g168,97,16.0,0.5684,7.7117,7.1434
g168,98,15.7,0.6308,9.0181,8.3874
g168,99,15.2,1.5461,9.6481,8.102
g13,1,665.0,0.8102,7.1452,6.335
g13,10,343.0,0.631,6.5824,5.9514
g13,11,292.0,0.5123,9.3239,8.8116
g13,12,288.0,0.8461,3.9355,3.0894
g13,13,33.0,3.3195,6.1493,2.8299
g13,2,586.0,1.0421,6.4433,5.4012
g13,3,557.0,0.3496,4.9474,4.5979
g13,4,483.0,0.6041,7.709,7.1049
g13,5,453.0,0.3652,8.3446,7.9794
g13,6,409.0,1.444,9.0153,7.5713
g13,7,403.0,0.1231,7.6394,7.5164
g13,8,393.0,2.921,3.9786,1.0576
g13,9,381.0,2.0454,8.5644,6.5191
vista,102,21.432098762962962,3.6001,4.113,0.513
vista,105,47.98611111111111,3.6186,7.4566,3.838
vista,108,59.86111111111111,3.6001,4.5686,0.9685
vista,111,74.22727306012398,3.6186,7.2968,3.6782
vista,114,44.084321462450596,3.6001,4.7636,1.1636
vista,117,45.28735631896552,3.7939,7.4556,3.6617
vista,120,15.609756091314694,5.9216,7.457,1.5354
vista,123,14.132947976878611,3.5934,7.457,3.8636
vista,127,20.135245902874395,3.5366,5.5491,2.0125
vista,130,16.43925233397764,3.5401,7.1629,3.6228
vista,133,33.360522093573444,4.3421,7.457,3.1149
vista,136,4.799625466292135,3.616,7.4569,3.8409
vista,142,15.322314050853082,5.5038,7.4429,1.9391
vista,148,7.866300365384616,4.8057,7.4563,2.6506
vista,153,11.352941177612456,3.5438,6.0716,2.5278
vista,157,70.57632398598132,1.5729,7.4567,5.8838
vista,161,18.517316016233767,3.5733,7.1231,3.5498
vista,164,16.63895515434107,3.4885,7.4562,3.9677
vista,170,21.10344826858502,4.3541,7.4566,3.1024
vista,173,6.177606176130349,4.5574,7.4568,2.8994
vista,176,3.4144144135135135,4.1642,7.457,3.2928
vista,179,8.906848149344668,4.3673,7.4298,3.0625
vista,182,10.429244888996259,4.4821,7.4556,2.9735
vista,185,6.350210970464135,3.5486,7.2611,3.7125
vista,188,4.114001396612133,3.5646,4.2415,0.677
vista,191,3.8718887264913535,2.0743,7.4392,5.3649
vista,194,1.077580071253221,3.2403,7.4569,4.2166
vista,197,2.6,4.3171,7.457,3.1399
vista,200,3.2591362120831997,3.4729,7.457,3.9841
vista,203,10.424886190803305,3.4346,7.3904,3.9558
vista,211,6.940217391534514,3.8016,7.2361,3.4345
vista,214,9.073394490792023,3.5343,6.6122,3.0778
vista,217,10.759856623655915,2.0592,7.457,5.3977
vista,22,4.417931338478024,3.5653,5.8991,2.3338
vista,223,4.15070093389611,3.5378,7.4421,3.9043
vista,226,28.406976761283126,3.5666,7.4429,3.8764
vista,231,35.08108110546019,3.6008,6.3629,2.7621
vista,235,51.365369947368414,3.4813,7.454,3.9727
vista,238,31.693333332,3.6599,7.457,3.7971
vista,241,24.221014494565217,5.2831,7.4518,2.1687
vista,247,18.04137930972271,3.9903,7.4537,3.4634
vista,250,9.968152873228123,3.65,7.457,3.8069
vista,253,12.680555552083334,3.5516,7.441,3.8895
vista,256,13.521526163959782,3.2041,7.3289,4.1248
vista,26,6.3166755271132375,4.1466,5.388,1.2414
vista,261,8.696691176630454,3.5899,4.4297,0.8398
vista,265,4.598620690041284,4.6758,7.457,2.7812
vista,268,7.536855036392085,5.0723,7.457,2.3846
vista,271,1.7875383043083508,3.2745,7.4568,4.1822
vista,274,5.807741934268487,3.6147,7.4514,3.8367
vista,277,5.688030155781718,3.5492,7.2786,3.7294
vista,280,8.696969696969697,3.5401,4.8181,1.2779
vista,283,3.881648936118595,3.9668,7.4544,3.4876
vista,286,4.511489108325873,3.5394,1.8135,-1.7259
vista,29,7.590252707581228,4.9316,4.346,-0.5856
vista,290,3.4495530011494253,3.4906,1.0911,-2.3995
vista,293,2.921839080689655,3.566,0.7459,-2.82
vista,296,1.9777484993412386,4.2812,0.6743,-3.6069
vista,300,3.6964705883836118,3.6009,0.3092,-3.2917
vista,304,29.39486397177727,3.7117,0.5187,-3.193
vista,308,3.1555237009157855,3.7599,6.5944,2.8345
vista,311,6.405940593881483,3.5403,5.9698,2.4296
vista,314,1.0966441019890054,3.4731,4.0863,0.6132
vista,32,7.272832639082058,3.5759,5.9433,2.3674
vista,320,4.402061859177383,3.5462,7.3478,3.8016
vista,323,3.8704453441295543,4.075,7.457,3.3819
vista,327,16.755395683939238,3.5416,7.2965,3.7549
vista,331,9.823723230778208,3.8216,7.4567,3.6352
vista,336,9.114877589265538,4.1432,7.4567,3.3134
vista,339,2.545688545559846,3.5467,5.448,1.9013
vista,342,33.089743590384614,1.8334,7.457,5.6236
vista,345,12.996742671433118,0.8871,6.8462,5.9591
vista,348,2.562130177329925,3.2304,7.4565,4.2261
vista,351,13.81578947368421,4.7575,7.4562,2.6987
vista,354,5.0356506238859176,4.0365,7.442,3.4056
vista,357,6.916546763806946,0.9023,4.7615,3.8592
vista,36,4.0649188514357055,3.6014,5.5962,1.9948
vista,360,6.7367758177913375,3.6926,7.4422,3.7496
vista,363,8.96911196911197,3.6084,6.4956,2.8871
vista,366,11.262135922330097,0.2874,7.2587,6.9712
vista,374,4.925392668203482,3.4501,6.4122,2.9621
vista,378,40.19178082191781,3.5443,4.3453,0.801
vista,385,36.064516069250786,5.3794,7.457,2.0776
vista,388,50.71310116915422,3.6012,7.4569,3.8557
vista,391,3.5081481484444446,4.464,7.457,2.993
vista,394,31.15183245534662,3.575,7.0478,3.4727
vista,397,14.585657364308505,3.6724,7.4394,3.767
vista,40,4.143678161637931,3.4884,1.3657,-2.1226
vista,400,6.733922828960296,3.593,7.457,3.864
vista,403,8.746907036055143,3.5473,7.4442,3.8968
vista,406,6.826086953119094,2.9465,4.9874,2.0408
vista,409,11.437086092715232,3.5503,5.2419,1.6916
vista,412,1.0660592255003867,4.6375,7.4569,2.8194
vista,415,6.88207136618799,3.6156,5.019,1.4035
vista,420,7.470644618979152,3.5347,2.727,-0.8077
vista,423,56.58199889803523,3.6413,3.616,-0.0253
vista,426,33.90756303945695,3.5421,4.8031,1.261
vista,429,4.8347107438016526,3.5421,6.1823,2.6402
vista,43,11.671787708006732,3.4486,7.3882,3.9396
vista,432,9.823008853903985,1.0616,7.3361,6.2745
vista,439,11.610738247912256,3.6786,7.4555,3.7769
vista,442,46.08782435329341,3.5345,6.7848,3.2503
vista,445,27.848071214371036,3.5416,4.6786,1.137
vista,448,10.158333332500002,4.3852,7.4549,3.0697
vista,451,18.21782178217822,2.333,7.4564,5.1235
vista,454,13.482014398907923,3.5332,7.4569,3.9237
vista,457,21.02298850689655,3.5206,7.457,3.9364
vista,46,6.507322175156138,3.5354,7.371,3.8355
vista,460,32.744680885898596,3.6058,7.457,3.8511
vista,463,17.698757769782222,3.7611,6.9062,3.1451
vista,466,10.949367082310527,3.776,7.4414,3.6654
vista,469,13.679297088962109,3.5492,7.3516,3.8024
vista,472,33.904761914285714,3.5402,1.6781,-1.8622
vista,475,43.551236673937744,3.5524,5.5671,2.0147
vista,478,23.485714319265306,4.2134,7.4371,3.2236
vista,481,15.303846144113907,5.2391,7.4565,2.2173
vista,486,3.106218939668385,3.5418,5.5538,2.012
vista,489,10.601980200317223,3.6186,6.5466,2.9279
vista,492,3.1306737738927852,3.6003,1.972,-1.6283
vista,495,3.8801611268882175,3.6365,2.7431,-0.8934
vista,499,2.223726518869521,3.5512,6.9033,3.3521
vista,50,24.4982078844086,4.4744,7.4191,2.9446
vista,502,5.527037934624698,3.5583,6.2737,2.7153
vista,505,3.085784313970588,3.5899,7.4569,3.867
vista,510,5.0533498765442495,3.5428,2.9263,-0.6164
vista,514,36.48695655433648,4.9568,7.3694,2.4126
vista,518,18.702777775,3.473,4.1703,0.6972
vista,521,13.065004762399376,3.5447,4.5111,0.9665
vista,524,22.758293854387816,3.6169,7.4535,3.8366
vista,527,17.83948903550111,3.7392,7.4569,3.7178
vista,53,4.555347090890179,3.8398,7.4408,3.601
vista,530,37.86720321931589,3.6586,7.3462,3.6876
vista,534,26.713483147568173,4.3248,7.4475,3.1227
vista,542,13.171824099626555,3.5351,7.4463,3.9112
vista,546,65.4137446501911,3.5524,7.4338,3.8814
vista,549,40.90243907427127,4.1628,7.4526,3.2898
vista,552,37.567567567567565,3.5774,7.1213,3.5439
vista,556,6.458408679343724,3.5726,5.3926,1.82
vista,559,31.228813584939672,3.5504,7.4496,3.8991
vista,562,31.975757576363634,3.5993,7.4551,3.8558
vista,565,8.660633484162895,3.4516,7.2882,3.8366
vista,568,8.097251584819134,4.99,7.4568,2.4669
vista,57,23.85344827294367,3.5563,5.7289,2.1726
vista,571,44.35284421628429,3.5827,7.4532,3.8705
vista,574,7.7612403116279065,3.6477,7.4474,3.7998
vista,577,18.07762556849315,3.6186,7.4499,3.8313
vista,580,28.720238080357145,5.3519,7.4569,2.105
vista,583,50.14516119331426,3.5531,6.6878,3.1347
vista,586,73.9108074255713,4.2152,7.4514,3.2362
vista,589,18.07956104526749,4.001,7.4569,3.4558
vista,592,4.780104687015159,3.58,6.9419,3.3619
vista,595,10.905298291614518,3.7206,7.4561,3.7356
vista,598,6.8755622214206245,3.5515,7.3877,3.8361
vista,60,2.5377468059233452,2.6984,7.4166,4.7182
vista,602,10.025784754487196,3.7203,7.4534,3.7331
vista,606,16.018817201612904,3.6983,6.7324,3.0341
vista,609,4.796934866666667,3.5414,7.3711,3.8296
vista,612,9.879978179214403,2.5279,7.4555,4.9276
vista,615,15.027173908688269,3.6034,7.4557,3.8524
vista,619,61.71428560408163,4.4013,7.4543,3.053
vista,622,23.2010081852552,3.2542,7.4569,4.2027
vista,625,32.394594577624545,3.5822,0.4087,-3.1735
vista,628,25.35510203454894,1.7446,3.5279,1.7832
vista,631,38.010526308418285,2.1781,5.2204,3.0423
vista,634,23.66557227900638,3.1987,7.417,4.2184
vista,638,15.0616312588513,3.2283,4.1809,0.9527
vista,64,16.192737431897413,3.5696,7.3733,3.8037
vista,641,64.67775481221987,3.6231,5.1579,1.5347
vista,644,37.828162291169456,3.5546,7.4511,3.8964
vista,647,61.22641509433962,3.5546,5.5004,1.9458
vista,650,24.764999987617504,4.0323,5.6778,1.6455
vista,653,42.76190476122449,3.8031,7.456,3.6529
vista,656,43.353973167182666,3.7055,5.1854,1.4798
vista,659,27.152631593764543,3.8614,7.3448,3.4834
vista,662,27.940119765022768,4.7858,7.457,2.6711
vista,665,70.48076938553994,4.3782,7.4556,3.0774
vista,668,30.511363636363633,3.4878,7.4544,3.9666
vista,67,8.80818414547524,3.6231,4.1055,0.4824
vista,671,24.385964912828946,5.1928,7.4539,2.2611
vista,674,59.74587038878601,3.7369,7.0828,3.3459
vista,70,15.327868852459018,3.5401,6.6272,3.087
vista,73,5.465737514285714,2.1047,7.4513,5.3466
vista,76,2.246153846153846,3.5423,7.4566,3.9143
vista,81,19.566473986730262,3.8517,5.677,1.8253
vista,84,2.847273624475697,4.6063,6.8251,2.2188
vista,87,3.7478448269939983,3.6065,7.4373,3.8308
vista,93,19.208074536429194,2.5436,7.4306,4.887
vista,96,18.407407406944444,3.6003,4.5767,0.9765
vista,99,8.444619016060189,4.6163,5.0109,0.3945
