A_M_00,A_M_01,A_M_10,A_M_11,A_S_00,A_S_01,A_S_10,A_S_11,P_open_00,P_open_01,P_open_10,P_open_11,aug_00,aug_01,aug_10,aug_11,bulge_loop,bulge_pattern,dG_bind_A_given_B,dG_bind_B,dG_open_00,dG_open_01,dG_open_10,dG_open_11,d_off,ddG_AND,gates_failed,hairpin_gap,len_x,lock_energy,main_hairpin_dG,meanW_00,meanW_01,meanW_10,meanW_11,mean_separation,mean_separation_no_10,retained_by_A,scheme,secondary_hairpin_dG,separation,separation_no_10,variant,x_start
0.17045577007054952,0.17908469183322517,0.46145381704703,0.46145381740623886,0.004323936313356008,0.2839468773703653,0.008490168563950504,0.0008032423893127721,9.46053700468215e-16,1.3751307305011931e-15,4.472791350994394e-06,4.472735982945777e-06,0.9608673316043207,0.9608673131576912,0.34203104402226536,0.3420310432583343,3x3,...,-28.038354873657227,-63.0910701751709,21.321144104003906,21.09063720703125,7.591529846191406,7.5915374755859375,0.19546225166511672,0.2305145263671875,A_M_10<0.2;A_S_01>0.5;A_S_11>0.5;A_M_11>0.5;A_r2_star_00>0.5;d_off<0.1;separation>1.5;ddG_AND<-1.0,-2.5,8,-14.600000381469727,-26.600000381469727,0.48883545428879605,0.4940775389511743,0.6615242859309401,0.6615242861439853,2.130451370874198e-10,0.167446747192811,0,B-anchored,-29.100000381469727,-7.62939453125e-06,13.499099731445312,baseline,260
0.0091605615149609,0.017789459778231796,0.009197630098316707,0.3842644821244845,0.00432393625434653,0.2839468553912587,0.004135315266229747,0.0009799134546997074,2.8812551056408825e-22,1.2853547712006554e-21,2.046364317624368e-10,2.988057722882709e-06,0.0009095291676597395,0.0009095291676547435,0.0009251578027934896,0.22911767238553404,3x3,...,-9.486047744750977,-63.0910701751709,30.568675994873047,29.647033691406246,13.74998474121094,7.8401469240293125,0.23100117796470332,-4.988195513714825,A_S_01>0.5;A_S_11>0.5;A_M_11>0.5;A_r2_star_00>0.5;d_off<0.1,-2.5,8,-14.600000381469727,-26.600000381469727,0.39205885226506276,0.39730092674642953,0.3921801694483372,0.6159060706725265,0.21860514392609692,0.21860514392609692,0,B-anchored,-29.100000381469727,5.909837817181627,21.806886767376934,aug_paired,260
0.12378496395828116,0.11956329248983971,0.22036520355707379,0.22036520355225397,0.007215293764876761,0.7499066504418511,0.01932249220649878,0.004105304372143229,1.3135508338003613e-12,2.4840610581544896e-16,1.0966605344679192e-11,1.0966605344679192e-11,0.7215199770967619,0.7099226226246534,0.9999667418634771,0.999966741907058,2x2,.o.,-40.707611083984375,-57.9803352355957,16.861480712890625,22.14530944824219,15.553573608398438,15.553573608398438,0.20669985314988973,-5.283828735351566,A_M_10<0.2;A_S_11>0.5;A_M_11>0.5;A_r2_star_00>0.5;d_off<0.1;separation>1.5,-6.19999885559082,7,-22.899999618530273,-27.600000381469727,0.451312704056975,0.43240857292156143,0.33334648311117193,0.33334648311029436,-0.11796622094668063,-0.11796622094668063,0,B-anchored,-33.79999923706055,0.0,1.3079071044921875,baseline,205
0.0005614774865162301,0.00044498604008220825,0.0008679356763401493,0.220280660854849,0.007386097428057419,0.7499079007918412,0.007597450509150616,0.004107897176350961,2.694442843285064e-17,1.4997168011666514e-21,1.5226057802062377e-14,1.0961176493270056e-11,0.0009144432320187246,0.0009138497200137005,0.0023077972428906155,0.9994347298575615,2x2,.o.,-21.655685424804688,-58.00547409057617,23.51433563232422,29.551971435546875,19.608718872070312,15.553878784179885,0.22338475075690048,-10.092475891113084,A_S_11>0.5;A_M_11>0.5;A_r2_star_00>0.5;d_off<0.1,-6.19999885559082,7,-22.899999618530273,-27.600000381469727,0.38292581632811223,0.36094292182926246,0.38259060124694166,0.33339400507649136,-0.04953181125162087,-0.04953181125162087,0,B-anchored,-33.79999923706055,4.054840087890428,7.960456848144334,aug_paired,205
0.11473724156158399,0.11845850075577163,0.49031154402870936,0.49031456945325314,0.0019443076781764008,0.025227259227941484,0.0021528177620185516,0.0018394973504430312,1.2323628440661035e-15,2.864956457259129e-11,4.550475691017499e-06,4.550475691017289e-06,0.6785297926201285,0.6785372570766905,0.6571052769618313,0.6571051043129025,3x3,...,-20.592841148376465,-58.90962219238281,21.15819549560547,14.96173095703125,7.5809173583984375,7.580917358398466,0.23503047784856723,6.196464538574247,A_M_10<0.2;A_S_01>0.5;A_S_11>0.5;A_M_11>0.5;A_r2_star_00>0.5;d_off<0.1;separation>1.5;ddG_AND<-1.0,-15.30000114440918,6,-26.399999618530273,-28.399999618530273,0.4601747653695414,0.46240499848544564,0.6007053863751964,0.6007065183879556,1.1320127591973872e-06,0.13830151990251,0,B-anchored,-43.70000076293945,-2.842170943040401e-14,7.380813598632784,baseline,684
0.0005262718371547077,0.004245366012169096,0.0005268930570579546,0.07299791346751824,0.0019443461855864392,0.025227566070136875,0.0008524595213549683,0.014625228131407467,7.332811243202533e-22,3.9222190645043987e-23,7.83481649891109e-17,1.2485715998619018e-10,0.0005409402114628555,0.0005409402086805626,0.0005409402201793275,0.0005592899387961703,3x3,...,-4.55405330657959,-58.909629821777344,29.992950439453125,31.797714233398438,22.856483459472656,14.05448697994467,0.25482184127968427,-10.606760273473299,A_S_01>0.5;A_S_11>0.5;A_M_11>0.5;A_r2_star_00>0.5;d_off<0.1,-15.30000114440918,6,-26.399999618530273,-28.399999618530273,0.3916534518150535,0.3938797911773545,0.3916538341958483,0.4350710689856429,0.04119127780828841,0.04119127780828841,0,B-anchored,-43.70000076293945,8.801996479527986,15.938463459508455,aug_paired,684
0.11534011814118988,0.08164096956097297,0.4483936083495942,0.44839361100564784,0.02437915242465079,0.37113646472734807,0.009360450049559618,0.024404019080105532,9.76191465085824e-11,4.9592264021314765e-14,8.11645279058413e-05,8.116452704114626e-05,0.4344471572393667,0.43444660496736853,0.9986843796157517,0.9986843848637775,1x1,oo.,-13.717228889465332,-60.291311264038086,14.206161499023438,18.880950927734375,5.805145263671875,5.805145270237914,0.21791688976283968,-4.674789422144897,A_M_10<0.2;A_S_01>0.5;A_S_11>0.5;A_M_11>0.5;A_r2_star_00>0.5;d_off<0.1;separation>1.5,-15.400001525878906,6,-22.899999618530273,-18.799999237060547,0.45509206313788736,0.4349013406439734,0.5450551798332977,0.5450551804476784,6.143807684821923e-10,0.08996311730979106,0,B-anchored,-34.20000076293945,-6.566039267852375e-09,8.401016228785522,baseline,616
0.041911444017902366,0.00821260029916908,0.04145868149908905,0.008332495453270868,0.024379168469620332,0.3711364651036632,0.02619234891571054,0.37020539928838225,8.636589837569969e-16,4.094704535974907e-19,9.768722273933925e-09,1.669108533936661e-08,0.000910037611973206,0.0009100376029152665,0.0010301883806738132,0.0011153163417832641,1x1,oo.,-1.4803972244262695,-60.291303634643555,21.377304077148438,26.09466552734375,11.367469787597654,11.037313473493015,0.23382176568096597,-5.047517764299952,A_S_01>0.5;A_S_11>0.5;A_M_11>0.5;A_r2_star_00>0.5;d_off<0.1;separation>1.5,-15.400001525878906,6,-22.899999618530273,-18.799999237060547,0.4110468257630816,0.39085619873376004,0.40934549875431203,0.39090545004036864,-0.020141375722712962,-0.020141375722712962,0,B-anchored,-34.20000076293945,0.33015631410463975,10.339990603655423,aug_paired,616
0.0737340264702865,0.07814630201234306,0.6178776226352293,0.6180508450064398,0.024856150684659312,0.3232419171109691,0.008793745685036991,0.005001759625280229,2.519582925964153e-16,4.7910113655058565e-15,0.0014603258045523973,0.0014607958894114188,0.4331822601311026,0.4331822816420246,0.7751404754561476,0.7752493293770831,1x1,oo.,-16.811065196990967,-58.11030960083008,22.136558532714844,20.321350097656254,4.024017333984375,4.023818969727273,0.2126263781078917,1.8150100708014882,A_M_10<0.2;A_S_01>0.5;A_S_11>0.5;A_r2_star_00>0.5;d_off<0.1;separation>1.5;ddG_AND<-1.0,-3.1000003814697266,6,-19.5,-27.100000381469727,0.435602336407521,0.4382158705364158,0.7447643836922198,0.7448628013514599,9.841765924012424e-05,0.30664693081504407,0,B-anchored,-30.200000762939453,0.00019836425710195726,16.29753112792898,baseline,508
0.0006911131782106092,0.005103404607408645,0.0006668605336474633,0.014959065218374479,0.024856152399282922,0.32324191575112643,0.03629315214894716,0.40835435300059997,2.152073306464828e-21,4.1293354092814387e-20,1.2156750953782153e-11,4.107977996425336e-06,0.0009152460067959703,0.0009152460132770083,0.0009152525378011515,0.003122345591359895,1x1,oo.,-4.001342296600342,-58.110294342041016,29.329383850097656,27.50860595703125,15.490074157714844,7.6439674909465225,0.22853271487285562,-6.025328773701915,A_S_01>0.5;A_S_11>0.5;A_M_11>0.5;A_r2_star_00>0.5;d_off<0.1,-3.1000003814697266,6,-19.5,-27.100000381469727,0.39177692917458656,0.394390463190824,0.39176569243808057,0.4002063486423768,0.005815885451552816,0.005815885451552816,0,B-anchored,-30.200000762939453,7.846106666768321,19.864638466084727,aug_paired,508
0.13416192146157618,0.1338803633638877,0.45486147540962,0.4548614754096185,0.01575675367965368,0.5235414203268814,0.008243810102422736,0.025460086883087707,1.0656091997084282e-13,1.6903197035281398e-12,9.634614678836504e-07,9.634733945839066e-07,0.7765185912738017,0.7765187203417919,0.36889884397123557,0.36889884397123335,2x2,.o.,-26.916043281555176,-58.511112213134766,18.40953826904297,16.7060546875,8.537727355957031,8.5377197265625,0.21729204476181407,1.7034759521484375,A_M_10<0.2;A_S_11>0.5;A_M_11>0.5;A_r2_star_00>0.5;d_off<0.1;separation>1.5;ddG_AND<-1.0,-10.100000381469727,6,-18.200000762939453,-22.899999618530273,0.4716645544298086,0.4715067161748523,0.6653297700117731,0.6653297700117721,-9.992007221626409e-16,0.19366521558196348,0,B-anchored,-33.0,7.62939453125e-06,8.1683349609375,baseline,479
0.0018188854746463516,0.0015373834826867888,0.11592770848377877,0.3746774754768287,0.015756754012541768,0.5235415290445732,0.017759460192502557,0.08489419331605226,6.967041287308773e-22,2.282531337854414e-19,2.3622111887046623e-07,7.718976708140062e-07,0.0009178578828670236,0.000917857882779316,0.09114755085063786,0.29576041676146114,2x2,.o.,-4.543698310852051,-58.511112213134766,30.024486541748047,26.454849243164062,9.404129028320312,8.674353656562062,0.24549452850360018,2.8398619268257335,A_S_11>0.5;A_M_11>0.5;A_r2_star_00>0.5;d_off<0.1;separation>1.5;ddG_AND<-1.0,-10.100000381469727,6,-18.200000762939453,-22.899999618530273,0.3922668409527754,0.3921089400008685,0.4610396359771444,0.6169745369252057,0.15593490094806123,0.22470769597243023,0,B-anchored,-33.0,0.7297753717582509,17.780495586602,aug_paired,479
0.17134377448162014,0.1707018751939337,0.7029670571722462,0.7029841573897448,0.0013300300343440969,0.32151588851553264,0.0006552082194002226,0.005045042462903112,3.6901827786158306e-15,2.6654586901864607e-15,0.001994213477539242,0.0019942875376286616,0.9791678658285002,0.9799413445605887,0.9416527334424335,0.941651669849878,3x3,...,-23.50461196899414,-59.319411277770996,20.482250213623047,20.6827392578125,3.8319778442382812,3.8319549560546875,0.19436760039433967,-0.20051193237304688,A_M_10<0.2;A_S_01>0.5;A_S_11>0.5;A_r2_star_00>0.5;d_off<0.1;separation>1.5;ddG_AND<-1.0,-13.599998474121094,7,-18.399999618530273,-24.200000762939453,0.4899018642934727,0.4897030354862631,0.7389770937619212,0.738985099875776,8.006113854763797e-06,0.24908323558230328,1,B-anchored,-37.79999923706055,2.288818359375e-05,16.65029525756836,baseline,117
0.006498219520062496,0.006055521320973287,0.006613308168993181,0.11111686930071452,0.0013326963506982306,0.3213970820991646,0.0011850716285125573,0.03067554605131625,1.5963470481957575e-23,1.4350253667808246e-21,9.213284113077614e-15,2.623826352430428e-06,0.0004436742477561169,0.00044367424584113024,0.00044367425397665955,0.0017176218225073425,3x3,...,-5.127582550048828,-59.32023525238037,32.351749420166016,29.579147338867188,19.9183349609375,7.920262395746306,0.22987909302260484,-9.225470483892366,A_S_01>0.5;A_S_11>0.5;A_M_11>0.5;A_r2_star_00>0.5;d_off<0.1,-13.599998474121094,7,-18.399999618530273,-24.200000762939453,0.39122781023075853,0.39110838720293795,0.3914282818801842,0.45402975153859615,0.06260146965841196,0.06280194130783762,1,B-anchored,-37.79999923706055,11.998072565191194,21.65888494312088,aug_paired,117
0.11042372113985958,0.11029407880821908,0.5055494609268502,0.5055824280301092,0.005712883831983714,0.573763015327576,0.0026603519207883636,0.02883886913211312,1.4944161262984835e-18,1.33914170110793e-14,4.1535775836300784e-05,4.1538860961151576e-05,0.6060076188371042,0.6060076189340602,0.5019151734661365,0.5019064885248322,2x2,o..,-16.326722145080566,-59.12742519378662,25.29676055908203,19.687850952148438,6.2180328369140625,6.217987060570891,0.1992445700932478,5.608863830590423,A_M_10<0.2;A_S_11>0.5;d_off<0.1;separation>1.5;ddG_AND<-1.0,-7.599998474121094,7,-20.5,-28.700000762939453,0.4307196166137333,0.45378305541419234,0.5898739664789646,0.5898866418125771,1.2675333612488515e-05,0.13610358639838477,1,B-anchored,-36.29999923706055,4.577634317115553e-05,13.469863891577546,baseline,448
0.0043143278083860315,0.004184685251472697,0.004324400111387881,0.4794642320669862,0.0057128838326979525,0.5737630153473339,0.014521480179977468,0.052706055809695326,4.007642315151613e-23,1.1286737140923109e-18,6.682160347982589e-10,3.9322879401278435e-05,0.000905335190832505,0.0009053351908346885,0.0009134005520227509,0.4755357513612042,2x2,o..,-3.7525339126586914,-59.12743282318115,31.784435272216797,25.469757080078125,13.020645141601562,6.251775537555943,0.22022951321942888,-0.45419141190694745,A_S_11>0.5;A_M_11>0.5;d_off<0.1;ddG_AND<-1.0,-7.599998474121094,7,-20.5,-28.700000762939453,0.36705464322778614,0.3901180819069963,0.37429360745943807,0.5796071754026453,0.18948909349564896,0.18948909349564896,1,B-anchored,-36.29999923706055,6.768869604045619,19.217981542522182,aug_paired,448
0.11853362539699247,0.1172282720841164,0.4063567123393178,0.40635797478220076,0.0009087842673180761,0.417800401010763,0.004725785515574977,0.0005069852839163978,1.0531905114287948e-16,8.87059674107476e-15,1.6483988000657422e-07,1.6484192056128725e-07,0.6714658806773147,0.6714437838905107,0.4288150527742367,0.4288139884235365,2x2,o..,-25.086698532104492,-57.90953350067139,22.674156188964847,19.941696166992188,9.625877380371094,9.625869750976562,0.18316607087483963,2.7324523925781286,A_M_10<0.2;A_S_01>0.5;A_S_11>0.5;A_M_11>0.5;d_off<0.1;separation>1.5;ddG_AND<-1.0,-9.5,7,-25.0,-31.700000762939453,0.45766713730745845,0.45334981427394194,0.5526892593677382,0.5526896756376861,4.162699479559606e-07,0.09502253833022767,1,B-anchored,-41.20000076293945,7.62939453125e-06,10.315826416015625,baseline,485
0.005779855168002686,0.0044669623252169095,0.005791043411559671,0.3876798857397518,0.0009087842282058231,0.41777588488479594,0.0008316974558591087,0.005600556101820452,6.086847385122484e-22,2.4929134161021415e-20,6.2018170095572234e-15,1.5525405052059523e-07,0.0009095429438735758,0.0009095435553645818,0.0009095590485514263,0.4040638273045906,2x2,o..,-6.976408004760742,-57.9094877243042,30.10772705078125,27.819641113281246,20.162277221679688,9.66280224753146,0.2079362203955648,-8.211389036648225,A_S_01>0.5;A_S_11>0.5;A_M_11>0.5;d_off<0.1,-9.5,7,-25.0,-31.700000762939453,0.39001543279348283,0.38569494753307165,0.3901362768173364,0.5458456177108261,0.15570934089348965,0.15583018491734324,1,B-anchored,-41.20000076293945,10.499474974148228,18.156838865749787,aug_paired,485
0.0827835959091318,0.08432570711789372,0.5747409881630658,0.5851478859830724,0.0024130225371984553,0.5350412451698502,0.011306613771546006,0.0004857980787532317,3.972905799622382e-15,4.945494103618961e-14,0.0003860680358237408,0.000394234689596969,0.4051640006012163,0.40516400284688175,0.522134994810281,0.5246095879221001,1x1,oo.,-24.170847415924072,-52.813018798828125,20.436752319335938,18.882659912109375,4.843971252441406,4.8310699462890625,0.197185461053914,1.5411911010742188,A_M_10<0.2;A_S_11>0.5;d_off<0.1;separation>1.5;ddG_AND<-1.0,-9.899999618530273,7,-20.700000762939453,-26.600000381469727,0.44077156030099507,0.4387153114565898,0.6905585777519526,0.6958404758728284,0.005281898120875761,0.2550689155718333,1,B-anchored,-36.5,0.01290130615234375,14.051589965820312,baseline,566
0.01428000229413969,0.015822107197849475,0.014316544963563264,0.027449468673362218,0.002413022547957674,0.5350412546135992,0.001192543104840246,0.4330872720031799,4.183237052005147e-19,1.208124777111654e-16,2.408462186628104e-14,4.802110039474882e-07,0.0005416744915192432,0.0005416744936004303,0.0005416748531494505,0.001189808675566913,1x1,oo.,-11.43517541885376,-52.813026428222656,26.08148193359375,22.589569091796875,19.326095581054688,8.96687576231372,0.2120113297161288,-6.867306976944093,A_S_11>0.5;A_M_11>0.5;d_off<0.1,-9.899999618530273,7,-20.700000762939453,-26.600000381469727,0.3996694483773826,0.3976131942984755,0.3997879118369106,0.40662231886031913,0.00683440702340854,0.006952870482936524,1,B-anchored,-36.5,10.359219818740968,13.622693329483155,aug_paired,566
0.07425314800497862,0.0711075750763827,0.4627130690104005,0.46293684022964915,0.0017088791694375635,0.583845253252275,0.00525836227205675,0.0009159002900869557,3.8720211347007904e-17,9.805237159951882e-16,7.157231437256249e-05,7.16130811912242e-05,0.36660641361596696,0.36660641476197026,0.5346159678158894,0.5347127491945812,1x1,oo.,-18.232218265533447,-59.53822040557861,23.29086685180664,21.299087524414062,5.882659912109375,5.88230896237917,0.22534566558534752,1.9914283776623734,A_M_10<0.2;A_S_11>0.5;A_M_11>0.5;A_r2_star_00>0.5;d_off<0.1;separation>1.5;ddG_AND<-1.0,-6.799999237060547,7,-18.799999237060547,-25.799999237060547,0.4312031183250451,0.42933185065977636,0.5881923667172949,0.5882828000608191,9.043334352420995e-05,0.15707968173577402,1,B-anchored,-32.599998474121094,0.0003509497302047748,15.416778562034892,baseline,269
0.006010336258637746,0.0028647616454505137,0.006010153171307338,0.0035586970121612347,0.0017088791694436065,0.5838452518700153,0.0017225085649730878,0.5828586144582456,1.145097506446108e-21,1.642921080210254e-19,7.087381075822946e-13,1.0008665498447109e-07,0.0009095458423198366,0.0009095458575024326,0.0009095511370423118,0.0016568595050614106,1x1,oo.,-4.31273889541626,-59.538228034973145,29.718246459960938,26.657501220703125,17.24175262451172,9.933383369776209,0.2373465417434505,-4.247624015477697,A_M_11>0.5;A_r2_star_00>0.5;d_off<0.1,-6.799999237060547,7,-18.799999237060547,-25.799999237060547,0.3902574002967491,0.3883861318566364,0.39025708111856944,0.3886938197008139,-0.001563580595935199,-0.001563580595935199,1,B-anchored,-32.599998474121094,7.30836925473551,16.724117850926916,aug_paired,269
0.1256065495051566,0.1343658988249315,0.4979835494317931,0.4979868858487678,0.0031235351664760896,0.46448202547360956,0.01832628383716731,0.029086169504302983,2.427233972846026e-16,6.672713348830318e-15,1.4937298009322403e-06,1.4937667829555584e-06,0.6638148422441325,0.6638143049969844,0.4100632530767656,0.4100609816743031,2x2,..o,-23.846091747283936,-55.396660804748535,22.15957260131836,20.117172241210938,8.267471313476562,8.26745605468804,0.2245412289401545,2.0423851013188994,A_M_10<0.2;A_S_01>0.5;A_S_11>0.5;A_M_11>0.5;A_r2_star_00>0.5;d_off<0.1;separation>1.5;ddG_AND<-1.0,0.7000007629394531,7,-15.399999618530273,-27.600000381469727,0.46278384987431537,0.46156791320171203,0.6912895424678195,0.6912915887094229,2.0462416033817377e-06,0.2285077388351075,1,B-anchored,-26.899999618530273,1.525878852248752e-05,11.849716186522897,baseline,394
0.014990080236755576,0.023749387382122702,0.014662853442563135,0.06307386511040351,0.0031235315369850802,0.46448208852470135,0.004451603725945013,0.02921073201765986,2.098914001532329e-21,1.2426066114084195e-20,1.7721707625107985e-12,3.2077312048460256e-09,0.0009191180706639527,0.0009191180792810597,0.0009196041424179106,0.0017988954344142494,2x2,..o,-12.059287548065186,-55.396668434143066,29.344799041748047,28.248748779296875,16.676910400390625,12.053818026329369,0.24903506305147222,-3.5270421116100863,A_S_01>0.5;A_S_11>0.5;A_M_11>0.5;A_r2_star_00>0.5;d_off<0.1,0.7000007629394531,7,-15.399999618530273,-27.600000381469727,0.39641624108522266,0.39520029619137137,0.3963403225029819,0.4254621697127634,0.02904592862754074,0.02904592862754074,1,B-anchored,-26.899999618530273,4.623092374061256,16.194930752967508,aug_paired,394
0.06263261509700556,0.06554777941298146,0.41628326450516817,0.41631618572038337,0.0016690216119724338,0.14116759325285755,0.0006344112931642483,0.00048648491936636215,1.8833975373118621e-19,4.0737906180401446e-20,9.034640407292016e-07,9.035423315766944e-07,0.351609939808788,0.35160993980295774,0.4612024082152543,0.46121261005538355,1x1,o.o,-21.176417350769043,-58.916648864746094,26.57331085205078,27.516952514648438,8.577354431152344,8.577301025390625,0.2438699728541619,-0.943695068359375,A_M_10<0.2;A_S_01>0.5;A_S_11>0.5;A_M_11>0.5;A_r2_star_00>0.5;d_off<0.1;separation>1.5;ddG_AND<-1.0,-14.80000114440918,7,-23.100000381469727,-28.899999618530273,0.4252044645103732,0.4269497942597333,0.6469151156154686,0.646935754398751,2.0638783282400652e-05,0.21998596013901767,2,B-anchored,-43.70000076293945,5.340576171875e-05,17.996009826660156,baseline,522
0.004099723951165942,0.007014888305983507,0.012016697470552569,0.404044875115615,0.0016690216111484896,0.14116759323852876,0.0011738109859377335,0.0004925478758727493,2.1047119568049157e-22,4.0879033861845306e-24,1.724124534474546e-08,8.706677310935774e-07,0.00044243275443689445,0.00044243275433734447,0.009235402705529286,0.4444798104687207,1x1,o.o,-13.050898551940918,-58.916648864746094,30.762229919433594,33.19134521484375,11.017326354980469,8.60014343727201,0.2569555874954533,-4.846298213118615,A_S_01>0.5;A_S_11>0.5;A_M_11>0.5;A_r2_star_00>0.5;d_off<0.1,-14.80000114440918,7,-23.100000381469727,-28.899999618530273,0.3900847302090368,0.39183005995942743,0.39501844677074477,0.639226294290497,0.24420784751975227,0.2473962343310696,2,B-anchored,-43.70000076293945,2.417182917708459,22.162086482161584,aug_paired,522
0.12082606947852453,0.11645901502074046,0.41366295154310995,0.41385566765688697,0.0005967761440202216,0.4943514171417544,0.011778751471968274,0.003560836563154265,9.437611000108143e-16,3.0416796367527876e-15,5.088214083264221e-06,5.091553472061614e-06,0.6673760375205031,0.6673757073390455,0.7976343497971241,0.7977200773652903,2x2,o..,-22.003032684326172,-62.94491004943848,21.322639465332028,20.60136413574219,7.512077331542969,7.511672973632841,0.16815665905111737,0.7208709716797088,A_M_10<0.2;A_S_01>0.5;A_S_11>0.5;A_M_11>0.5;d_off<0.1;separation>1.5;ddG_AND<-1.0,-10.599998474121094,7,-23.600000381469727,-29.200000762939453,0.4634058810846442,0.46117319471727175,0.493233025740909,0.49325251972807543,1.949398716644124e-05,0.029846638643431234,2,B-anchored,-39.79999923706055,0.0004043579101278283,13.08969116210935,baseline,176
0.006014487157971118,0.0016494506110619077,0.006030332714721353,0.4109900535885702,0.0005967672597603858,0.4943514165902147,0.0005939108070642637,0.006260012301893373,1.1730557507359322e-20,1.7807193117419905e-20,2.265415075460541e-13,5.054238937578804e-06,0.0009628041229018022,0.0009628040711682218,0.000962839531869856,0.7919339769797559,2x2,o..,-7.058315277099609,-62.94493293762207,28.284248352050778,28.026992797851562,17.9447021484375,7.516206444375143,0.19213030884826138,-10.171240149863142,A_S_01>0.5;A_S_11>0.5;A_M_11>0.5;d_off<0.1,-10.599998474121094,7,-23.600000381469727,-29.200000762939453,0.3945740368275817,0.39234132928865934,0.39478102611691884,0.49260431615858224,0.0978232900416634,0.09803027933100056,2,B-anchored,-39.79999923706055,10.428495704062357,20.51078635347642,aug_paired,176
0.1696066889449397,0.1684273430195463,0.6950884481349657,0.6950885174005773,0.0017893909048981424,0.5067002740547472,0.005471199663258867,0.0011707831845792413,5.56047867990877e-09,1.1217038915678056e-11,0.01041047726176054,0.01041060613317466,0.9512893581538967,0.9514402826222798,0.7633652519736843,0.7633652272339616,2x2,.o.,-24.92369508743286,-64.46683120727539,11.714767456054688,15.539657592773438,2.8134689331054683,2.8134613037109375,0.1383665807501819,-3.8248977661132812,A_M_10<0.2;A_S_11>0.5;d_off<0.1;separation>1.5,-16.0,7,-18.299999237060547,-18.5,0.48725845202293405,0.4873086282795801,0.671872036690068,0.6718720612554894,2.4565421363753615e-08,0.18456343297590927,2,B-anchored,-34.5,7.629394530805911e-06,8.90130615234375,baseline,620
0.0019880230641437266,0.0011180800100045987,0.002330470977096081,0.2916421265236746,0.0017895063376175096,0.5067002741452016,0.01310091916970795,0.001184913099637435,6.499783735574691e-16,3.2510687383298206e-15,7.93590011867692e-07,0.0026147902791705804,0.00095433031670115,0.0009543297191639081,0.0010124674695810947,0.19248843770517762,2x2,.o.,-10.167591571807861,-64.46713638305664,21.552486419677734,20.560333251953125,8.657272338867188,3.6649954868613577,0.1713745272769929,-4.0001236842812204,A_S_11>0.5;A_M_11>0.5;d_off<0.1,-16.0,7,-18.299999237060547,-18.5,0.38718305666521946,0.3873044059096601,0.3855770334933611,0.5041205559184176,0.11681615000875756,0.11681615000875756,2,B-anchored,-34.5,4.99227685200583,16.895337765091767,aug_paired,620
0.12689393288868211,0.1243765873955372,0.3076693981300338,0.3076719341335179,0.0006672129183431677,0.6397436589088245,0.0031422262287632563,0.0013004677810937012,1.6385062450231834e-15,1.6728348728687845e-15,2.9796633349102286e-06,2.979700220195883e-06,0.7089022711511846,0.7089022708477417,0.6673566912640824,0.6673561084448805,2x2,.o.,-27.64846134185791,-55.73681354522705,20.98263549804687,20.96985626220703,7.841880798339844,7.8418731689453125,0.2166084566540044,0.012771606445308947,A_M_10<0.2;A_S_11>0.5;A_M_11>0.5;d_off<0.1;separation>1.5;ddG_AND<-1.0,-7.899999618530273,7,-16.5,-24.399999618530273,0.46734977272511335,0.4657922769465697,0.4555650308232878,0.4555648655189534,-0.011784907206159934,-0.011784907206159934,2,B-anchored,-32.29999923706055,7.62939453125e-06,13.127983093261719,baseline,281
0.00627734872228925,0.0037600017891448426,0.006276814370079795,0.301467624815824,0.0006672129177439487,0.6397436620588098,0.0006906563666104601,0.0013140087484466711,2.6076340362467655e-20,2.127562489370882e-20,1.9823114611001198e-13,2.8465825962220886e-06,0.0006057886110614937,0.0006057886110872509,0.0006058329683307958,0.6375702713125956,2x2,.o.,-10.604500770568848,-55.73680591583252,27.791912078857422,27.91731262207031,18.0269775390625,7.870041193184137,0.24242691196544397,-10.282336889091251,A_S_11>0.5;A_M_11>0.5;d_off<0.1,-7.899999618530273,7,-16.5,-24.399999618530273,0.39498007251644063,0.3934225766249338,0.39497885941344774,0.4571953645673045,0.062215292050863846,0.062215292050863846,2,B-anchored,-32.29999923706055,10.156936345878364,19.921870885673286,aug_paired,281
0.1180887929639199,0.12071142533660652,0.520803734738582,0.5208061306084751,0.0010471982498189147,0.3082066535953704,0.010395119393456212,0.00033088878928520603,6.115808192179913e-16,4.949270220396011e-13,4.2392532465757285e-06,4.23930572433894e-06,0.6657075946424795,0.6656585202794,0.6436490279509975,0.6436488967104754,2x2,o..,-25.354165077209473,-55.435773849487305,21.59001541137695,17.463058471679688,7.624580383300781,7.624572753906251,0.1885797835638038,4.126949310302731,A_M_10<0.2;A_S_01>0.5;A_S_11>0.5;d_off<0.1;separation>1.5;ddG_AND<-1.0,-3.200000762939453,7,-14.399999618530273,-24.899999618530273,0.4574233048370109,0.45687799892536385,0.6615666312290877,0.6615678457403551,1.2145112674444292e-06,0.20414454090334422,2,B-anchored,-28.100000381469727,7.629394530361822e-06,9.838485717773438,baseline,515
0.006280823903928213,0.007064567068831783,0.006811822810939067,0.5170129393418516,0.001047197869596918,0.3063670186773456,0.0010427791175919854,0.000331170826688051,1.0389855291371785e-19,3.5064155924799616e-15,4.3615794912672835e-09,4.195348652400196e-06,0.0009053348096108212,0.0009053365087324053,0.0015694374900712498,0.6397016973298681,2x2,o..,-13.708413124084473,-55.43299674987793,26.939918518066403,20.51373291015625,11.86444091796875,7.630996704604371,0.2131127979099283,2.1927413945457737,A_S_01>0.5;A_S_11>0.5;d_off<0.1;ddG_AND<-1.0,-3.200000762939453,7,-14.399999618530273,-24.899999618530273,0.3903933482064103,0.38970688386459973,0.39067552094132574,0.6594546988672099,0.2687791779258841,0.26906135066079956,2,B-anchored,-28.100000381469727,4.233444213364379,12.882736205551879,aug_paired,515
0.060671250618545294,0.061334327526141985,0.6323379090125122,0.632633207123522,0.04268616374296081,0.6588290837377595,0.01075441091935525,0.0006371705351038148,5.968039243781872e-18,5.687580299317644e-17,0.002505851730592015,0.0025071548998609294,0.35429592378251334,0.35429592340407307,0.6620853020561509,0.6622442855396491,1x1,o.o,-20.58956527709961,-55.09454345703125,24.44335174560547,23.05388641357422,3.69122314453125,3.690902709961051,0.2294520939967771,1.3891448974610512,A_M_10<0.2;A_S_11>0.5;A_r2_star_00>0.5;d_off<0.1;separation>1.5;ddG_AND<-1.0,-4.69999885559082,7,-16.200000762939453,-28.399999618530273,0.42230504005473873,0.4225267867362502,0.7213026219243074,0.7214571314038493,0.00015450947954187555,0.29893034466759905,2,B-anchored,-33.099998474121094,0.00032043457019881316,19.362983703613168,baseline,441
0.0009501539736195336,0.0016132306402150379,0.0031705331604718213,0.6272791798462986,0.04268616372888239,0.6588290838156708,0.03369037871564846,0.00068278432732048,2.3189484256100607e-21,1.6293379672454918e-20,8.85829777225059e-06,0.002470798472484569,0.0004541790847483185,0.00045417908471071894,0.002800679599263445,0.6549377443330288,1x1,o.o,-12.456768035888672,-55.09455871582031,29.283355712890625,28.081748962402344,7.170372009277344,3.699905453964135,0.24234330276959737,-2.2688598048249276,A_S_11>0.5;A_r2_star_00>0.5;d_off<0.1,-4.69999885559082,7,-16.200000762939453,-28.399999618530273,0.3870306086873769,0.3872523554566626,0.38808983654369544,0.7185778023734416,0.33048796582974616,0.331325446916779,2,B-anchored,-33.099998474121094,3.470466555313209,24.38184350843821,aug_paired,441
0.05676968608884484,0.05698857258347317,0.4788528666083072,0.47911274716222846,0.02132522174017537,0.6405088293158451,0.00910739193298273,0.0013549674517658132,2.6212421709472037e-17,3.136934775673061e-18,2.2224243232532452e-05,2.2237727831929875e-05,0.3363813213314992,0.3363813212056301,0.6418460214108715,0.6420340989445025,1x1,oo.,-19.370558738708496,-56.41277599334717,23.53131103515625,24.83975219726562,6.603462219238281,6.603088378906251,0.2155070060979395,-1.3088150024414027,A_M_10<0.2;A_S_11>0.5;A_M_11>0.5;A_r2_star_00>0.5;d_off<0.1;separation>1.5,-6.200000762939453,6,-23.200000762939453,-30.799999237060547,0.4000118549580005,0.42555031637502816,0.6684262522533431,0.6685762455340998,0.0001499932807567106,0.24302592915907162,3,B-anchored,-37.0,0.0003738403320303618,16.92822265625,baseline,345
0.0006799563149120039,0.0008988429259175818,0.03208593795653849,0.4784357056301676,0.021325221748092576,0.6405088292899433,0.020428766688044164,0.0016871367731101834,2.637038054086493e-18,1.2895248397626029e-20,1.4593323832990399e-06,2.2199771704316093e-05,0.00054661149578387,0.0005466114786951692,0.04265195391682112,0.641066600459604,1x1,oo.,-13.178481101989746,-56.41276836395264,24.946739196777344,28.225906372070312,8.281829833984375,6.604141235432337,0.22799631172428741,-4.956855773845007,A_S_11>0.5;A_M_11>0.5;A_r2_star_00>0.5;d_off<0.1,-6.200000762939453,6,-23.200000762939453,-30.799999237060547,0.36635802232171505,0.3918964837899473,0.40937258473286825,0.6681876865232622,0.25881510179039396,0.2762912027333149,3,B-anchored,-37.0,1.677688598552038,18.342597961345007,aug_paired,345
0.06483396233180265,0.06708561239646517,0.36655292060961825,0.36655345883213036,0.04031044415594796,0.18482907765158296,0.0008385561085945866,0.0004021983289109003,2.9881133502094215e-17,7.058375290347894e-18,4.231547500273979e-09,4.231599882647686e-09,0.33668503414911677,0.3363601455936062,0.41476064174319155,0.41476078141224115,1x1,oo.,-26.847076416015625,-56.503607749938965,23.45057678222656,24.33993530273438,11.883094787597656,11.883087158203125,0.22440178542820272,-0.8893661499023509,A_M_10<0.2;A_S_01>0.5;A_S_11>0.5;A_M_11>0.5;A_r2_star_00>0.5;d_off<0.1;separation>1.5;ddG_AND<-1.0,-7.099998474121094,6,-23.600000381469727,-32.5,0.42525554757966666,0.42744509917480433,0.5490406149870515,0.5490408344523032,2.194652517495399e-07,0.1215957352774989,3,B-anchored,-39.599998474121094,7.62939453125e-06,11.567489624023434,baseline,585
0.00833960190028157,0.010998592378371993,0.3523420847294949,0.36651076114393555,0.040476841918658614,0.18482907729455134,0.001240334479818787,0.00040233799319946045,4.236375091077277e-21,9.507386421510376e-22,4.063678709871581e-09,4.2309713369577936e-09,0.0005424036113090835,0.0005409449731133739,0.39832442715071165,0.41470848995134935,1x1,oo.,-20.654006958007812,-56.5061559677124,28.911964416503906,29.832885742187496,11.908042907714844,11.883178710937557,0.23574684025932202,-0.9457855224608771,A_M_10<0.2;A_S_01>0.5;A_S_11>0.5;A_M_11>0.5;A_r2_star_00>0.5;d_off<0.1;separation>1.5;ddG_AND<-1.0,-7.099998474121094,6,-23.600000381469727,-32.5,0.3921808009404921,0.3937929144565766,0.5428185373560412,0.5490224404606336,0.006203903104592401,0.15522952600405704,3,B-anchored,-39.599998474121094,0.024864196777286907,17.02878570556635,aug_paired,585
0.06345022426536663,0.05954022329033142,0.5974736916606163,0.5979633902870535,0.00047529921844360337,0.42474807341836873,0.0011267864925719405,0.0003394927819402538,8.246840406762949e-15,2.068541019398848e-18,0.0002816102680980481,0.00028187183861653884,0.3411728401121763,0.34117283916811497,0.8165607748667837,0.816996700111296,1x1,oo.,-11.598114013671875,-57.96088409423828,19.986633300781254,25.096389770507816,5.038414001464844,5.037841804568217,0.22573943040210695,-5.1103286666231895,A_M_10<0.2;A_S_01>0.5;A_S_11>0.5;A_r2_star_00>0.5;d_off<0.1;separation>1.5,-12.700000762939453,5,-24.700000762939453,-25.799999237060547,0.42465098448563915,0.4223735579034026,0.6746079379326374,0.6748371491767806,0.0002292112441432126,0.25018616469114147,3,B-anchored,-38.5,0.0005721968966270197,14.948791496213037,baseline,168
0.006374469832987968,0.0024644695689710495,0.011101735357496966,0.5811894690719819,0.0004752992189849259,0.4247480734196142,0.0005005315905408869,0.011772117680978056,1.5684236659618273e-17,6.492671255143772e-22,2.254772526102758e-06,0.0002738425097870788,0.0004482357202369262,0.00044823571554342134,0.006980180828143075,0.7937468925068879,1x1,oo.,-4.3333740234375,-57.96087646484375,23.84783935546875,30.067947387695312,8.013687133789062,5.055653065314373,0.23835167672301621,-9.178142100701251,A_S_01>0.5;A_S_11>0.5;A_r2_star_00>0.5;d_off<0.1,-12.700000762939453,5,-24.700000762939453,-25.799999237060547,0.3904067140568576,0.38812928772953936,0.3926784725074169,0.6667832342518256,0.27410476174440873,0.276376520194968,3,B-anchored,-38.5,2.9580340684746895,18.792186290154376,aug_paired,168
0.05855969209288663,0.05802948811882453,0.27502595766267185,0.3693142605012491,0.0013535862427419998,0.5055709033571325,0.012853626659459105,0.0008180393588644641,1.7599866889604092e-14,2.3048679407917455e-21,6.293950009120148e-07,9.035423310151499e-07,0.34115721745154,0.3411496113955424,0.3938823367205628,0.4168511283545901,1x1,oo.,-15.673883438110352,-58.43910789489746,19.519424438476562,29.287109375,8.800140380859375,8.577301025773664,0.2248454473551357,-9.990524291609148,A_M_10<0.2;A_S_11>0.5;A_M_11>0.5;A_r2_star_00>0.5;d_off<0.1;separation>1.5,1.5999984741210938,5,-23.299999237060547,-34.099998474121094,0.4217721668942313,0.42147851669732184,0.4254078373487092,0.42699211182959484,0.0015842744808856613,0.005219944935363541,3,B-anchored,-32.5,0.22283935508571062,10.942123412702898,baseline,178
0.0016150477884217713,0.0010875281070784615,0.0016207278185680104,0.36924630911628625,0.0013536092334711426,0.505570903357188,0.0013583943656373387,0.0009100201304658384,8.318135074996124e-19,6.790265367917807e-23,1.5322103387087683e-11,9.033768528364827e-07,0.00044326553508674166,0.0004432647037003375,0.0004503260887870712,0.41677414572903754,1x1,oo.,-8.391580581665039,-58.43911552429199,25.65785217285156,31.459457397460938,15.347450256347656,8.577413911441823,0.23743897271205067,-12.571641569515212,A_S_11>0.5;A_M_11>0.5;A_r2_star_00>0.5;d_off<0.1,1.5999984741210938,5,-23.299999237060547,-34.099998474121094,0.38761081358960425,0.3873185470979845,0.3876111679646244,0.42698488776776716,0.03937371980314275,0.03937407417816291,3,B-anchored,-32.5,6.770036344905833,17.080438261409736,aug_paired,178
0.05684420299655817,0.057106173484641566,0.4791110898706788,0.4791127653181601,0.05966753690631947,0.3353633778109867,0.008880913014630388,0.0010903429980305469,2.2786874031740703e-20,4.580340936213002e-19,2.223800311301072e-05,2.223827839749927e-05,0.33638132123843345,0.336381321222518,0.6420328992699381,0.6420341120840527,1x1,oo.,-21.84477138519287,-59.19951343536377,27.875019073486328,26.025588989257812,6.603080749511719,6.6030731201171875,0.20584339211974823,1.8494224548339844,A_M_10<0.2;A_S_01>0.5;A_S_11>0.5;A_M_11>0.5;A_r2_star_00>0.5;d_off<0.1;separation>1.5;ddG_AND<-1.0,-3.700000762939453,5,-24.100000381469727,-30.799999237060547,0.4224801619435352,0.42561144182060856,0.6685752910504739,0.6685762559870887,9.649366148334337e-07,0.24296481416648014,3,B-anchored,-34.5,7.62939453125e-06,19.422515869140625,baseline,345
0.0007544733008527217,0.0010164438164582863,0.4387552387769549,0.4789102526524292,0.05966753691366533,0.33536337783376624,0.01102590121946212,0.001092146496969404,1.5715567875723395e-22,1.0151313378034244e-21,2.035533034681086e-05,2.2221767358268066e-05,0.0005466114782453069,0.0005466114790785292,0.5878565936763308,0.6417028172303604,1x1,oo.,-15.652068138122559,-59.19951343536377,30.942264556884766,29.792495727539062,6.657600402832032,6.60353088379233,0.21833269771842226,1.0956993103060029,A_M_10<0.2;A_S_01>0.5;A_S_11>0.5;A_M_11>0.5;A_r2_star_00>0.5;d_off<0.1;separation>1.5;ddG_AND<-1.0,-3.700000762939453,5,-24.100000381469727,-30.799999237060547,0.38882632938355843,0.3919576092273702,0.6452222528064026,0.6684622525708304,0.02323999976442781,0.27650464334346014,3,B-anchored,-34.5,0.05406951903970203,23.18896484374673,aug_paired,345
0.056814050802418956,0.056956747712588594,0.479112724740484,0.47911276114469714,0.037756810916134476,0.4334312692415727,0.003746085925606435,0.0010603410218123388,3.048585899003644e-20,1.2158319717354728e-21,2.223800311301072e-05,2.2238278384639227e-05,0.33638132118568115,0.3363813211383992,0.6420340827150762,0.6420341090623384,1x1,oo.,-12.587065696716309,-64.53952503204346,27.695621490478512,29.68130493164062,6.603080749511719,6.603073120473596,0.20320487788656266,-1.9856910702002324,A_M_10<0.2;A_S_01>0.5;A_S_11>0.5;A_M_11>0.5;A_r2_star_00>0.5;d_off<0.1;separation>1.5,-5.700000762939453,5,-26.200000762939453,-30.799999237060547,0.425307546272583,0.4255312177876334,0.668576232622296,0.668576253584329,2.096203299828403e-08,0.24304503579669562,3,B-anchored,-36.5,7.629038123013743e-06,21.092548370004916,baseline,345
0.0007243211466312904,0.0008670180970917639,0.47785094872859346,0.47880108058075205,0.03775681091825127,0.43343126924156083,0.003849775608483874,0.001160851429471621,7.402292615040795e-23,5.055535249037101e-25,2.217258222863837e-05,2.2217069699632605e-05,0.0005466114780889875,0.0005466114780434314,0.6402825126592765,0.6415563941515323,1x1,oo.,-6.394499778747559,-64.53953266143799,31.406269073486325,34.47953796386719,6.604896545410156,6.60366118714029,0.21569418352405015,-3.0745042486507295,A_M_10<0.2;A_S_01>0.5;A_S_11>0.5;A_M_11>0.5;A_r2_star_00>0.5;d_off<0.1;separation>1.5,-5.700000762939453,5,-26.200000762939453,-30.799999237060547,0.39165371370333696,0.3918773852242057,0.6678492888886666,0.6683990881141406,0.0005497992254740458,0.27652170288993494,3,B-anchored,-36.5,0.0012353582698665377,24.802607886346035,aug_paired,345
