library,switch_number,on_off,dG_bind,nt_trigger
g168,1,292.0,-31.7,65
g168,10,192.4,-28.8,65
g168,100,13.6,-33.5,65
g168,101,13.1,-33.4,65
g168,102,12.7,-35.6,65
g168,103,12.4,-31.3,65
g168,104,12.2,-31.1,65
g168,105,11.4,-29.4,65
g168,106,11.0,-38.0,65
g168,107,10.3,-35.8,65
g168,108,9.9,-27.3,65
g168,109,9.8,-27.6,65
g168,11,181.2,-31.9,65
g168,110,9.7,-44.1,65
g168,111,9.6,-37.7,65
g168,112,9.4,-34.5,65
g168,113,9.0,-37.4,65
g168,114,8.9,-27.7,65
g168,115,8.9,-33.2,65
g168,116,8.7,-30.4,65
g168,117,8.5,-34.4,65
g168,118,8.4,-32.2,65
g168,119,8.1,-40.6,65
g168,12,169.9,-38.5,65
g168,120,7.7,-37.9,65
g168,121,7.4,-29.5,65
g168,122,7.3,-33.5,65
g168,123,6.8,-39.1,65
g168,124,6.4,-33.3,65
g168,125,6.0,-40.2,65
g168,126,5.9,-30.8,65
g168,127,5.8,-39.7,65
g168,128,5.1,-31.4,65
g168,129,4.7,-32.9,65
g168,13,155.3,-31.9,65
g168,130,4.5,-36.5,65
g168,131,4.5,-29.5,65
g168,132,3.8,-35.6,65
g168,133,3.7,-34.5,65
g168,134,3.3,-29.4,65
g168,135,3.2,-34.1,65
g168,136,3.1,-30.9,65
g168,137,2.9,-36.5,65
g168,138,2.9,-40.1,65
g168,139,2.6,-35.6,65
g168,14,153.4,-29.8,65
g168,140,2.6,-40.5,65
g168,141,2.2,-36.7,65
g168,142,2.1,-34.7,65
g168,143,2.0,-38.5,65
g168,144,2.0,-37.3,65
g168,145,2.0,-35.7,65
g168,146,1.9,-32.8,65
g168,147,1.9,-38.1,65
g168,148,1.9,-36.4,65
g168,149,1.9,-39.1,65
g168,15,124.7,-32.1,65
g168,150,1.6,-34.6,65
g168,151,1.5,-34.8,65
g168,152,1.4,-31.6,65
g168,153,1.3,-32.3,65
g168,154,1.3,-38.8,65
g168,155,1.2,-40.5,65
g168,156,1.2,-34.1,65
g168,157,1.2,-39.1,65
g168,158,1.2,-31.9,65
g168,159,1.1,-34.0,65
g168,16,123.2,-37.3,65
g168,160,1.1,-39.5,65
g168,161,1.1,-34.4,65
g168,162,1.1,-29.6,65
g168,163,1.0,-32.2,65
g168,164,1.0,-41.0,65
g168,165,0.9,-34.1,65
g168,166,0.9,-38.3,65
g168,167,0.9,-38.2,65
g168,168,0.6,-31.4,65
g168,17,122.6,-41.6,65
g168,18,115.1,-30.9,65
g168,19,103.5,-35.6,65
g168,2,279.6,-35.3,65
g168,20,101.9,-32.9,65
g168,21,86.6,-37.7,65
g168,22,83.1,-31.6,65
g168,23,75.2,-35.1,65
g168,24,74.8,-37.4,65
g168,25,72.6,-38.8,65
g168,26,68.2,-32.9,65
g168,27,67.3,-36.2,65
g168,28,66.9,-28.3,65
g168,29,63.1,-36.8,65
g168,3,265.3,-36.9,65
g168,30,63.0,-35.1,65
g168,31,62.0,-27.8,65
g168,32,59.4,-27.9,65
g168,33,58.5,-37.9,65
g168,34,57.1,-31.8,65
g168,35,53.9,-39.1,65
g168,36,53.4,-40.7,65
g168,37,52.7,-38.5,65
g168,38,51.0,-34.9,65
g168,39,48.7,-35.0,65
g168,4,264.6,-30.9,65
g168,40,48.6,-31.8,65
g168,41,48.3,-31.8,65
g168,42,44.7,-33.9,65
g168,43,42.4,-31.5,65
g168,44,41.5,-34.0,65
g168,45,41.4,-33.4,65
g168,46,40.5,-33.0,65
g168,47,39.6,-35.9,65
g168,48,39.1,-37.5,65
g168,49,38.7,-39.5,65
g168,5,253.0,-30.2,65
g168,50,38.2,-35.5,65
g168,51,37.6,-32.5,65
g168,52,37.3,-30.8,65
g168,53,36.8,-33.3,65
g168,54,36.4,-32.1,65
g168,55,33.9,-35.9,65
g168,56,33.8,-37.6,65
g168,57,33.3,-36.2,65
g168,58,32.7,-29.3,65
g168,59,32.2,-27.6,65
g168,6,219.8,-37.8,65
g168,60,30.2,-31.3,65
g168,61,30.0,-32.2,65
g168,62,29.4,-30.1,65
g168,63,29.3,-31.8,65
g168,64,29.1,-37.1,65
g168,65,27.4,-33.2,65
g168,66,26.2,-29.6,65
g168,67,24.9,-39.1,65
g168,68,24.8,-33.0,65
g168,69,24.5,-28.4,65
g168,7,213.3,-29.3,65
g168,70,24.1,-30.1,65
g168,71,23.9,-38.0,65
g168,72,23.3,-34.6,65
g168,73,22.8,-31.2,65
g168,74,22.5,-36.2,65
g168,75,22.3,-33.2,65
g168,76,22.0,-32.3,65
g168,77,21.0,-35.9,65
g168,78,19.9,-29.8,65
g168,79,19.7,-36.1,65
g168,8,200.8,-31.7,65
g168,80,19.5,-34.7,65
g168,81,18.8,-38.7,65
g168,82,18.7,-39.3,65
g168,83,18.6,-29.3,65
g168,84,18.4,-38.1,65
g168,85,18.4,-32.9,65
g168,86,18.0,-39.1,65
g168,87,18.0,-35.2,65
g168,88,17.7,-29.2,65
g168,89,17.4,-36.8,65
g168,9,194.4,-32.9,65
g168,90,17.2,-29.8,65
g168,91,16.9,-35.4,65
g168,92,16.9,-36.6,65
g168,93,16.9,-35.2,65
g168,94,16.6,-41.2,65
g168,95,16.2,-27.1,65
g168,96,16.1,-28.4,65
g168,97,16.0,-25.6,65
g168,98,15.7,-31.1,65
g168,99,15.2,-34.5,65
g13,1,665.0,-33.0,65
g13,10,343.0,-34.3,65
g13,11,292.0,-33.3,65
g13,12,288.0,-27.0,65
g13,13,33.0,-42.8,65
g13,2,586.0,-31.2,65
g13,3,557.0,-33.1,65
g13,4,483.0,-32.1,65
g13,5,453.0,-33.8,65
g13,6,409.0,-33.3,65
g13,7,403.0,-29.3,65
g13,8,393.0,-38.9,65
g13,9,381.0,-38.3,65
vista,102,21.432098762962962,-51.4,36
vista,105,47.98611111111111,-45.6,36
vista,108,59.86111111111111,-53.8,36
vista,111,74.22727306012398,-50.8,36
vista,114,44.084321462450596,-51.6,36
vista,117,45.28735631896552,-50.6,36
vista,120,15.609756091314694,-54.9,36
vista,123,14.132947976878611,-53.3,36
vista,127,20.135245902874395,-54.5,36
vista,130,16.43925233397764,-51.8,36
vista,133,33.360522093573444,-45.5,36
vista,136,4.799625466292135,-48.5,36
vista,142,15.322314050853082,-54.0,36
vista,148,7.866300365384616,-48.6,36
vista,153,11.352941177612456,-46.1,36
vista,157,70.57632398598132,-15.4,36
vista,161,18.517316016233767,-52.3,36
vista,164,16.63895515434107,-43.0,36
vista,170,21.10344826858502,-55.4,36
vista,173,6.177606176130349,-54.9,36
vista,176,3.4144144135135135,-47.0,36
vista,179,8.906848149344668,-45.9,36
vista,182,10.429244888996259,-48.1,36
vista,185,6.350210970464135,-48.0,36
vista,188,4.114001396612133,-50.0,36
vista,191,3.8718887264913535,-55.4,36
vista,194,1.077580071253221,-52.1,36
vista,197,2.6,-42.8,36
vista,200,3.2591362120831997,-38.9,36
vista,203,10.424886190803305,-40.0,36
vista,211,6.940217391534514,-52.3,36
vista,214,9.073394490792023,-55.3,36
vista,217,10.759856623655915,-48.6,36
vista,22,4.417931338478024,-47.7,36
vista,223,4.15070093389611,-55.0,36
vista,226,28.406976761283126,-59.7,36
vista,231,35.08108110546019,-59.5,36
vista,235,51.365369947368414,-55.8,36
vista,238,31.693333332,-52.3,36
vista,241,24.221014494565217,-56.6,36
vista,247,18.04137930972271,-54.6,36
vista,250,9.968152873228123,-49.2,36
vista,253,12.680555552083334,-49.1,36
vista,256,13.521526163959782,-38.7,36
vista,26,6.3166755271132375,-52.0,36
vista,261,8.696691176630454,-46.9,36
vista,265,4.598620690041284,-48.4,36
vista,268,7.536855036392085,-54.5,36
vista,271,1.7875383043083508,-47.2,36
vista,274,5.807741934268487,-48.6,36
vista,277,5.688030155781718,-49.7,36
vista,280,8.696969696969697,-54.6,36
vista,283,3.881648936118595,-49.6,36
vista,286,4.511489108325873,-57.0,36
vista,29,7.590252707581228,-52.4,36
vista,290,3.4495530011494253,-54.3,36
vista,293,2.921839080689655,-56.5,36
vista,296,1.9777484993412386,-51.1,36
vista,300,3.6964705883836118,-50.4,36
vista,304,29.39486397177727,-52.1,36
vista,308,3.1555237009157855,-51.5,36
vista,311,6.405940593881483,-51.2,36
vista,314,1.0966441019890054,-58.6,36
vista,32,7.272832639082058,-48.0,36
vista,320,4.402061859177383,-59.4,36
vista,323,3.8704453441295543,-54.6,36
vista,327,16.755395683939238,-52.3,36
vista,331,9.823723230778208,-48.0,36
vista,336,9.114877589265538,-47.7,36
vista,339,2.545688545559846,-51.0,36
vista,342,33.089743590384614,-9.7,36
vista,345,12.996742671433118,-52.1,36
vista,348,2.562130177329925,-38.2,36
vista,351,13.81578947368421,-44.3,36
vista,354,5.0356506238859176,-46.1,36
vista,357,6.916546763806946,-42.3,36
vista,36,4.0649188514357055,-48.8,36
vista,360,6.7367758177913375,-42.4,36
vista,363,8.96911196911197,-46.3,36
vista,366,11.262135922330097,-43.2,36
vista,374,4.925392668203482,-50.3,36
vista,378,40.19178082191781,-52.2,36
vista,385,36.064516069250786,-54.9,36
vista,388,50.71310116915422,-54.2,36
vista,391,3.5081481484444446,-52.0,36
vista,394,31.15183245534662,-54.5,36
vista,397,14.585657364308505,-51.5,36
vista,40,4.143678161637931,-50.5,36
vista,400,6.733922828960296,-50.2,36
vista,403,8.746907036055143,-53.3,36
vista,406,6.826086953119094,-21.3,36
vista,409,11.437086092715232,-50.8,36
vista,412,1.0660592255003867,-46.1,36
vista,415,6.88207136618799,-54.6,36
vista,420,7.470644618979152,-51.0,36
vista,423,56.58199889803523,-53.7,36
vista,426,33.90756303945695,-45.8,36
vista,429,4.8347107438016526,-50.6,36
vista,43,11.671787708006732,-48.7,36
vista,432,9.823008853903985,-49.7,36
vista,439,11.610738247912256,-48.4,36
vista,442,46.08782435329341,-54.0,36
vista,445,27.848071214371036,-50.0,36
vista,448,10.158333332500002,-46.0,36
vista,451,18.21782178217822,-47.6,36
vista,454,13.482014398907923,-47.1,36
vista,457,21.02298850689655,-45.0,36
vista,46,6.507322175156138,-47.5,36
vista,460,32.744680885898596,-48.7,36
vista,463,17.698757769782222,-52.3,36
vista,466,10.949367082310527,-48.2,36
vista,469,13.679297088962109,-51.4,36
vista,472,33.904761914285714,-59.9,36
vista,475,43.551236673937744,-53.8,36
vista,478,23.485714319265306,-51.3,36
vista,481,15.303846144113907,-49.8,36
vista,486,3.106218939668385,-60.1,36
vista,489,10.601980200317223,-57.2,36
vista,492,3.1306737738927852,-54.4,36
vista,495,3.8801611268882175,-52.7,36
vista,499,2.223726518869521,-46.4,36
vista,50,24.4982078844086,-48.4,36
vista,502,5.527037934624698,-46.6,36
vista,505,3.085784313970588,-42.3,36
vista,510,5.0533498765442495,-55.8,36
vista,514,36.48695655433648,-47.7,36
vista,518,18.702777775,-52.3,36
vista,521,13.065004762399376,-50.3,36
vista,524,22.758293854387816,-52.7,36
vista,527,17.83948903550111,-47.9,36
vista,53,4.555347090890179,-50.0,36
vista,530,37.86720321931589,-51.4,36
vista,534,26.713483147568173,-50.7,36
vista,542,13.171824099626555,-48.7,36
vista,546,65.4137446501911,-48.7,36
vista,549,40.90243907427127,-53.1,36
vista,552,37.567567567567565,-48.7,36
vista,556,6.458408679343724,-48.3,36
vista,559,31.228813584939672,-46.7,36
vista,562,31.975757576363634,-46.9,36
vista,565,8.660633484162895,-45.5,36
vista,568,8.097251584819134,-46.1,36
vista,57,23.85344827294367,-49.8,36
vista,571,44.35284421628429,-50.5,36
vista,574,7.7612403116279065,-49.0,36
vista,577,18.07762556849315,-42.3,36
vista,580,28.720238080357145,-51.0,36
vista,583,50.14516119331426,-45.7,36
vista,586,73.9108074255713,-45.5,36
vista,589,18.07956104526749,-46.7,36
vista,592,4.780104687015159,-50.9,36
vista,595,10.905298291614518,-43.6,36
vista,598,6.8755622214206245,-47.2,36
vista,60,2.5377468059233452,-48.5,36
vista,602,10.025784754487196,-50.6,36
vista,606,16.018817201612904,-52.5,36
vista,609,4.796934866666667,-50.6,36
vista,612,9.879978179214403,-50.8,36
vista,615,15.027173908688269,-48.7,36
vista,619,61.71428560408163,-45.8,36
vista,622,23.2010081852552,-7.7,36
vista,625,32.394594577624545,-48.7,36
vista,628,25.35510203454894,-19.4,36
vista,631,38.010526308418285,-18.8,36
vista,634,23.66557227900638,-48.9,36
vista,638,15.0616312588513,-53.0,36
vista,64,16.192737431897413,-46.9,36
vista,641,64.67775481221987,-51.3,36
vista,644,37.828162291169456,-48.0,36
vista,647,61.22641509433962,-56.7,36
vista,650,24.764999987617504,-53.2,36
vista,653,42.76190476122449,-42.8,36
vista,656,43.353973167182666,-47.5,36
vista,659,27.152631593764543,-46.9,36
vista,662,27.940119765022768,-38.7,36
vista,665,70.48076938553994,-43.6,36
vista,668,30.511363636363633,-40.7,36
vista,67,8.80818414547524,-51.5,36
vista,671,24.385964912828946,-49.0,36
vista,674,59.74587038878601,-48.1,36
vista,70,15.327868852459018,-49.0,36
vista,73,5.465737514285714,-48.0,36
vista,76,2.246153846153846,-45.4,36
vista,81,19.566473986730262,-49.8,36
vista,84,2.847273624475697,-53.3,36
vista,87,3.7478448269939983,-50.3,36
vista,93,19.208074536429194,-46.4,36
vista,96,18.407407406944444,-51.4,36
vista,99,8.444619016060189,-22.3,36
