switch_number,on_off,aug_index,p_open_off,p_open_on,dG_open_off,dG_open_on,separation,A_M_off,A_M_on,A_M_gain,A_M_ratio,ied_toehold12_off,k_analogue12,ied_toehold15_off,k_analogue15,ied_toehold18_off,k_analogue18,dG_rbs_linker,ied_rbs_linker_off,ied_rbs_linker_on,ied_rbs_linker_gain,mean_wrank_off,mean_wrank_on,mean_wrank_gain,aug_off,aug_on,aug_gain,narrow_sep,dG_OFF,d_OFF,switch_len,trig_len
4,264.6,50,2.1815498187459284e-11,0.01568488984767335,15.12968921661377,2.5608482360839844,12.568840980529785,0.1606648929958686,0.7122001891586779,0.5515352961628093,4.432830196307986,0.11007227580426227,0.8899277241957377,0.16096472333341783,0.8390352766665822,0.30031232267626207,0.6996876773237379,-6.5,0.48746280226949434,0.35983133264864475,0.1276314696208496,0.460055471097954,0.6949662041519966,0.2349107330540426,0.9159411505444188,0.7204328538367272,-0.19550829670769165,5.047967910766602,-21.5,0.09954546179394066,92,30
10,192.4,50,3.946174673229723e-11,0.003176454851504547,14.764389038085938,3.5450706481933594,11.219318389892578,0.16217899404069225,0.8866107643581915,0.7244317703174993,5.466865604899069,0.10644884923910869,0.8935511507608913,0.1588161400107978,0.8411838599892022,0.29809631321776064,0.7019036867822394,-4.199999809265137,0.489679350106933,0.2520593023319171,0.23762004777501589,0.4573539666164929,0.8528642251381607,0.3955102585216678,0.8954320336697711,0.8986021449065728,0.003170111236801665,6.499505996704102,-23.299999237060547,0.10662707721752288,92,31
14,153.4,50,2.5802246731354844e-12,0.026746488729904126,16.4453763961792,2.231914520263672,14.213461875915527,0.16653469432934032,0.7243028084070388,0.5577681140776984,4.349260743077667,0.11169387501821504,0.888306124981785,0.1650913341488286,0.8349086658511714,0.3036909889911624,0.6963090110088376,-4.199999809265137,0.4840378132242352,0.30401954166517997,0.18001827155905525,0.4654906142660719,0.7983747294974664,0.33288411523139444,0.9804612228389914,0.45339407865245546,-0.527067144186536,6.629415512084961,-23.299999237060547,0.08998855884809508,92,30
42,44.7,50,3.396323537259627e-08,0.11736729856952682,10.59947681427002,1.3204345703124998,9.27904224395752,0.17194118497577693,0.8418995364513425,0.6699583514755656,4.896439073453806,0.1063337281556449,0.8936662718443551,0.15924204233359585,0.8407579576664042,0.2982012793140778,0.7017987206859222,-4.199999809265137,0.4820392476792247,0.265221757010508,0.2168174906687167,0.4699565802648306,0.8311891020587235,0.3612325217938929,0.9805815432408269,0.7111847729956308,-0.26939677024519615,7.9132795333862305,-22.399999618530273,0.09594136240332872,92,31
46,40.5,50,4.386942784559515e-12,0.026680352027282424,16.118260383605957,2.233440399169922,13.884819984436035,0.16182724758229347,0.7717164986916898,0.6098892511093963,4.768767375217522,0.10899369896213285,0.8910063010378672,0.16003319224603751,0.8399668077539625,0.2999553204603309,0.7000446795396691,-5.099999904632568,0.4823286597924754,0.290213478945747,0.1921151808467284,0.46832091303204443,0.7855970713738093,0.31727615834176487,0.9542565298301167,0.6269339580832097,-0.32732257174690693,9.473844528198242,-27.399999618530273,0.08973230147797129,92,31
48,39.1,50,1.7623733642716657e-11,0.007748320482606562,15.26119613647461,2.9954910278320312,12.265705108642578,0.17256570024830561,0.8021667716605524,0.6296010714122467,4.648471686472519,0.32033765835523675,0.6796623416447632,0.3269981927091947,0.6730018072908053,0.4386260087053546,0.5613739912946454,-5.0,0.5084826245174208,0.3144934233322626,0.19398920118515817,0.46281170117943043,0.7859187675107181,0.32310706633128766,0.9781641893832633,0.6564753286649659,-0.3216888607182974,5.635698318481445,-27.299999237060547,0.1055223797583223,92,31
55,33.9,50,6.290037818650683e-14,0.0015128124610173832,18.734440803527832,4.002254486083984,14.732186317443848,0.17218606565190978,0.7244731436866344,0.5522870780347247,4.2075015823360795,0.12976080853624972,0.8702391914637503,0.2081905805632157,0.7918094194367843,0.33941239187620187,0.6605876081237981,-7.0,0.49196617137429866,0.36145338707959607,0.1305127842947026,0.4588402278536416,0.6953832888673188,0.23654306101367722,0.9746190945343406,0.6299581372082423,-0.34466095732609825,6.3684539794921875,-29.0,0.12261050357833086,92,30
56,33.8,50,5.731327200424292e-14,0.0015128124610173832,18.791770935058594,4.002254486083984,14.78951644897461,0.1738966024859316,0.7244731436866325,0.5505765412007009,4.166114422765925,0.18861246437508472,0.8113875356249153,0.2582020032484128,0.7417979967515872,0.37902132530391286,0.6209786746960871,-7.0,0.49521327521524394,0.36145338707959673,0.1337598881356472,0.47341372260297787,0.695383288867318,0.22196956626434017,0.9746191060703943,0.6299581372082429,-0.34466096886215136,6.3684539794921875,-28.700000762939453,0.0888469572336149,92,31
59,32.2,50,1.581056833041942e-11,0.09074519222337997,15.328108787536621,1.4789848327636717,13.84912395477295,0.16038018993263536,0.8219311650490668,0.6615509751164315,5.124892079216911,0.1062764991538504,0.8937235008461496,0.15917678097248,0.84082321902752,0.29814691176280617,0.7018530882371938,-4.199999809265137,0.4861569863984847,0.26773131624619195,0.21842567015229275,0.4633106038967482,0.8490259331189497,0.3857153292222015,0.8949024552470192,0.8831701956705317,-0.011732259576487492,7.777711868286133,-25.200000762939453,0.10386642525390184,92,30
63,29.3,50,9.412308637152692e-12,0.003329713161650242,15.647769927978517,3.5160293579101562,12.131740570068361,0.1601012187538293,0.6720808066397779,0.5119795878859486,4.197849409711024,0.11169077958646412,0.8883092204135359,0.1651022542486026,0.8348977457513974,0.3037337758405916,0.6962662241594084,-8.5,0.48822462917394005,0.3190589900537587,0.16916563912018134,0.4587526094210916,0.7808290287646557,0.32207641934356407,0.9168436146015854,0.6512105913409186,-0.26563302326066673,6.801326751708984,-26.700000762939453,0.09711098010385343,92,30
64,29.1,50,1.7334396522245593e-11,0.0023103908028656835,15.271398544311523,3.7412757873535156,11.530122756958008,0.17227947901279567,0.679930006992067,0.5076505279792713,3.946668581123157,0.15857555118140665,0.8414244488185934,0.14385861534676259,0.8561413846532374,0.2824896710755638,0.7175103289244362,-5.599999904632568,0.47475398750950126,0.39019047307554866,0.0845635144339526,0.48727808701376074,0.6692154857406095,0.18193739872684878,0.9829388744726728,0.7168304205006918,-0.266108453971981,5.013477325439453,-25.399999618530273,0.10319714957699114,92,30
68,24.8,50,1.560840395847467e-14,0.0015128030975431524,19.593433380126953,4.00225830078125,15.591175079345703,0.171951539071557,0.7244731436866341,0.552521604615077,4.213240239653495,0.3668247233018461,0.6331752766981539,0.36398853033262024,0.6360114696673798,0.46947857714761676,0.5305214228523832,-7.0,0.5011394873187505,0.36145338707959596,0.1396861002391545,0.46422312052409,0.6953832888673188,0.23116016834322883,0.9746191371375991,0.6299581372082428,-0.3446609999293563,6.368459701538086,-29.600000381469727,0.22759241001916417,92,30
70,24.1,50,6.396767254323551e-15,0.007551689026801963,20.14320182800293,3.011333465576172,17.131868362426758,0.16479903834968013,0.7011149207861922,0.5363158824365121,4.254362936866937,0.11169281203752945,0.8883071879624705,0.16509276822180274,0.8349072317781973,0.3036936693553973,0.6963063306446027,-7.699999809265137,0.48463153946807924,0.29949864494333467,0.18513289452474457,0.4645329914893001,0.8014014920698866,0.33686850058058654,0.954351355000251,0.8094590084990693,-0.14489234650118177,10.658294677734377,-28.799999237060547,0.09411753683392457,92,30
72,23.3,50,3.4809939063530906e-13,0.00798553030795504,17.67995548248291,2.9769058227539062,14.703049659729004,0.1655913585392624,0.7914604207375197,0.6258690621982572,4.779599779356005,0.35805882204208894,0.6419411779579111,0.2913273860615936,0.7086726139384064,0.4073117339215995,0.5926882660784005,-5.0,0.4968016990585046,0.3078009946678648,0.18900070439063976,0.49266934253686745,0.791578869255193,0.2989095267183256,0.9781721772289349,0.5909193573879941,-0.38725281984094084,6.694026947021484,-31.899999618530273,0.028513478914363215,92,30
88,17.7,50,2.8146124151307175e-12,0.016860476732240448,16.391788482666016,2.5163040161132812,13.875484466552734,0.15022545005388702,0.721693546855236,0.571468096801349,4.804069793742399,0.10898853392425023,0.8910114660757498,0.16002372336327209,0.8399762766367279,0.29994141236508176,0.7000585876349182,-5.400000095367432,0.4865128703733169,0.31684190625239395,0.16967096412092297,0.4615637821225871,0.7947627658853634,0.33319898376277635,0.8316830235395923,0.7969459575759777,-0.03473706596361459,6.856740951538086,-27.100000381469727,0.10419501463985822,92,30
101,13.1,50,2.889086078305575e-14,0.0015128124610173832,19.21395492553711,4.002254486083984,15.211700439453125,0.17188245972476515,0.7244731436866344,0.5525906839618693,4.214933535665774,0.4419977835596648,0.5580022164403352,0.43507561771278946,0.5649243822872105,0.5278494744083129,0.4721505255916871,-7.0,0.5117054328202484,0.36145338707959584,0.15025204574065254,0.45333162765361285,0.6953832888673189,0.24205166121370608,0.9745960677613917,0.6299581372082428,-0.34463793055314895,6.368476867675781,-31.0,0.15514195811271028,92,30
112,9.4,50,4.268133050767238e-11,0.0028558656312698077,14.71605110168457,3.6106414794921875,11.105409622192383,0.16893338788143594,0.7002469377371399,0.5313135498557039,4.14510681706449,0.3800649306952216,0.6199350693047784,0.3931835718944866,0.6068164281055134,0.49379001355944374,0.5062099864405563,-5.699999809265137,0.5110720235467965,0.3928837055957666,0.11818831795102991,0.46344749712280686,0.665653806466788,0.2022063093439811,0.9781690959059476,0.8149608871572775,-0.16320820874867004,6.768333435058594,-28.299999237060547,0.19697921140645056,92,30
117,8.5,50,1.8982849490350934e-14,0.0010545152761657047,19.472803115844727,4.224678039550781,15.248125076293945,0.16702923172034165,0.7248608931054457,0.557831661385104,4.339724763382052,0.47449280464834775,0.5255071953516522,0.3965217336203961,0.6034782663796039,0.4944741869973117,0.5055258130026883,-7.0,0.525924914015544,0.3436923481539259,0.18223256586161807,0.49534087502494395,0.7429944948816731,0.24765361985672918,0.9746345573338412,0.6719120769356436,-0.3027224803981976,7.2951202392578125,-34.5,0.055974443275250425,92,30
121,7.4,50,2.214060086562554e-12,0.011855128909477083,16.539703369140625,2.733379364013672,13.806324005126953,0.1654385680332085,0.5542075849877798,0.3887690169545713,3.3499297749998274,0.11183848082996073,0.8881615191700393,0.1648146526084715,0.8351853473915285,0.30264683021673366,0.6973531697832663,-6.099999904632568,0.4843386514618324,0.42077031561776457,0.06356833584406785,0.4650436176680209,0.5746254864863134,0.10958186881829252,0.9440351273840509,0.5310828418956873,-0.4129522854883636,5.977331161499023,-23.700000762939453,0.09448054425605232,92,30
124,6.4,50,8.66567221502473e-14,0.0015128124610173832,18.536970138549805,4.002254486083984,14.53471565246582,0.1717845312827214,0.7244731436866348,0.5526886124039134,4.2173363240390005,0.3360491277450167,0.6639508722549833,0.35804865614695125,0.6419513438530488,0.46469046951795046,0.5353095304820495,-7.0,0.5107953874728507,0.3614533870795955,0.14934200039325518,0.4630712619528583,0.6953832888673193,0.23231202691446096,0.974619142599802,0.6299581372082428,-0.3446610053915592,6.368463516235352,-30.700000762939453,0.09341976843773707,92,30
134,3.3,50,2.468003344888438e-09,0.018685856493919514,12.215389251708984,2.4529495239257812,9.762439727783203,0.16738502622927467,0.7771602887396589,0.6097752625103843,4.64294988773457,0.10656691054140388,0.8934330894585961,0.1589341261323286,0.8410658738676714,0.2981954646127619,0.7018045353872381,-6.0,0.48342383498017893,0.2871078826180371,0.19631595236214183,0.4674455038240456,0.8054536284569438,0.3380081246328982,0.9349633145649353,0.9493365604674784,0.014373245902543075,9.24623680114746,-28.100000381469727,0.09972928795969517,92,30
145,2.0,50,4.168959796841063e-13,0.0004012481978447273,17.56880283355713,4.820201873779297,12.748600959777832,0.15154532494640657,0.674982711495685,0.5234373865492784,4.453998905834872,0.10926543629370811,0.8907345637062919,0.16020932172081237,0.8397906782791876,0.29991666474687384,0.7000833352531262,-6.400000095367432,0.4888293500745374,0.33296347202702703,0.1558658780475104,0.45783540473329654,0.7654901037281661,0.3076546989948695,0.901329893373019,0.4310397008530364,-0.47029019251998266,7.7390289306640625,-27.299999237060547,0.09654367474113348,92,31
151,1.5,50,4.4846344711050033e-14,0.0015128124610173832,18.94294834136963,4.002254486083984,14.940693855285645,0.17195465931728954,0.7244731436866343,0.5525184843693447,4.213163787262324,0.5084127083080774,0.4915872916919226,0.5221197685058998,0.4778802314941002,0.6012511207774465,0.3987488792225535,-7.0,0.4896860680744478,0.36145338707959596,0.12823268099485186,0.4620902015522016,0.6953832888673188,0.23329308731511722,0.9746191203223398,0.6299581372082427,-0.3446609831140971,6.368452072143555,-30.700000762939453,0.19231925526441684,92,30
159,1.1,50,8.302357648550768e-15,0.0005299016990044785,19.982498168945312,4.648796081542969,15.333702087402344,0.1671693219390441,0.7430995734678079,0.5759302515287638,4.445191048503316,0.40980456341955007,0.5901954365804499,0.3783754600687491,0.6216245399312509,0.4710239162019366,0.5289760837980634,-6.599999904632568,0.49481177628438544,0.3896333468661968,0.10517842941818867,0.47671985233758357,0.6803307054484089,0.20361085311082533,0.9742370946196335,0.9558414522903527,-0.018395642329280815,6.369382858276367,-31.600000381469727,0.12634819636277672,92,30
1,292.0,50,8.380335746400555e-13,0.0007277588892949409,17.138474464416504,4.453250885009766,12.685223579406738,0.12874625136873089,0.7787693988956169,0.6500231475268861,6.048870476742748,0.25588010092996605,0.744119899070034,0.2749241616514081,0.7250758383485919,0.395320765371984,0.604679234628016,-5.5,0.5155459729194873,0.24963615214948975,0.2659098207699976,0.42295299727721364,0.8611571747357485,0.43820417745853485,0.6841266278969189,0.8256562224397869,0.14152959454286795,7.195289611816406,-25.899999618530273,0.10199266094067515,92,30
2,279.6,50,2.6417637376919453e-10,0.010134111543378047,13.5925874710083,2.8300514221191406,10.76253604888916,0.16919378726116455,0.7623426522838052,0.5931488650226406,4.505736674048595,0.1666486576250722,0.8333513423749278,0.18177365456106986,0.8182263454389301,0.3179373656704436,0.6820626343295564,-4.800000190734863,0.47326341109708636,0.2751302806536233,0.19813313044346303,0.4848198919654365,0.8386743988264297,0.3538545068609932,0.9571537980429059,0.8687598391497922,-0.08839395889311374,6.418245315551758,-26.600000381469727,0.11057057663501338,92,31
3,265.3,50,1.020799318049194e-12,0.0007881220777841582,17.016884803771973,4.404140472412109,12.612744331359863,0.15845603524330923,0.8215808313445527,0.6631247961012435,5.184913468792876,0.3163419432539284,0.6836580567460716,0.25711791434159426,0.7428820856584057,0.3806675470517895,0.6193324529482105,-4.699999809265137,0.5008003777638133,0.2631881639031012,0.23761221386071207,0.4808315902854029,0.8317649750154563,0.3509333847300534,0.8953570891177386,0.868138763412666,-0.027218325705072544,7.163087844848633,-24.899999618530273,0.1279298681357622,92,32
5,253.0,50,3.377365274000216e-10,0.004485209573992913,13.44118881225586,3.332427978515625,10.108760833740234,0.16822353052240033,0.7529856361106712,0.5847621055882708,4.476101730669629,0.2661304251128995,0.7338695748871005,0.2764073253850019,0.7235926746149981,0.3969509514176488,0.6030490485823512,-4.900000095367432,0.5074500069184804,0.2742739611392566,0.2331760457792238,0.43897459692722407,0.8381746337810848,0.39920003685386074,0.9352188473514801,0.8869335097268971,-0.04828533762458298,6.453790664672852,-28.899999618530273,0.07112292396046611,92,30
6,219.8,50,1.5574778746149975e-13,0.00039688619768519205,18.175631523132324,4.826938629150391,13.348692893981934,0.15292471219493983,0.6356234948149907,0.48269878262005084,4.156447219627483,0.10370620955836352,0.8962937904416365,0.08599473416867176,0.9140052658313282,0.2378892863939801,0.7621107136060199,-7.199999809265137,0.47297745008269876,0.35777102299177566,0.1152064270909231,0.4867303343388557,0.7836367147829609,0.2969063804441052,0.9039969005594067,0.40360481974753215,-0.5003920808118746,4.354730606079102,-25.5,0.0920269990752582,92,31
7,213.3,50,2.7917936468474832e-11,0.19358335242015118,14.977674484252931,1.0120277404785156,13.965646743774416,0.1682187869624694,0.903187628749853,0.7349688417873836,5.369124608842647,0.2673295956920114,0.7326704043079886,0.2937869672862844,0.7062130327137156,0.4112639736904954,0.5887360263095046,-4.199999809265137,0.5028980819512434,0.2253489485808542,0.2775491333703892,0.4573967810354816,0.9000750684726697,0.4426782874371881,0.9139734092052084,0.9335869188440847,0.019613509638876314,5.507940292358398,-26.200000762939453,0.11959686401416451,92,30
8,200.8,50,2.3231878533970437e-08,0.08881919618948789,10.833526611328125,1.492206573486328,9.341320037841797,0.1712315815808673,0.8195196072792919,0.6482880256984246,4.786030705978491,0.04361117904903866,0.9563888209509613,0.23133972122790458,0.7686602787720954,0.3593384427488169,0.6406615572511831,-4.199999809265137,0.4903443808671344,0.2777643376018345,0.2125800432652999,0.4637605398047572,0.8130378007945586,0.3492772609898014,0.9774138125895798,0.9280788803001325,-0.0493349322894473,6.548469543457031,-24.399999618530273,0.06167103864055968,92,30
9,194.4,50,2.140028481259971e-14,0.0011633189756925584,19.39892578125,4.164157867431641,15.23476791381836,0.16855516058204809,0.5849774166649664,0.4164222560829183,3.470539938646466,0.5687941758252906,0.4312058241747095,0.46752293218456853,0.5324770678154315,0.5526968470693272,0.44730315293067274,-6.300000190734863,0.5495815236555677,0.36781693170671537,0.1817645919488523,0.46019179037808755,0.7225704614133363,0.2623786710352487,0.9590272295137848,0.3392912771749936,-0.6197359523387913,4.057981491088866,-28.700000762939453,0.029097660272771254,92,30
11,181.2,50,8.318361166702194e-13,0.07370410128331208,17.143049240112305,1.607177734375,15.535871505737305,0.12281398219797102,0.8507528945408352,0.7279389123428642,6.927166429384702,0.15727756389817305,0.842722436101827,0.13836341244828365,0.8616365875517163,0.27953519602986754,0.7204648039701325,-4.400000095367432,0.492485029674693,0.2501920623484223,0.2422929673262707,0.4576989289847725,0.8499267120126522,0.39222778302787975,0.6439054548487131,0.820133941064033,0.17622848621531995,7.638694763183594,-23.799999237060547,0.12491890092742969,92,30
12,169.9,50,9.427387146561784e-14,4.097554531536536e-05,18.485045433044434,6.226402282714844,12.25864315032959,0.15914560791423177,0.5955025768225866,0.4363569689083548,3.741872519306473,0.11594120524458706,0.8840587947554129,0.10674309359539369,0.8932569064046063,0.2552241760710964,0.7447758239289036,-6.199999809265137,0.47555760848012474,0.36716937874806543,0.1083882297320593,0.48328527012637607,0.6929137929019819,0.20962852277560579,0.8948714740006128,0.7588198019036346,-0.13605167209697822,7.08796501159668,-25.299999237060547,0.0991236387705552,92,30
13,155.3,50,1.468839872327178e-11,0.013516222717985162,15.373482704162598,2.6525611877441406,12.720921516418457,0.15965229095339287,0.6865119849511289,0.526859693997736,4.300044683677866,0.1995506829182191,0.8004493170817809,0.17518870323362112,0.8248112967663789,0.3112861784743042,0.6887138215256958,-4.5,0.48652387226795946,0.32446027359921725,0.1620635986687422,0.4718923066873571,0.7923661985486604,0.3204738918613033,0.9039085137287809,0.4448341856926324,-0.4590743280361485,7.518532752990723,-23.600000381469727,0.11892863820035564,92,30
15,124.7,50,9.41701788178869e-11,0.0017234691796889413,14.228330612182617,3.921905517578125,10.306425094604492,0.1721971001977496,0.7320462138935622,0.5598491136958126,4.251211042769518,0.48418713500514954,0.5158128649948505,0.40467149107565936,0.5953285089243406,0.501665359405606,0.49833464059439403,-5.400000095367432,0.5291445734610722,0.2901721617615124,0.23897241169955985,0.48604203768716,0.8397492274818302,0.35370718979467025,0.9759451200656383,0.4866472455077084,-0.4892978745579299,4.338809967041016,-30.5,0.03893299746442035,92,30
16,123.2,50,3.990131699679097e-13,0.004113681478610985,17.595823764801025,3.3857192993164062,14.21010446548462,0.17336428837119874,0.6278030391100053,0.4544387507388066,3.621293895117463,0.14202264476240423,0.8579773552375958,0.11733836326511393,0.8826616367348861,0.2591422019619509,0.7408577980380491,-5.800000190734863,0.4751021094177612,0.38041343107141057,0.09468867834635064,0.4851442615626008,0.6313083646930845,0.14616410313048367,0.9766526115075999,0.4337155086529369,-0.542937102854663,6.809303283691406,-23.399999618530273,0.10177142896903298,92,31
17,122.6,50,8.038838979403192e-15,1.4165379940756874e-05,20.0023775100708,6.88104248046875,13.12133502960205,0.15657915399484376,0.5424065841209279,0.3858274301260841,3.464104705398968,0.37378051596899864,0.6262194840310014,0.31081007186182186,0.6891899281381781,0.422489177521435,0.577510822478565,-7.0,0.5074790955479691,0.4005805650730685,0.10689853047490061,0.48354486431550364,0.6663409817007742,0.18279611738527052,0.8722235477063219,0.6873014457492689,-0.18492210195705305,7.227024078369141,-32.29999923706055,0.06240148772962153,92,31
18,115.1,50,6.425129174072941e-11,0.06735123462688669,14.463951110839844,1.6627311706542969,12.801219940185547,0.1459860382825682,0.825160238164655,0.6791741998820868,5.652322974663428,0.07215419047662897,0.927845809523371,0.13548337318556847,0.8645166268144315,0.27943973662661525,0.7205602633733847,-4.199999809265137,0.4911683648078585,0.2527297063098861,0.2384386584979724,0.4556845819157824,0.8485593979792826,0.39287481606350017,0.7819304874078544,0.8411414802365504,0.05921099282869602,5.705089569091797,-23.200000762939453,0.11109191451754294,92,30
19,103.5,50,2.3801969809306358e-11,0.04116720544932569,15.075978279113768,1.9661331176757812,13.109845161437987,0.1700747326293498,0.7674854306154305,0.5974106979860807,4.512636408419587,0.06438195428217908,0.9356180457178209,0.060873606884532694,0.9391263931154673,0.21370661497408472,0.7862933850259153,-4.199999809265137,0.4701630669886022,0.28049503558129085,0.18966803140731137,0.4883651064198945,0.8337987948971097,0.34543368847721523,0.982548430479644,0.5028972069975759,-0.4796512234820681,7.905902862548828,-23.200000762939453,0.08037910816042089,92,31
20,101.9,50,1.0730239763525183e-12,0.010858526470643797,16.986133575439453,2.7874984741210938,14.19863510131836,0.1659024684677593,0.7666065670214418,0.6007040985536825,4.6208267670858705,0.480720788378868,0.519279211621132,0.39167435614870216,0.6083256438512978,0.49162384084655686,0.5083761591534431,-5.699999809265137,0.5261829112789901,0.2665781401846484,0.25960477109434166,0.48891054196238365,0.8483720231716306,0.359461481209247,0.9160897759983165,0.880733620340696,-0.035356155657620514,5.530645370483399,-29.100000381469727,0.04468865453553349,92,30
21,86.6,50,3.9563207663813683e-13,0.00019366491077022524,17.6010684967041,5.269161224365235,12.331907272338867,0.12896297384382244,0.52900146781201,0.4000384939681875,4.101963936196483,0.11251402845677971,0.8874859715432203,0.09892801328518175,0.9010719867148183,0.24885504859335583,0.7511449514066442,-7.0,0.48659336261180786,0.371527473329484,0.11506588928232386,0.465199105134728,0.6531525460819713,0.18795344094724326,0.7634886335616544,0.48596886291558894,-0.2775197706460655,6.51396369934082,-24.700000762939453,0.10042234443333985,92,31
22,83.1,50,3.7733512111454626e-13,0.001965879400831758,17.63025188446045,3.8407974243164062,13.789454460144043,0.14579265845282868,0.653782149534384,0.5079894910815552,4.484328336367607,0.38906636370180736,0.6109336362981926,0.38843890058946307,0.6115610994105369,0.4896301321304599,0.5103698678695401,-6.300000190734863,0.5042562172456024,0.3467889249648981,0.15746729228070433,0.4515790218307226,0.779376302319979,0.3277972804892564,0.8545237657993104,0.4382498658982694,-0.416273899901041,5.747016906738281,-27.799999237060547,0.17762848280632632,92,30
23,75.2,50,2.889755755992498e-11,0.031858332948744586,14.956418991088867,2.1241226196289062,12.832296371459961,0.16840821079547258,0.6871707178423577,0.5187625070468851,4.080387260196646,0.20736277304113537,0.7926372269588646,0.18478033183303189,0.8152196681669681,0.3163103387323628,0.6836896612676372,-4.900000095367432,0.47951432398476745,0.36419479271988797,0.11531953126487948,0.4777038907226706,0.6824977094071795,0.20479381868450885,0.9351826534144577,0.664806280705036,-0.2703763727094217,5.9696311950683585,-23.299999237060547,0.12427429006184705,92,31
24,74.8,50,3.70903551187408e-14,0.0044431006355728385,19.059978485107422,3.338241577148438,15.721736907958984,0.16951570525553436,0.6486601080244545,0.4791444027689201,3.8265487380454797,0.15054343823272986,0.8494565617672701,0.13475031149049366,0.8652496885095063,0.27755921133897643,0.7224407886610236,-4.900000095367432,0.47699520818595564,0.35058059193944313,0.1264146162465125,0.48575081448181884,0.7609836826779238,0.275232868196105,0.9663754622314501,0.4506896159812099,-0.5156858462502403,6.844274520874023,-26.299999237060547,0.11194894574046167,92,31
25,72.6,50,2.9897184093876534e-13,6.680062158783086e-06,17.77372169494629,7.3443145751953125,10.429407119750977,0.12900575904529427,0.6891403323122901,0.5601345732669958,5.341934634641629,0.3324085545129488,0.6675914454870512,0.26829013256790135,0.7317098674320986,0.3898907328569011,0.6101092671430989,-7.300000190734863,0.5135897882994989,0.32089970394961154,0.19269008434988733,0.4705887120212331,0.7928975125550125,0.3223088005337794,0.6840473854489962,0.7618384518803388,0.07779106643134259,6.588773727416993,-27.700000762939453,0.1138286099128963,92,30
26,68.2,50,4.675047767528462e-14,0.1135044305650044,18.917320251464844,1.3410606384277344,17.57625961303711,0.14581721161307076,0.8201595558890326,0.6743423442759617,5.6245730309625195,0.22687087675470885,0.7731291232452911,0.18755775241370898,0.812442247586291,0.3206343021168343,0.6793656978831657,-4.199999809265137,0.4825714676478615,0.2809493950008989,0.20162207264696264,0.482831320493824,0.8345306417542886,0.3516993212604646,0.8122783241036308,0.814814588848288,0.0025362647446571795,9.552114486694336,-27.399999618530273,0.10551122155383819,92,31
27,67.3,50,7.059173348774219e-12,0.008441943955212198,15.825079441070557,2.9426498413085938,12.882429599761963,0.1596489948977454,0.6053819566673431,0.44573296176959765,3.7919559534658394,0.101057142990853,0.898942857009147,0.10545119636963751,0.8945488036303625,0.24633260896806386,0.7536673910319361,-5.400000095367432,0.4749553340855929,0.37862863466036845,0.09632669942522443,0.490261426550312,0.6877217546592373,0.19746032810892533,0.8985358245628431,0.4812146153778977,-0.41732120918494536,7.2872209548950195,-21.200000762939453,0.10175614200857193,92,31
28,66.9,50,2.749455473645352e-10,0.028164797288408143,13.567961692810059,2.2000694274902344,11.367892265319824,0.16162506299335355,0.780466564109618,0.6188415011162645,4.828870904395025,0.04773586503415128,0.9522641349658487,0.11060070329612459,0.8893992967038754,0.2586563814943229,0.7413436185056771,-5.300000190734863,0.4849037101876805,0.29465644460580354,0.190247265581877,0.4676170636725747,0.805725482932407,0.33810841925983226,0.8956778590930458,0.9390126885238446,0.043334829430798805,8.446640014648438,-27.5,0.08594704726773585,92,30
29,63.1,50,1.7557094941159768e-12,3.505355618126789e-05,16.68266201019287,6.322608947753906,10.360053062438965,0.16672541749100664,0.38234243598712137,0.21561701849611473,2.2932462352823038,0.16339681006302753,0.8366031899369725,0.13712405596915278,0.8628759440308472,0.2801727903437833,0.7198272096562167,-7.099999904632568,0.4742522558886523,0.4657149413863624,0.008537314502289894,0.4903286008296429,0.5094183903197461,0.019089789490103204,0.963874776759066,0.35533029515771225,-0.6085444816013537,2.503177642822267,-23.700000762939453,0.09947733367554712,92,30
30,63.0,50,9.008858810054122e-14,0.007289188737284916,18.513032913208008,3.0331382751464844,15.479894638061523,0.17025527605902477,0.6953667737534351,0.5251114976944103,4.08425976480378,0.10787998074584415,0.8921200192541558,0.08914003566488549,0.9108599643351145,0.23955448887919994,0.7604455111208,-6.300000190734863,0.4739191490371095,0.3444187756677237,0.1295003733693858,0.4857458647191921,0.6951960196495776,0.20945015493038543,0.9792261182006538,0.8271529019738376,-0.15207321622681613,8.184326171875,-25.5,0.08847088643829495,92,31
31,62.0,50,1.5826894741603556e-11,0.22310694587241925,15.327472686767578,0.9245452880859375,14.40292739868164,0.14761305445465872,0.9177788214319761,0.7701657669773174,6.217463792905145,0.2974876146937372,0.7025123853062628,0.3235594056161446,0.6764405943838554,0.435251297332111,0.564748702667889,-4.199999809265137,0.5077940842463391,0.21504329998224803,0.29275078426409107,0.4477367026792084,0.9073549814791613,0.4596182787999529,0.8027050126255949,0.9387157637032728,0.1360107510776779,7.818656921386719,-24.299999237060547,0.18468432093715412,92,30
32,59.4,50,9.68229617954493e-13,0.17569511238511,17.049470901489258,1.0717849731445312,15.977685928344727,0.14662205985724866,0.8831635010536504,0.7365414411964017,6.023401266586345,0.3353179630190808,0.6646820369809192,0.3608214392360718,0.6391785607639282,0.46647421212603435,0.5335257878739657,-4.199999809265137,0.5253875080693904,0.24461516323018462,0.28077234483920577,0.4357771576845101,0.8724520577901665,0.43667490010565646,0.7986417673765897,0.9096952431794212,0.11105347580283154,7.3599395751953125,-24.600000381469727,0.17232047065132766,92,30
33,58.5,50,4.565854461801208e-14,0.0018415085366031896,18.931886196136475,3.8810768127441406,15.050809383392334,0.1288849853109607,0.6081415058217056,0.47925652051074485,4.718482175052765,0.11370721547688101,0.886292784523119,0.1814078634537576,0.8185921365462424,0.31759099982519123,0.6824090001748088,-6.099999904632568,0.5014253930747643,0.3782165136621355,0.12320887941262881,0.4528417956566364,0.7159231123173023,0.2630813166606659,0.7634993636460585,0.4063340371845827,-0.3571653264614758,5.923095703125,-24.100000381469727,0.09631864602852304,92,31
34,57.1,50,1.2291962549193115e-12,0.013945282332830915,16.902388095855713,2.63330078125,14.269087314605713,0.1705430398608951,0.686376006835588,0.5158329669746928,4.024649774012686,0.104055677133719,0.895944322866281,0.1644903292386659,0.8355096707613341,0.30277084090855344,0.6972291590914466,-4.900000095367432,0.4856855030411358,0.33822770769123656,0.14745779534989922,0.4655882375923715,0.7541053568543614,0.2885171192619899,0.9754735780131215,0.4599619732443343,-0.5155116047687872,7.098727226257324,-22.299999237060547,0.09286105173348991,92,30
35,53.9,50,2.1658195867767127e-14,0.00542963897754484,19.391542434692383,3.2146568298339844,16.1768856048584,0.15702031284235313,0.6769156820352672,0.519895369192914,4.311007090623262,0.13880198020603995,0.86119801979396,0.12404137121749836,0.8759586287825016,0.2679404638042794,0.7320595361957206,-6.099999904632568,0.4767354989992453,0.369403385348408,0.10733211365083728,0.47867381612178894,0.6681364473373792,0.18946263121559026,0.8948899028751652,0.7247331721981682,-0.170156730676997,7.070896148681641,-26.399999618530273,0.10065388364371407,92,31
36,53.4,50,5.163682364338697e-14,0.003983192442258701,18.856051445007324,3.405586242675781,15.450465202331543,0.17250620121217933,0.5894030394774661,0.4168968382652868,3.416706386992498,0.1611959906747762,0.8388040093252238,0.19185354344854377,0.8081464565514562,0.3241521633085802,0.6758478366914198,-6.199999809265137,0.4784592197517663,0.3985615475573523,0.07989767219441402,0.4962643873127547,0.6065308307035078,0.11026644339075309,0.9725782940848201,0.5809147792050487,-0.39166351487977136,7.208717346191406,-25.200000762939453,0.05841101608202659,92,31
37,52.7,50,2.866573852556219e-12,0.00011786892484080022,16.38051414489746,5.5751991271972665,10.805315017700195,0.16997999695759594,0.6484736632150258,0.47849366625742984,3.8149998518754957,0.12619858735650702,0.873801412643493,0.17094670979302184,0.8290532902069782,0.30759416114306026,0.6924058388569397,-8.100000381469727,0.4856484856491968,0.34979830876408624,0.13585017688511059,0.46781738635089753,0.7927014979117545,0.32488411156085695,0.9598430849602443,0.4459460041567687,-0.5138970808034755,2.7228641510009766,-23.600000381469727,0.10123674298945617,92,30
38,51.0,50,2.198422869579426e-14,0.004586327905379192,19.382333755493164,3.3186874389648438,16.06364631652832,0.16644423486144289,0.5747291430088186,0.4082849081473757,3.452983177742708,0.19005631197421646,0.8099436880257835,0.2259392783454387,0.7740607216545613,0.354761875952766,0.645238124047234,-5.800000190734863,0.4911638107134677,0.39436705412055173,0.09679675659291598,0.4644529196647568,0.6249940168773246,0.16054109721256776,0.9751534672823531,0.5002478809471449,-0.4749055863352082,9.302849769592285,-25.899999618530273,0.08696895149413886,92,30
39,48.7,50,9.83392103695976e-13,0.011485258361359506,17.039894104003906,2.7529144287109375,14.286979675292969,0.16761357885612166,0.5600161602246376,0.39240258136851597,3.3411145090181007,0.14556905528809228,0.8544309447119077,0.12211378337385215,0.8778862166261479,0.26416243167830333,0.7358375683216967,-5.199999809265137,0.47045959721619635,0.4277117419342401,0.04274785528195624,0.49182813833549066,0.5693303666886661,0.07750222835317544,0.9443046286030047,0.38618641415976745,-0.5581182144432373,7.079455375671387,-22.600000381469727,0.0983814651638083,92,31
40,48.6,50,5.9172582408456095e-12,0.02844880059889708,15.9338321685791,2.1938858032226562,13.739946365356444,0.15431728052117696,0.7498868143375302,0.5955695338163532,4.859383290095131,0.062784793529583,0.937215206470417,0.06144449100432714,0.9385555089956729,0.21349580899358733,0.7865041910064127,-5.400000095367432,0.46898623555645025,0.32532441162849235,0.1436618239279579,0.4913685138844958,0.7505668006732289,0.2591982867887331,0.86150982617831,0.75788823048289,-0.10362159569541995,7.829000473022461,-23.399999618530273,0.08763081885320148,92,30
41,48.3,50,2.185858030861511e-11,0.0008681436839595482,15.128473281860352,4.344539642333984,10.783933639526367,0.17216269881646606,0.5870095528021504,0.4148468539856843,3.4096209971007223,0.14112553282625162,0.8588744671737484,0.187414827348109,0.812585172651891,0.32276257637248995,0.67723742362751,-6.0,0.4791573816000876,0.3660226876670142,0.1131346939330734,0.4642652489354807,0.6550565815411282,0.1907913326056475,0.9789671047522899,0.7479515234970346,-0.23101558125525523,5.433719635009766,-27.200000762939453,0.059568784367755645,92,31
43,42.4,50,5.241566474792955e-11,0.060396484831777654,14.589431762695312,1.7299041748046875,12.859527587890625,0.16457818351824866,0.7747129859719712,0.6101348024537225,4.707264167161439,0.4343194394437472,0.5656805605562528,0.3615661827562675,0.6384338172437325,0.46710195452738534,0.5328980454726147,-4.900000095367432,0.517240291988277,0.3138274290186095,0.20341286296966754,0.4706544653313461,0.762139332449094,0.29148486711774796,0.9438302926542544,0.7512434371061151,-0.19258685554813937,7.451541900634766,-23.5,0.1240665753630537,92,30
44,41.5,50,2.816089228065506e-12,0.0008317039983072535,16.391465187072754,4.370967864990234,12.02049732208252,0.16580728892133648,0.6135850816098115,0.44777779268847506,3.7005917267057726,0.07896115017195371,0.9210388498280463,0.11760674685759875,0.8823932531424012,0.26435712497737074,0.7356428750226293,-7.0,0.4786352498186628,0.38667863405228786,0.09195661576637493,0.48766507836180073,0.6303947856502126,0.14272970728841183,0.9664572988410289,0.35594760177017887,-0.6105096970708501,4.429584503173828,-22.700000762939453,0.09781900088840981,92,30
45,41.4,50,2.6004398103005797e-14,0.007121598705563626,19.278828620910645,3.0474739074707027,16.23135471343994,0.16385473957521718,0.623537492695105,0.45968275311988777,3.8054284808091947,0.05540182428401519,0.9445981757159848,0.04789143510891647,0.9521085648910835,0.2063966365337463,0.7936033634662537,-4.199999809265137,0.4643726064667367,0.3576421760028792,0.10673043046385755,0.49790896357540626,0.7319129648035666,0.23400400122816034,0.9557170578431214,0.5602253479045064,-0.39549170993861504,10.490957260131838,-30.0,0.07416908753354978,92,30
47,39.6,50,2.904033650590312e-14,0.0008720103324458994,19.210774421691895,4.341800689697266,14.868973731994629,0.1555802205884779,0.6263757157388038,0.4707954951503259,4.02606265352726,0.07841002996479407,0.9215899700352059,0.07109280861268563,0.9289071913873144,0.22500175806934086,0.7749982419306591,-6.599999904632568,0.47018583258241653,0.32178250201334346,0.14840333056907307,0.4880827409858222,0.7660351743503095,0.27795243336448733,0.9124649792070366,0.46156483222418254,-0.4509001469828541,4.491123199462891,-28.100000381469727,0.09076568908777972,92,30
49,38.7,50,5.06395257706499e-15,0.00012927537384213586,20.28720235824585,5.518268585205078,14.768933773040771,0.15692828375028942,0.6325816809916769,0.47565339724138744,4.031024018578234,0.13250096153590463,0.8674990384640954,0.11817861818935838,0.8818213818106416,0.26387146638628367,0.7361285336137163,-6.400000095367432,0.48024568143028734,0.3623078326055349,0.11793784882475244,0.4860556292802722,0.7456490598600395,0.2595934305797673,0.929052893078441,0.4111741959809551,-0.5178786970974858,5.21735954284668,-26.899999618530273,0.09592118021757765,92,30
50,38.2,50,1.0101186239171763e-10,0.006107905609001694,14.185105323791504,3.142108917236328,11.042996406555176,0.1709881005472228,0.6704294574228692,0.4994413568756464,3.920912948194969,0.07389377189957036,0.9261062281004296,0.12045190044647913,0.8795480995535209,0.26680929961833355,0.7331907003816664,-5.599999904632568,0.48372931716083356,0.33544184604764193,0.14828747111319163,0.4654652770594499,0.8048697369730784,0.3394044599136285,0.974657382324271,0.46276017397509167,-0.5118972083491793,4.902349472045898,-25.600000381469727,0.08225392559914645,92,30
51,37.6,50,1.8508052766614562e-13,0.01178423945761925,18.069283485412598,2.7370758056640625,15.332207679748535,0.1452633082173166,0.7529083892548948,0.6076450810375782,5.183059634911591,0.1573163868194828,0.8426836131805172,0.14010753665661146,0.8598924633433885,0.2781075825668755,0.7218924174331245,-6.300000190734863,0.4808554175417822,0.32935298846123584,0.15150242908054634,0.47525945266977504,0.7494029401228934,0.2741434874531184,0.7809672259604316,0.9206028040437091,0.13963557808327753,8.31100082397461,-25.399999618530273,0.12150836131858676,92,30
52,37.3,50,5.764357569525499e-11,0.005884909866343658,14.53083610534668,3.1650314331054688,11.365804672241211,0.16836646461970167,0.7469758741514859,0.5786094095317842,4.436607229585299,0.47580307094298535,0.5241969290570146,0.3855334064743646,0.6144665935256354,0.48294778129437665,0.5170522187056233,-6.699999809265137,0.4755876540979087,0.30236414738462425,0.17322350671328446,0.4944284497645123,0.8009986672855006,0.30657021752098834,0.9178317060809178,0.9036260117234804,-0.014205694357437348,7.545904159545898,-29.799999237060547,0.11474976941585653,92,30
53,36.8,50,8.427419284220885e-14,0.00017983976072941276,18.554152488708496,5.314807891845703,13.239344596862793,0.1231974288651795,0.7390671196401092,0.6158696907749297,5.9990466233585416,0.1223166671872109,0.8776833328127891,0.1285322883594181,0.8714677116405819,0.27199546600657964,0.7280045339934204,-9.399999618530273,0.48475228238453394,0.40032673942626174,0.0844255429582722,0.4680813274627956,0.6494068133137602,0.18132548585096453,0.6466418696044599,0.995827711442249,0.3491858418377891,5.983562469482422,-25.399999618530273,0.11331516980010624,92,30
54,36.4,50,6.852396398937772e-10,0.07861666047065319,13.00514030456543,1.5674095153808592,11.43773078918457,0.16257331824101134,0.7950460528434334,0.6324727346024221,4.890384605823172,0.3750343458847346,0.6249656541152654,0.3656574521205075,0.6343425478794925,0.46391409398153793,0.5360859060184621,-4.199999809265137,0.5245526899398394,0.29028679004887237,0.23426589989096702,0.48584110239280837,0.817392102992455,0.33155100059964665,0.8981563244757297,0.7464956443998071,-0.1516606800759226,8.301660537719727,-27.100000381469727,0.06558322888410725,92,30
57,33.3,50,1.514629867124082e-11,0.005364035219950099,15.354562759399414,3.2221488952636714,12.132413864135742,0.15870953309750704,0.6002008508104789,0.4414913177129719,3.781756767198924,0.10546382269758514,0.8945361773024149,0.10522562510429323,0.8947743748957068,0.2535739365324664,0.7464260634675336,-4.900000095367432,0.47034869449040595,0.36128924911829896,0.10905944537210699,0.48766070668239136,0.73968430603609,0.25202359935369867,0.9156488868626532,0.33569357086909174,-0.5799553159935615,5.845909118652344,-26.0,0.0919410131263873,92,31
58,32.7,50,7.412256883508395e-14,0.0013405221903360636,18.63326072692871,4.076774597167969,14.556486129760742,0.16821816565167033,0.6207245066156085,0.45250634096393816,3.6899968811985735,0.26377363115496244,0.7362263688450376,0.2868787218957426,0.7131212781042574,0.405440093440841,0.594559906559159,-6.699999809265137,0.51190793089822,0.38195970675338653,0.12994822414483342,0.43345301811402936,0.7115906321918432,0.2781376140778138,0.9728829775910861,0.5396206285425179,-0.4332623490485682,6.464641571044922,-28.5,0.08097932323518746,92,30
60,30.2,50,2.1036369346886032e-15,0.001966536568943567,20.828627586364746,3.8405914306640625,16.988036155700684,0.15160973928350213,0.6390997385245779,0.4874899992410758,4.215426670772749,0.2823314958533242,0.7176685041466758,0.30202814781088483,0.6979718521891152,0.4177175799009333,0.5822824200990667,-6.300000190734863,0.512594007864337,0.39055087926379894,0.12204312860053801,0.446471852374816,0.6207032072688513,0.1742313548940353,0.8175692605379768,0.6668896123187745,-0.15067964821920232,9.081714630126953,-28.299999237060547,0.09280760902204185,92,30
61,30.0,50,3.4035479588603165e-11,0.01935122952744699,14.855560302734375,2.431385040283203,12.424175262451172,0.16803836626441213,0.7435918148167514,0.5755534485523393,4.425131184902697,0.19792512447951027,0.8020748755204897,0.16427049881387812,0.8357295011861219,0.29837531910817205,0.701624680891828,-5.300000190734863,0.4739883352679285,0.27906563624499436,0.19492269902293413,0.4878756158528546,0.8368196357010169,0.3489440198481623,0.9307840252844519,0.7298817990180942,-0.20090222626635768,6.607194900512695,-26.600000381469727,0.12037848702671052,92,31
62,29.4,50,9.120817948290656e-14,0.036511759045042835,18.505420684814453,2.0400962829589844,16.46532440185547,0.1641484907450535,0.7427525656671983,0.5786040749221448,4.524882088747323,0.15971810750665183,0.8402818924933482,0.13242739833235406,0.8675726016676459,0.27642302778773864,0.7235769722122614,-4.199999809265137,0.4737161683392739,0.2957014025168566,0.17801476582241726,0.49119210859634543,0.7850333862547956,0.29384127765845014,0.9556907522450363,0.6056440492369383,-0.35004670300809804,8.38209342956543,-27.700000762939453,0.09811728104792715,92,30
65,27.4,50,4.313540155031616e-11,0.02543137891570806,14.70952892303467,2.262989044189453,12.446539878845217,0.16298138482772495,0.7885956537167945,0.6256142688890696,4.8385627263528175,0.3387400816612284,0.6612599183387716,0.2756153152495462,0.7243846847504538,0.3960241539892668,0.6039758460107332,-4.900000095367432,0.4896902268038117,0.27359972620165995,0.21609050060215174,0.4965780136698481,0.8255430249671067,0.32896501129725864,0.918394595580331,0.9339897323516458,0.015595136771314855,7.394826889038086,-30.0,0.04235475441255859,92,30
66,26.2,50,1.1906942225858725e-16,0.022502729264148466,22.598526000976566,2.3383941650390625,20.260131835937504,0.13662101575912344,0.7308081064336746,0.5941870906745511,5.349163175028376,0.09376778743976022,0.9062322125602398,0.2720117502156103,0.7279882497843897,0.39327715183798984,0.6067228481620102,-5.699999809265137,0.5137965205699165,0.2950203162819405,0.21877620428797606,0.4390570395252591,0.8142403255931896,0.3751832860679305,0.7708466573962266,0.6669595361648718,-0.1038871212313548,9.574880599975586,-32.20000076293945,0.08296148836016884,92,30
67,24.9,50,2.316956314379801e-13,0.0006231192782156396,17.930837154388428,4.548923492431641,13.381913661956787,0.1660694983185645,0.7204687852182627,0.5543992868996983,4.33835708852577,0.06473522508042606,0.9352647749195739,0.05910396338208612,0.9408960366179139,0.21208170475507115,0.7879182952449288,-5.5,0.4675077614043347,0.2985983762318106,0.16890938517252407,0.49307197844619766,0.8257131827279681,0.33264120428177046,0.9587914291444974,0.4736964662480692,-0.48509496289642823,5.743009567260742,-23.799999237060547,0.0791635664708638,92,31
69,24.5,50,1.6604870967891343e-11,0.18170823755183982,15.297898292541504,1.0510444641113281,14.246853828430176,0.16789152036434837,0.9041939541419625,0.7363024337776141,5.385584407001221,0.17726937506206408,0.8227306249379359,0.2269575408011184,0.7730424591988816,0.35484902158567855,0.6451509784143215,-4.199999809265137,0.49552582897589326,0.23437386356794,0.26115196540795327,0.4634644275803644,0.8803698479197143,0.4169054203393499,0.9754870288855066,0.8917960533556593,-0.08369097552984739,7.174848556518555,-25.799999237060547,0.1198644777475161,92,30
71,23.9,50,9.359142644527871e-15,0.00019920383847506538,19.90865421295166,5.251781463623047,14.656872749328613,0.1683996438495724,0.6525626338160494,0.484162989966477,3.875083218103293,0.12940643765306448,0.8705935623469355,0.12380052048091295,0.876199479519087,0.2676646488623222,0.7323353511376778,-4.900000095367432,0.4671479948131009,0.34707469583655215,0.12007329897654873,0.4939504704733939,0.7647225073716165,0.2707720368982226,0.9590829180187539,0.4187013958281547,-0.5403815221905992,4.787805557250977,-25.700000762939453,0.08225923665145413,92,30
73,22.8,50,1.0157556765217212e-12,0.019840479499382585,17.01993751525879,2.415996551513672,14.603940963745117,0.15449899539990083,0.7538346014957908,0.59933560609589,4.879220085182992,0.2006576412563953,0.7993423587436047,0.2544379872107214,0.7455620127892786,0.37791618720820974,0.6220838127917903,-4.199999809265137,0.5008715422835665,0.2764276125265934,0.22444392975697303,0.45889372074921964,0.8444727904104173,0.3855790696611977,0.9168527417531734,0.4527907048923832,-0.46406203686079023,7.4744873046875,-25.600000381469727,0.11451865854929358,92,30
74,22.5,50,2.3403096394858335e-14,0.0063671133669063375,19.34378719329834,3.1164932250976562,16.227293968200684,0.16277824450514888,0.7019301972259036,0.5391519527207547,4.312186799653689,0.10761778193231974,0.8923822180676803,0.15935917855501636,0.8406408214449836,0.29900402107053914,0.7009959789294609,-6.199999809265137,0.4862620611135807,0.3748154918273795,0.11144656928620122,0.46786062394767386,0.655989643266653,0.18812901931897913,0.9624140915095727,0.8162097363008552,-0.14620435520871744,8.446874618530273,-25.600000381469727,0.0914619619108287,92,31
75,22.3,50,5.2028941488206326e-14,0.009921294736598679,18.851388931274414,2.8431320190429688,16.008256912231445,0.17119225969623597,0.6390269004955671,0.4678346407993311,3.7328025322491696,0.20062355563265466,0.7993764443673453,0.17261597816434593,0.8273840218356541,0.30831970567343026,0.6916802943265697,-5.0,0.4767624096565233,0.3467591043109537,0.1300033053455696,0.48454469047947063,0.7054922226663604,0.22094753218688973,0.955704462825932,0.7562781396516985,-0.19942632317423348,7.08607292175293,-26.600000381469727,0.11757069826400916,92,30
76,22.0,50,1.1648061657866212e-12,0.002099377500541839,16.93554973602295,3.800304412841797,13.135245323181152,0.16677100459451755,0.6083238115466181,0.44155280695210053,3.647659333981227,0.21584328521335616,0.7841567147866438,0.26961561786331023,0.7303843821366898,0.3912206835850428,0.6087793164149572,-7.099999904632568,0.5008420767353707,0.3841972850514287,0.11664479168394204,0.45999586629574907,0.6773543133597414,0.21735844706399232,0.9476306419824096,0.6356578839629946,-0.31197275801941504,7.112947463989258,-26.0,0.1049285376057371,92,30
77,21.0,50,1.6757209365418659e-15,0.000553204028351112,20.968793869018555,4.622272491455078,16.346521377563477,0.16730371133291108,0.4710741778674016,0.30377046653449047,2.815682773049963,0.34380362991726177,0.6561963700827382,0.2809120855775711,0.7190879144224289,0.3985715787812858,0.6014284212187142,-8.399999618530273,0.4870694529644577,0.47839574111628824,0.008673711848169452,0.4973817221636669,0.5031463888287192,0.00576466666505232,0.9674415115265879,0.4825344213800456,-0.48490709014654226,6.0950927734375,-30.5,0.08501782659909343,92,30
78,19.9,50,5.774186392349553e-11,0.14857684014496558,14.529786109924318,1.17510986328125,13.354676246643068,0.16350101075547954,0.8759836441882588,0.7124826334327793,5.357665008556538,0.21914530259272513,0.7808546974072749,0.2518468468628908,0.7481531531371092,0.37620689085638004,0.62379310914362,-4.199999809265137,0.48528016529452134,0.2588630212360822,0.22641714405843916,0.4625102245912654,0.8472409603581366,0.38473073576687117,0.9178358871715959,0.9062820754939224,-0.011553811677673553,8.143159866333008,-26.700000762939453,0.08061003789148995,92,31
79,19.7,50,1.0432018802173229e-14,2.516504313508862e-05,19.84176731109619,6.5268707275390625,13.314896583557129,0.1437341697074812,0.5721689307249272,0.42843476101744604,3.980743979593507,0.26496508344447234,0.7350349165555277,0.22563565954384834,0.7743643404561517,0.34989647928707734,0.6501035207129227,-8.199999809265137,0.4796206674790908,0.36963947787665485,0.10998118960243597,0.48138401074413334,0.6795815433937811,0.19819753264964773,0.8200263012349485,0.6582830808436816,-0.16174322039126687,7.239616394042969,-27.299999237060547,0.2196174736581506,92,30
80,19.5,50,6.940384730679899e-12,0.0003214044055269433,15.835538864135742,4.956951141357422,10.87858772277832,0.16346433038516828,0.46315112559543326,0.299686795210265,2.833346727718016,0.19511672256979062,0.8048832774302094,0.19109615185317663,0.8089038481468234,0.3167467759922816,0.6832532240077184,-5.900000095367432,0.4838198217777059,0.4087893385789576,0.07503048319874828,0.47248561518801724,0.6473719276229432,0.17488631243492592,0.9166212275640842,0.147797457839,-0.7688237697250841,5.146083831787109,-22.5,0.12359733158385933,92,30
81,18.8,50,8.403969775218289e-13,2.491459248067088e-05,17.136738777160645,6.5330352783203125,10.603703498840332,0.16295900532627625,0.4712190320455748,0.30826002671929853,2.8916415579617762,0.03542515079013231,0.9645748492098677,0.10618271442515204,0.893817285574848,0.2551153617131887,0.7448846382868113,-5.599999904632568,0.4826928359574283,0.38250874103014876,0.10018409492727953,0.46495310249538385,0.6720615496149603,0.2071084471195765,0.9590457070010291,0.06412320443414248,-0.8949225025668867,4.20855712890625,-29.100000381469727,0.08399143370975556,92,31
82,18.7,50,1.3758868737267949e-14,6.373554859982906e-05,19.671167373657227,5.954132080078125,13.717035293579102,0.1722480307433191,0.6330275637373333,0.4607795329940142,3.6750931839717778,0.2022891527363876,0.7977108472636124,0.23034818036504823,0.7696518196349518,0.3583465761118465,0.6416534238881535,-7.199999809265137,0.4754585354616284,0.3148159536783538,0.16064258178327462,0.5026066617846381,0.7382798681499769,0.23567320636533884,0.9801932350436336,0.7559171470901672,-0.22427608795346643,8.608766555786133,-31.399999618530273,0.14847320190885932,92,31
83,18.6,50,2.1501505583236527e-12,0.05353067541354659,16.55775547027588,1.8042793273925781,14.7534761428833,0.1643218589398486,0.7801547947267038,0.6158329357868552,4.747723764567963,0.34727497999007995,0.65272502000992,0.39775394062140335,0.6022460593785967,0.4980053148589081,0.5019946851410919,-4.199999809265137,0.5056616133994611,0.27872709403347684,0.2269345193659843,0.45592773426277877,0.8224154619052156,0.36648772764243687,0.9443055682955942,0.8072497890738992,-0.13705577922169498,7.256406784057617,-25.600000381469727,0.20299055244070124,92,30
84,18.4,50,2.7689860623139243e-16,3.950074200980414e-06,22.078385353088382,7.668125152587891,14.410260200500492,0.1355806754966905,0.5978831230376948,0.46230244754100425,4.409796018845539,0.14057126851809976,0.8594287314819002,0.12577886905881985,0.8742211309411801,0.2666897383658674,0.7333102616341326,-7.400000095367432,0.4842142535623035,0.3863159465370607,0.09789830702524283,0.4701999299160844,0.7276734084221929,0.25747347850610847,0.7705956936849717,0.4811669577125793,-0.28942873597239244,9.223855972290039,-32.0,0.11343541445657103,92,31
85,18.4,50,3.508149654212504e-13,0.006721201330940241,17.675166130065918,3.0831375122070312,14.592028617858887,0.1640040874660584,0.6370885336159406,0.4730844461498822,3.8845893627364,0.21059552223013045,0.7894044777698696,0.23147979136877028,0.7685202086312297,0.35944906280247146,0.6405509371975285,-6.300000190734863,0.49690635055244625,0.41384832440839514,0.08305802614405111,0.456835306110095,0.6050372829831215,0.14820197687302655,0.9547706080100493,0.7617250174089003,-0.193045590601149,5.889410018920899,-22.899999618530273,0.1024865598560468,92,30
86,18.0,50,4.00845692648975e-14,1.3031925080386798e-06,19.012130737304688,8.351573944091797,10.66055679321289,0.16450109350312683,0.6196976315789157,0.45519653807578886,3.7671338128043295,0.15542356894816933,0.8445764310518307,0.1340614013947713,0.8659385986052287,0.2766083091197198,0.7233916908802802,-8.800000190734863,0.47621623707529703,0.3709834377250414,0.10523279935025565,0.48385372933839227,0.7733335564840973,0.289479827145705,0.9590989155522823,0.3972493199359735,-0.5618495956163088,3.2543773651123047,-26.100000381469727,0.09188337801474722,92,30
87,18.0,50,6.149909844919381e-14,0.009553987700429407,18.748326301574707,2.866382598876953,15.881943702697754,0.16659629817924,0.645865860281455,0.479269562102215,3.876832002512875,0.08222088252100657,0.9177791174789934,0.07781045877024839,0.9221895412297516,0.22906605711288075,0.7709339428871193,-6.0,0.4672918770165795,0.37775902675239836,0.08953285026418112,0.49054349336326003,0.7025651670057628,0.21202167364250274,0.9567734920123413,0.5807210770025599,-0.37605241500978137,7.600614547729492,-25.200000762939453,0.08679637648859082,92,30
89,17.4,50,8.792919869836006e-15,0.00027082383349212455,19.947116851806637,5.0624847412109375,14.8846321105957,0.16030256262240836,0.63983366789312,0.47953110527071163,3.991412597690307,0.29498089174543163,0.7050191082545684,0.24640941885289658,0.7535905811471034,0.3709268255009375,0.6290731744990625,-7.199999809265137,0.49685542996435894,0.3351110583842951,0.16174437158006383,0.4819904041824688,0.7361243920356711,0.25413398785320235,0.9162355691247405,0.4960679173379294,-0.4201676517868111,5.844512939453126,-26.899999618530273,0.10481623388320935,92,31
90,17.2,50,6.512217125040247e-12,0.01400626656799718,15.874784469604492,2.6306114196777344,13.244173049926758,0.16676583774891832,0.7622972783308946,0.5955314405819763,4.571063765941109,0.056620896253536945,0.943379103746463,0.05245337772841896,0.947546622271581,0.20696602070428127,0.7930339792957187,-5.400000095367432,0.46591084545036743,0.3225958158749137,0.14331502957545372,0.4970438257509994,0.7348112649422149,0.2377674391912155,0.9782057383422824,0.78363348816181,-0.19457225018047242,8.445070266723633,-24.0,0.07424381958770698,92,30
91,16.9,50,1.90265934347701e-12,2.7970757132440963e-05,16.633122444152832,6.461723327636718,10.171399116516113,0.15409524051402246,0.6616349743416632,0.5075397338276407,4.2936756004573375,0.32927842765602344,0.6707215723439766,0.2717792485956484,0.7282207514043516,0.39159993091294465,0.6084000690870554,-6.0,0.49541490244222286,0.34081736860547507,0.1545975338367478,0.48551602337538347,0.7975997673518457,0.3120837439764622,0.8984648876257287,0.39695593084016007,-0.5015089567855686,4.468748092651367,-27.100000381469727,0.11623787718992545,92,30
92,16.9,50,2.1802910616791264e-11,0.00028528213615880427,15.130044937133789,5.030429840087891,10.099615097045898,0.16435848814944323,0.7206652821231576,0.5563067939737144,4.384715935497603,0.2563315706518422,0.7436684293481578,0.21839047913104903,0.781609520868951,0.34813900098315254,0.6518609990168475,-6.5,0.4773474747746126,0.29946516182860694,0.17788231294600565,0.487495735928566,0.8281620285530115,0.3406662926244455,0.915933560052402,0.6905633719169133,-0.2253701881354887,5.929586410522461,-23.200000762939453,0.13094609364690932,92,30
93,16.9,50,7.280800724435717e-13,0.00610979613561211,17.225158214569092,3.141918182373047,14.083240032196045,0.1658961326758643,0.6049975038763874,0.43910137120052306,3.646845132058986,0.15019180585348535,0.8498081941465147,0.1334302722087517,0.8665697277912483,0.2770202651425645,0.7229797348574355,-6.199999809265137,0.4779704454347038,0.3771241113597713,0.10084633407493249,0.4843688156262798,0.6411623579430542,0.1567935423167744,0.9543488281988036,0.4770996863475663,-0.47724914185123735,7.072107315063477,-22.899999618530273,0.10397344254035451,92,31
94,16.6,50,9.788611218556898e-15,4.674232913784304e-05,19.88100242614746,6.1452484130859375,13.735754013061523,0.16669826222567244,0.6117171075111689,0.4450188452854965,3.6696069853628095,0.11432665633270844,0.8856733436672916,0.11812728403428663,0.8818727159657134,0.26281186729958195,0.737188132700418,-6.900000095367432,0.46677457322218496,0.3761057944000048,0.09066877882218016,0.4994608565759131,0.7480199734946515,0.24855911691873844,0.9830309797692424,0.4373087595035496,-0.5457222202656928,5.455753326416016,-27.0,0.08942232061446483,92,30
95,16.2,50,9.110486156047751e-12,0.33571872247216333,15.66785717010498,0.6727027893066406,14.99515438079834,0.14551941163815005,0.9540474222615545,0.8085280106234044,6.556152279078051,0.3404744550755845,0.6595255449244155,0.3448462456928395,0.6551537543071605,0.45369099213565,0.54630900786435,-4.199999809265137,0.5223839419300115,0.21857184060872714,0.30381210132128433,0.4479028123529596,0.9103076824982775,0.46240487014531795,0.7395580363949595,0.9344487943051282,0.19489075791016863,6.819038391113281,-23.600000381469727,0.08935920969504245,92,30
96,16.1,50,2.477338922227066e-13,0.02307308549405873,17.889586448669434,2.322967529296875,15.566618919372559,0.16353200913100943,0.741708320869206,0.5781763117381966,4.535554383576402,0.09452049280609165,0.9054795071939084,0.1282182907296553,0.8717817092703447,0.2724295659396827,0.7275704340603173,-5.5,0.4786314340010963,0.29301054090745027,0.18562089309364604,0.4724049490864887,0.8149691722088375,0.34256422312234874,0.932718244991087,0.7235574697075834,-0.20916077528350363,9.323173522949219,-28.700000762939453,0.09128439733565301,92,30
97,16.0,50,6.183307198579846e-10,0.23712038630005836,13.068464279174805,0.8870010375976562,12.181463241577148,0.1649142803273784,0.9394032687590647,0.7744889884316862,5.696312453319476,0.6057248693718094,0.3942751306281907,0.49955662178415605,0.500443378215844,0.5796893519228458,0.42031064807715424,-4.199999809265137,0.5552383795656642,0.23187988698211226,0.323358492583552,0.4747017541796615,0.8955073867309962,0.4208056325513347,0.9351789257929891,0.9034598754111144,-0.031719050381874725,7.494350433349609,-28.5,0.04791606488966142,92,30
98,15.7,50,6.597897130449525e-11,0.02521508274526197,14.44759750366211,2.2682533264160156,12.179344177246094,0.1688282891211078,0.7594053524048014,0.5905770632836936,4.498093040912399,0.07271038135026242,0.9272896186497376,0.06431924187340998,0.93568075812659,0.21595248665187528,0.7840475133481247,-5.400000095367432,0.46228216164817315,0.3623285071984661,0.09995365444970705,0.49973572625056156,0.6807200121436144,0.18098428589305288,0.9440927287104591,0.8012538223481019,-0.1428389063623572,8.668818473815918,-21.899999618530273,0.08058679386541512,92,30
99,15.2,50,5.703044536994564e-16,0.0013958380980204743,21.633081912994385,4.051853179931641,17.581228733062744,0.16228767395726162,0.6108275607512572,0.4485398867939956,3.7638567727091727,0.03204830422247229,0.9679516957775277,0.08179200895537764,0.9182079910446224,0.23476657116064814,0.7652334288393519,-7.099999904632568,0.4812450001004417,0.3965134995415833,0.08473150055885836,0.47013780883447587,0.6721938203655401,0.20205601153106423,0.95981264593948,0.5745961354699826,-0.38521651046949745,7.996519088745117,-27.200000762939453,0.07059641762095414,92,31
100,13.6,50,6.93842204584234e-15,0.0018804510746735727,20.093106269836426,3.8681793212890625,16.224926948547363,0.16349726370930903,0.49264884022841215,0.3291515765191031,3.013193181656668,0.31795227123675207,0.6820477287632479,0.374276516402969,0.625723483597031,0.4758418583345222,0.5241581416654778,-7.300000190734863,0.5201792256398841,0.45934432336315023,0.06083490227673383,0.4575397501305603,0.5164535294116135,0.05891377928105318,0.954556895409444,0.44795083975055155,-0.5066060556588925,7.859712600708008,-30.100000381469727,0.10798157372984417,92,30
102,12.7,50,1.3806336453470663e-15,6.795927827262771e-05,21.088175773620605,5.914585113525391,15.173590660095215,0.16432540891915404,0.6607421228998529,0.49641671398069886,4.0209370373447815,0.47150857177291927,0.5284914282270807,0.4233620480249741,0.5766379519750259,0.5096873999439318,0.49031260005606825,-6.199999809265137,0.5300605243960295,0.3350238759513512,0.19503664844467827,0.459736913430014,0.769138740134427,0.30940182670441296,0.9557920627781177,0.7721527479988607,-0.183639314779257,9.715066909790039,-33.599998474121094,0.09181732717231404,92,30
103,12.4,50,7.783925339161267e-15,0.0007837634369499778,20.02223777770996,4.407558441162109,15.614679336547852,0.1601001614469318,0.6793550269687961,0.5192548655218643,4.243312566514689,0.26007756992156994,0.7399224300784301,0.27159809382069067,0.7284019061793093,0.39259904464167616,0.6074009553583238,-5.5,0.5051017875410346,0.3287074330864619,0.17639435445457274,0.44103189111993046,0.8041486914491905,0.3631168003292601,0.9473585694524395,0.44584335582521756,-0.5015152136272218,6.610137939453125,-30.200000762939453,0.0581404558988603,92,30
104,12.2,50,5.376195317318468e-13,0.03466045885724169,17.412063598632812,2.0721664428710938,15.339897155761719,0.16510193031656029,0.7729069223713937,0.6078049920548334,4.681392403404677,0.45965302149244647,0.5403469785075535,0.3765283972065746,0.6234716027934254,0.47977131633554404,0.520228683664456,-4.199999809265137,0.4774822555313847,0.26295578778604944,0.21452646774533524,0.49094338652468317,0.8290669303980464,0.3381235438733632,0.9628274001467348,0.8432203916837904,-0.11960700846294448,8.087318420410156,-27.0,0.12966217669429506,92,30
105,11.4,50,6.739513786205862e-13,0.021353682210299887,17.272770881652832,2.370697021484375,14.902073860168457,0.16653567072505548,0.7401990171842594,0.5736633464592039,4.444687519266079,0.255700503956548,0.744299496043452,0.24329112628399208,0.7567088737160079,0.3672885212763203,0.6327114787236797,-5.199999809265137,0.4939493425725161,0.3025101319294379,0.19143921064307823,0.47465006119353315,0.7603602635926456,0.2857102023991125,0.9521230019671649,0.7324100854308541,-0.21971291653631086,7.577556610107422,-27.200000762939453,0.13799437251151495,92,30
106,11.0,50,2.2187808756873146e-14,0.0002382222873916222,19.376652717590332,5.141536712646484,14.235116004943848,0.16790665268882723,0.42251655600416543,0.25460990331533817,2.5163776970004497,0.12204069752142332,0.8779593024785767,0.10938678746944219,0.8906132125305578,0.255133996351777,0.744866003648223,-8.100000381469727,0.4670291825187324,0.4004325582425148,0.0665966242762176,0.4951843781144097,0.6195964008311888,0.12441202271677915,0.980584281452003,0.21889792750449436,-0.7616863539475087,6.893184661865234,-26.200000762939453,0.08842118749332992,92,30
107,10.3,50,1.2211647116273648e-12,0.0003467169550503175,16.906428337097168,4.910228729248047,11.996199607849121,0.16518365543741823,0.37922499336599774,0.21404133792857952,2.295777947047985,0.1180831236368417,0.8819168763631583,0.10140092714142146,0.8985990728585785,0.247970589366578,0.752029410633422,-7.5,0.47312285304034274,0.46203434097533214,0.011088512065010603,0.48769295789044864,0.5605991894942355,0.07290623160378684,0.9642820639809963,0.1798489189334629,-0.7844331450475334,6.453302383422852,-22.299999237060547,0.09079859022180395,92,31
108,9.9,50,9.645954230373595e-14,0.06841378893379008,18.470919609069824,1.6530838012695312,16.817835807800293,0.14862721781879862,0.8624828110762052,0.7138555932574066,5.8029937163172605,0.40685820515750126,0.5931417948424987,0.3511525424039227,0.6488474575960773,0.45907632794131503,0.540923672058685,-4.400000095367432,0.5206179846956462,0.254368355797406,0.2662496288982402,0.4764439455360169,0.8465923812996551,0.3701484357636382,0.8329563186967723,0.8472922576814081,0.01433593898463581,7.894800186157227,-28.100000381469727,0.08860974618313798,92,30
109,9.8,50,3.5428253767774106e-15,0.17107648030065645,20.50736618041992,1.0882034301757812,19.419162750244137,0.1637737735956636,0.8596772039994974,0.6959034304038338,5.249175036547243,0.3594912620608691,0.6405087379391309,0.3558875106259609,0.6441124893740391,0.4631760129073016,0.5368239870926984,-4.199999809265137,0.5218547171995063,0.2413734416491683,0.28048127555033797,0.435398974064112,0.8633373133354793,0.42793833927136726,0.9556274337557286,0.7842870889228547,-0.17134034483287386,7.371559143066405,-27.5,0.09012619009360497,92,30
110,9.7,50,1.2662359163777174e-13,3.381365777052954e-06,18.303221702575684,7.763935089111328,10.539286613464355,0.17253870210984637,0.38410611754987467,0.2115674154400283,2.226202659768093,0.11297216500601015,0.8870278349939898,0.14426802089332258,0.8557319791066774,0.28452691802325303,0.715473081976747,-8.300000190734863,0.4749077041422659,0.47936774969464424,-0.004460045552378333,0.4883784569141685,0.5157864182566152,0.02740796134244672,0.9748229916025726,0.3550699364378381,-0.6197530551647346,3.5845546722412105,-27.200000762939453,0.1097549212056823,92,31
111,9.6,50,1.6171718263860687e-13,0.005978381077150906,18.152451038360596,3.1553192138671875,14.997131824493408,0.1641047469369098,0.6389331057779333,0.4748283588410235,3.8934468240798155,0.1939243697758689,0.8060756302241311,0.16401739092037182,0.8359826090796282,0.30278367853035426,0.6972163214696457,-6.099999904632568,0.4762489019722542,0.39133653019680614,0.08491237177544808,0.4949080348558854,0.6230402346641813,0.12813219980829593,0.9544705788397388,0.6782528939247712,-0.2762176849149677,9.118867874145508,-24.200000762939453,0.10292030178697247,92,31
113,9.0,50,5.920648983883559e-15,6.671798069655302e-06,20.19087219238281,7.345077514648438,12.845794677734371,0.1642719552005688,0.44826169409419886,0.28398973889363005,2.728777980069033,0.025498461215113122,0.9745015387848869,0.025707824107907506,0.9742921758920925,0.18731767837489044,0.8126823216251096,-7.0,0.46516614128484113,0.43449491003565976,0.030671231249181363,0.49765474629088285,0.5279464934174232,0.030291747126540314,0.9662738721811301,0.3858529981189749,-0.5804208740621553,6.267000198364258,-26.600000381469727,0.06693501533079678,92,30
114,8.9,50,2.829889293168268e-15,0.07203136951963335,20.645845413208008,1.6213264465332031,19.024518966674805,0.17036449739169873,0.720187428433868,0.5498229310421692,4.227332803841326,0.32103717148685973,0.6789628285131403,0.3449097175465302,0.6550902824534698,0.4531355442774906,0.5468644557225094,-4.800000190734863,0.5109039788864185,0.29991399689580756,0.21098998199061092,0.4668358516001262,0.7909030195038996,0.32406716790377343,0.9556773270782805,0.48600204927510987,-0.4696752778031706,9.250900268554688,-30.0,0.06914541251773762,92,30
115,8.9,50,2.377750779813812e-13,0.04134876964528917,17.91487407684326,1.9634208679199219,15.95145320892334,0.1379044982770748,0.8024460331657798,0.6645415348887049,5.818853215023648,0.30856473560254016,0.6914352643974598,0.29709039972399576,0.7029096002760042,0.4100520304612397,0.5899479695387603,-5.300000190734863,0.4932684772932946,0.29877236548067043,0.19449611181262416,0.4705948039686238,0.7660817210127869,0.29548691704416313,0.7708519283306607,0.8522266631014522,0.08137473477079149,9.291452407836914,-25.299999237060547,0.15737483095758906,92,30
116,8.7,50,4.734155031002307e-12,0.11774128385096098,16.071314811706543,1.3184738159179688,14.752840995788574,0.16753902331911633,0.8536043381274085,0.6860653148082922,5.094958304141025,0.18231130997746947,0.8176886900225305,0.15395468076364116,0.8460453192363588,0.2889723000979463,0.7110276999020537,-4.199999809265137,0.47517937077350514,0.27002603757847454,0.2051533331950306,0.4918422060418364,0.8300345552361267,0.33819234919429025,0.9440550332441701,0.8204800784349295,-0.12357495480924052,9.589181900024414,-26.200000762939453,0.12038625461656398,92,31
118,8.4,50,3.1543360841827145e-14,0.133693956504289,19.159818649291992,1.240161895751953,17.91965675354004,0.14653007040652322,0.8805093074361775,0.7339792370296543,6.009069025854908,0.2780820923379208,0.7219179076620792,0.29796363407118354,0.7020363659288165,0.4147839510008775,0.5852160489991225,-4.199999809265137,0.5087266215784264,0.2358789153604819,0.2728477062179445,0.4370839790778798,0.8799290624687529,0.4428450833908731,0.795953289813117,0.9528628297740781,0.15690953996096113,8.68010139465332,-31.100000381469727,0.11950353839057545,92,31
119,8.1,50,1.9207813710622574e-15,5.534405235111754e-07,20.88467311859131,8.879402160644531,12.005270957946777,0.16922616079490824,0.5882322992110853,0.41900613841617707,3.476012789322727,0.1433307929061205,0.8566692070938795,0.11837520957475633,0.8816247904252437,0.25953600035613855,0.7404639996438614,-9.600000381469727,0.4725222599355282,0.39456926011092097,0.07795299982460724,0.4893310069731132,0.7523391820983877,0.26300817512527447,0.9792124051621006,0.5432592690700955,-0.43595313609200514,7.601078033447266,-29.299999237060547,0.09692513916351513,92,31
120,7.7,50,1.8678517570035268e-13,0.0013035631617078435,18.06363296508789,4.094005584716797,13.969627380371094,0.17027807305822382,0.7017863322931983,0.5315082592349745,4.12141340155543,0.38117779262329166,0.6188222073767083,0.4630424709839911,0.5369575290160089,0.5486371498649807,0.45136285013501937,-8.199999809265137,0.5081902074455039,0.3973252801228626,0.1108649273226413,0.4975654975623127,0.6453407852298952,0.14777528766758252,0.9437714469278468,0.956896220629881,0.013124773702034243,5.55769157409668,-27.899999618530273,0.11102779177789411,92,30
122,7.3,50,3.0105682056954418e-12,0.01522745100772365,16.35030746459961,2.5790901184082027,13.771217346191406,0.17163101906892336,0.6367765523630484,0.46514553329412506,3.7101484091714942,0.05309609354741529,0.9469039064525847,0.04372488951004039,0.9562751104899596,0.20107109541488144,0.7989289045851186,-5.0,0.4651416182560443,0.3637474522468177,0.10139416600922657,0.4977785716365273,0.675020661155979,0.17724208951945175,0.9791191969420479,0.6989304037702935,-0.2801887931717544,4.832756042480469,-22.899999618530273,0.07358704962107719,92,30
123,6.8,50,1.7646225296315541e-12,2.3317873884582333e-05,16.67954111099243,6.573856353759766,10.105684757232666,0.16877613087524213,0.5053211258858629,0.33654499501062074,2.9940319360644185,0.16517156132009403,0.834828438679906,0.1399517057991151,0.8600482942008849,0.2784153074093435,0.7215846925906565,-6.599999904632568,0.4730309334340883,0.36680987338718074,0.10622106004690757,0.48854989670895477,0.7058718959280755,0.21732199921912077,0.982546232336761,0.07003081343519317,-0.9125154189015678,3.2788209915161133,-22.100000381469727,0.11658165172115428,92,31
125,6.0,50,9.32474257440351e-14,7.52194431877987e-05,18.491792678833008,5.852027893066406,12.639764785766602,0.168302547176819,0.6008354625084545,0.4325329153316355,3.5699724845947554,0.10588410130203618,0.8941158986979638,0.0987909632846119,0.9012090367153881,0.2351002997036924,0.7648997002963076,-7.699999809265137,0.4698995937796645,0.3794893754545191,0.0904102183251454,0.4906950892982722,0.7472116165634352,0.25651652726516294,0.916452247053574,0.41842709493487157,-0.4980251521187024,6.422998428344727,-26.200000762939453,0.09769776973179997,92,31
126,5.9,50,8.864525334613919e-13,0.004949856953415061,17.103856086730957,3.2716751098632812,13.832180976867676,0.13658264504716783,0.6541769196188758,0.5175942745717079,4.789604999910205,0.059105959355719495,0.9408940406442805,0.06900599872578339,0.9309940012742166,0.2231797624457308,0.7768202375542692,-6.699999809265137,0.47786764989660535,0.3977469372096797,0.08012071268692567,0.47743527770796973,0.6129974613327152,0.13556218362474542,0.7710693658598137,0.841525755094385,0.07045638923457131,7.481288909912109,-24.200000762939453,0.09086834398837543,92,30
127,5.8,50,4.142742221808355e-13,9.040195783475491e-06,17.572690963745117,7.157844543457031,10.414846420288086,0.1659450665104855,0.5644943044832528,0.3985492379727673,3.4016938035791764,0.05060927430166029,0.9493907256983397,0.11410120287789971,0.8858987971221003,0.26146139307670646,0.7385386069232935,-7.699999809265137,0.47939512351461244,0.40165412349545593,0.07774100001915651,0.4713750456545504,0.6849493473549082,0.2135743017003578,0.9652725170260883,0.3929770939183843,-0.572295423107704,5.61540412902832,-26.399999618530273,0.0841129376711869,92,31
128,5.1,50,2.5776807619301787e-10,0.00021403086749311164,13.607722282409668,5.2075347900390625,8.400187492370605,0.17034008370520706,0.5613591387339523,0.39101905502874523,3.295519918291506,0.15887319041408776,0.8411268095859122,0.13218436979328807,0.8678156302067119,0.27118287052954493,0.7288171294704551,-8.100000381469727,0.4695426521217143,0.43045548945675494,0.039087162664959374,0.49249641136057315,0.5631823569683378,0.0706859456077647,0.9640885027128566,0.38624824635126664,-0.57784025636159,4.603199005126953,-25.799999237060547,0.11562497393507085,92,30
129,4.7,50,9.826953933267536e-15,0.0033964460132209304,19.87859296798706,3.5037994384765625,16.374793529510498,0.1332686143924505,0.6250708472110404,0.4918022328185899,4.690307992325385,0.1810430778729084,0.8189569221270916,0.15845711457635003,0.84154288542365,0.2964519976647003,0.7035480023352997,-4.199999809265137,0.48555671916543863,0.3663339233160561,0.11922279584938256,0.4690789631441549,0.7429345993207059,0.273855636176551,0.763476266120542,0.47851152047883305,-0.2849647456417089,9.107940673828125,-26.100000381469727,0.11842666026081888,92,30
130,4.5,50,5.0759379552265396e-14,6.193448270267575e-06,18.86661434173584,7.39093017578125,11.47568416595459,0.1655272962620159,0.40906722397185186,0.24353992770983596,2.4712976844878356,0.13541361843757205,0.864586381562428,0.218771931621756,0.781228068378244,0.3489390762892337,0.6510609237107663,-8.5,0.4944557673769002,0.4382289856895296,0.05622678168737061,0.45793249846798995,0.5522364271130376,0.09430392864504761,0.9443257851125866,0.5284103810763177,-0.4159154040362689,6.147489547729492,-28.5,0.08861588584297643,92,31
131,4.5,50,1.3460821149235041e-15,0.1213330897289848,21.103796005249023,1.2999534606933594,19.803842544555664,0.1624098754569954,0.82579121851359,0.6633813430565947,5.084612103727965,0.26564008668065586,0.7343599133193441,0.2886026873390525,0.7113973126609475,0.40710610119959734,0.5928938988004027,-4.199999809265137,0.5059739769521845,0.2721861911071095,0.23378778584507498,0.4474194945446117,0.8251553931252258,0.37773589858061407,0.9327028344254819,0.7146041349151493,-0.21809869951033256,8.551563262939453,-28.100000381469727,0.08825483118857362,92,31
132,3.8,50,5.382144482555467e-14,0.003682306342317845,18.83051300048828,3.453994750976563,15.376518249511719,0.15170016106954876,0.6382299830249214,0.48652982195537264,4.207180655083927,0.16554895697151684,0.8344510430284832,0.15937319049106435,0.8406268095089356,0.29928832699572994,0.7007116730042701,-4.800000190734863,0.4780895382208006,0.3261447960320041,0.1519447421887965,0.4906694705999098,0.7509121123810722,0.26024264178116246,0.8308085997512054,0.8382299685540161,0.007421368802810746,8.942981719970703,-27.600000381469727,0.10196953206274008,92,30
133,3.7,50,2.5591723626480502e-14,0.0002574071858411334,19.288687705993652,5.093799591064453,14.1948881149292,0.15656129087413495,0.497111104853651,0.34054981397951606,3.175185271391866,0.18703548928164582,0.8129645107183542,0.1558697964514758,0.8441302035485242,0.2945133144028156,0.7054866855971844,-8.199999809265137,0.48074220228902287,0.45934237150763946,0.02139983078138341,0.4838971306649091,0.5064693413016965,0.022572210636787438,0.8958402719282788,0.5142833634071481,-0.38155690852113067,8.876497268676758,-24.600000381469727,0.11176787902188841,92,30
135,3.2,50,6.5234545414723536e-15,0.08903054876354496,20.131114959716793,1.4907417297363281,18.640373229980465,0.15724427024323517,0.8448507676697209,0.6876064974264857,5.372855661849258,0.27262238899732993,0.7273776110026701,0.23127289152353692,0.7687271084764631,0.3555363135954601,0.6444636864045399,-4.199999809265137,0.489339837825957,0.2790909641926369,0.21024887363332012,0.48771347402477866,0.8135859518350961,0.3258724778103174,0.8978877429238225,0.69936899318571,-0.19851874973811245,9.998525619506838,-27.299999237060547,0.10506889927579141,92,31
136,3.1,50,1.9057516348596333e-14,0.003793628677770963,19.470383644104004,3.435638427734375,16.03474521636963,0.16244470438770886,0.5127909101368934,0.3503462057491845,3.1567105377163216,0.09482181496613384,0.9051781850338662,0.1396697068188063,0.8603302931811937,0.2830258119353868,0.7169741880646132,-6.300000190734863,0.48951546573249893,0.43342217306601016,0.05609329266648877,0.45651221342195947,0.5615348720238419,0.10502265860188242,0.943037529134595,0.46767781030092853,-0.4753597188336665,6.3787841796875,-27.0,0.08691671736322493,92,30
137,2.9,50,7.82938739123537e-15,8.044682585199624e-05,20.018648624420166,5.810619354248047,14.20802927017212,0.15691106040380456,0.6152820866499342,0.4583710262461297,3.9212155285072288,0.1852911697739178,0.8147088302260822,0.16901904805395895,0.830980951946041,0.30289217142099056,0.6971078285790094,-6.300000190734863,0.4837261718669966,0.37213996319831677,0.11158620866867985,0.4704195131659864,0.7573801885720042,0.2869606754060178,0.916253093108176,0.42856316020189505,-0.487689932906281,5.22445297241211,-25.899999618530273,0.11563814106412608,92,30
138,2.9,50,1.282832969384187e-14,5.752253635571699e-05,19.714326858520508,6.017345428466797,13.696981430053711,0.16583026139030319,0.5614672856884695,0.3956370242981663,3.3857950954258156,0.17334237631828486,0.8266576236817151,0.15064807491935006,0.8493519250806499,0.2880680648725453,0.7119319351274547,-9.800000190734863,0.4844506876067216,0.3940683438890038,0.0903823437177178,0.47965512083484385,0.7136183326784967,0.23396321184365287,0.9825420770785579,0.4104270159060506,-0.5721150611725073,7.250326156616211,-29.5,0.10213867961477795,92,31
139,2.6,50,7.570872555097753e-16,0.0001079849903049571,21.458473205566406,5.629177093505859,15.829296112060547,0.15256878868822044,0.5429128933737546,0.39034410468553415,3.5584794114293965,0.2929108982201224,0.7070891017798776,0.3068351996357934,0.6931648003642066,0.4219655749814182,0.5780344250185818,-8.600000381469727,0.5129290069505414,0.44257923149323364,0.0703497754573078,0.4446735772043432,0.5359124051051485,0.09123882790080529,0.8727673535160095,0.669872849578323,-0.2028945039376865,7.851564407348633,-28.600000381469727,0.10758503547411502,92,30
140,2.6,50,1.0580065775477469e-16,1.4045195026450893e-07,22.67134428024292,9.724555969238281,12.946788311004639,0.16340124374976014,0.46857550527871084,0.30517426152895066,2.867637323472935,0.050675490816922686,0.9493245091830773,0.04585694603124091,0.9541430539687591,0.20383281545107168,0.7961671845489283,-10.199999809265137,0.47168022802389287,0.47919013509427355,-0.007509907070380684,0.4853304421963129,0.595280536013531,0.10995009381721815,0.9598093218810746,0.39753630799465417,-0.5622730138864205,2.72235107421875,-28.600000381469727,0.07594596176884334,92,30
141,2.2,50,1.0653803870575126e-16,1.1836509790826467e-05,22.66706371307373,6.991741180419922,15.675322532653809,0.16562337022301085,0.46599978483137594,0.30037641460836506,2.813611292922672,0.04016861087796375,0.9598313891220362,0.03719849890527782,0.9628015010947222,0.1973639830986461,0.8026360169013539,-8.699999809265137,0.4665360416132931,0.4237748650909797,0.04276117652231337,0.49464495710573614,0.6304498617041481,0.13580490459841194,0.9825664325459796,0.26775777308087645,-0.7148086594651032,9.312061309814453,-29.399999618530273,0.06961166526223617,92,30
142,2.1,50,3.3507745015378745e-13,7.24920716541809e-05,17.703453540802002,5.874790191650391,11.828663349151611,0.15832191541348223,0.5691711455436865,0.4108492301302043,3.595024378382537,0.16482591754842446,0.8351740824515755,0.13887884977051745,0.8611211502294825,0.2761337558484356,0.7238662441515644,-8.199999809265137,0.48143348331782954,0.3598952850139058,0.12153819830392376,0.4754850288068567,0.7259698879885984,0.2504848591817417,0.9006958035698377,0.4713205941460965,-0.4293752094237412,6.151405334472656,-23.899999618530273,0.10485124766136289,92,30
143,2.0,50,8.479372040314675e-11,0.0003474559631865451,14.29297161102295,4.908916473388672,9.384055137634277,0.17181674982975392,0.6304346384017795,0.45861788857202557,3.669226888684898,0.11426485505708939,0.8857351449429106,0.09882943166351954,0.9011705683364805,0.2481882539954542,0.7518117460045458,-8.699999809265137,0.46364755454899087,0.42076366273833077,0.0428838918106601,0.49398462139001786,0.5801707485092282,0.08618612711921037,0.9829342460998481,0.8186925790495193,-0.16424166705032883,6.309032440185547,-23.899999618530273,0.07753331436901377,92,30
144,2.0,50,9.000729397302802e-08,0.12422835462160055,9.99880313873291,1.2854194641113281,8.713383674621582,0.16791491527086613,0.8588238606488762,0.6909089453780101,5.114637131927763,0.3408883857192141,0.6591116142807859,0.2834487312705585,0.7165512687294415,0.4017977340860974,0.5982022659139026,-4.199999809265137,0.4918658804691267,0.2638493124632214,0.2280165680059053,0.49098765973209957,0.8371628356189408,0.3461751758868412,0.963517907055511,0.8609795493691798,-0.10253835768633124,6.9381866455078125,-24.299999237060547,0.06609246605004034,92,31
146,1.9,50,3.587824653601375e-12,0.00371072248544704,16.242194175720215,3.4492568969726562,12.792937278747559,0.16491016656352586,0.6415978130772078,0.4766876465136819,3.8905898068452602,0.11935257353190742,0.8806474264680926,0.1222105467386504,0.8777894532613496,0.2649542269573891,0.7350457730426109,-6.400000095367432,0.4679075352072004,0.3744048686167537,0.0935026665904467,0.49549131598206825,0.6851000104052967,0.18960869442322842,0.9609212053884214,0.4782260419265552,-0.4826951634618662,7.361024856567383,-26.299999237060547,0.09796392257181478,92,30
147,1.9,50,2.9952516197960795e-17,5.989987941188072e-05,23.449106216430664,5.9923858642578125,17.45672035217285,0.153521868101006,0.6139470540495039,0.4604251859484979,3.9990853527496966,0.27476577275089265,0.7252342272491074,0.22689052587864655,0.7731094741213534,0.3531897791410247,0.6468102208589753,-6.300000190734863,0.4901463279536593,0.37718595292167134,0.11296037503198797,0.4782336032932119,0.7480334883155296,0.2697998850223177,0.9011791620880203,0.4036278800862951,-0.4975512820017252,6.388460159301758,-29.399999618530273,0.07213261832694577,92,30
148,1.9,50,2.8595629409436124e-14,0.0002560406625479034,19.220285415649414,5.097080230712891,14.123205184936523,0.14737812649883375,0.5650508862426045,0.4176727597437707,3.834021368476793,0.1217610686625531,0.8782389313374469,0.10803788916167578,0.8919621108383242,0.2551826435847143,0.7448173564152857,-5.400000095367432,0.4743719738639264,0.41008284904806847,0.06428912481585791,0.4819758705735828,0.6908767917502779,0.20890092117669512,0.870402705775806,0.4057679383225416,-0.46463476745326443,4.676525115966797,-26.399999618530273,0.1055066989883358,92,30
149,1.9,50,6.283024029631875e-16,4.462532297806356e-06,21.5733904838562,7.592945098876953,13.980445384979248,0.15426532375363863,0.44151307964572256,0.28724775589208396,2.8620370988286257,0.1157829306664434,0.8842170693335566,0.09825152892167666,0.9017484710783233,0.24642736005876897,0.753572639941231,-7.699999809265137,0.48012006114127626,0.4768189327815997,0.003301128359676553,0.4772071451733116,0.5696189475263114,0.09241180235299978,0.8955669877870491,0.4574370255037712,-0.43812996228327794,6.881011962890625,-27.100000381469727,0.09863891912970812,92,30
150,1.6,50,5.718637386185208e-12,0.007013074335910845,15.954874992370605,3.0569381713867188,12.897936820983887,0.15566975071072603,0.6582512676468593,0.5025815169361332,4.228511092499001,0.08294605025498136,0.9170539497450186,0.09437495099758386,0.9056250490024161,0.2423018024429997,0.7576981975570003,-4.699999809265137,0.4722041366644155,0.34681635657955145,0.12538778008486406,0.4864480321795387,0.7848037614136308,0.29835572923409215,0.8954144944512992,0.5633310776266208,-0.33208341682467835,9.000761032104492,-27.700000762939453,0.09042846873025946,92,31
152,1.4,50,8.730973873325837e-15,0.0017860768367213692,19.951474189758297,3.899913787841797,16.0515604019165,0.138956037090388,0.42966005993391376,0.29070402284352576,3.0920575235923637,0.2502660816803348,0.7497339183196652,0.2674399070958682,0.7325600929041318,0.3893419120767738,0.6106580879232262,-6.599999904632568,0.5113503719122546,0.4809046321939433,0.030445739718311327,0.430255812727406,0.4751356023286871,0.04487978960128114,0.817776473740443,0.14648871700386634,-0.6712877567365767,8.716946601867674,-25.600000381469727,0.07618949996653805,92,31
153,1.3,50,5.945257358171614e-13,0.017048842653251798,17.350053787231445,2.5094566345214844,14.840597152709961,0.15742168780884533,0.7221731375482376,0.5647514497393923,4.587507271711894,0.450244036905028,0.549755963094972,0.3709707342098909,0.6290292657901091,0.4751135714184139,0.5248864285815861,-5.599999904632568,0.5044164498953214,0.3149400997388956,0.18947635015642583,0.4874687079103953,0.7701046389767014,0.28263593106630613,0.9029383731087431,0.8625044847275292,-0.04043388838121398,7.419223785400391,-30.299999237060547,0.15342171467058413,92,30
154,1.3,50,6.872962311951572e-15,1.372648961363227e-05,20.09894847869873,6.900440216064453,13.198508262634277,0.1663290662890965,0.4990725217154705,0.332743455426374,3.0005129761747877,0.0677820104153688,0.9322179895846312,0.06382096139465454,0.9361790386053455,0.2195826455522829,0.7804173544477171,-7.699999809265137,0.4695183818788601,0.386914744251008,0.08260363762785206,0.4918077706010848,0.6695129387220969,0.1777051681210121,0.9598397753835574,0.3610696414944115,-0.5987701338891458,9.151765823364258,-30.200000762939453,0.07767165844660177,92,31
155,1.2,50,3.2018002362789266e-14,9.362584338489865e-05,19.15061378479004,5.7171173095703125,13.433496475219727,0.1601475170962055,0.6758497067838144,0.5157021896876088,4.220169747482322,0.3167113935651299,0.6832886064348701,0.2568244694182218,0.7431755305817782,0.37829568267698743,0.6217043173230126,-6.199999809265137,0.4943882569463125,0.3304608511704318,0.16392740577588072,0.4764846608623756,0.8062296915618852,0.32974503069950956,0.9167259206710302,0.4023320789916999,-0.5143938416793303,3.343149185180664,-25.399999618530273,0.08606123447053075,92,30
156,1.2,50,4.516723558004416e-15,5.013508781688964e-05,20.35768508911133,6.102062225341797,14.255622863769535,0.1539377043674414,0.4928841771554669,0.3389464727880255,3.2018418046496113,0.40673145828821433,0.5932685417117857,0.33043589708840926,0.6695641029115907,0.44172800199322415,0.5582719980067758,-5.699999809265137,0.51008687990417,0.36955230630175084,0.14053457360241917,0.48839715400265005,0.6773795666413286,0.18898241263867854,0.9168389600251908,0.053014561977828355,-0.8638243980473624,6.729568481445311,-31.899999618530273,0.028624381400007722,92,30
157,1.2,50,4.248290123306434e-13,3.5352496693113115e-05,17.557185173034668,6.317375183105469,11.2398099899292,0.13068812197805768,0.5457562717414304,0.4150681497633727,4.176020463688826,0.09170521110308794,0.9082947888969121,0.08990266594352114,0.9100973340564789,0.23880115737403462,0.7611988426259654,-10.0,0.48466832776901936,0.43269609909831397,0.05197222867070539,0.4660215144061733,0.589912921483312,0.1238914070771387,0.756385511892363,0.37829066537489675,-0.3780948465174663,6.230487823486328,-26.100000381469727,0.11028318440121403,92,30
158,1.2,50,3.069651787131693e-13,0.00043711350329518226,17.757460117340088,4.767436981201172,12.990023136138916,0.16784093132895117,0.5676123754357494,0.3997714441067982,3.3818471509985057,0.13982425273724208,0.8601757472627579,0.12394524761505621,0.8760547523849438,0.2670502618035465,0.7329497381964535,-7.800000190734863,0.472278388254871,0.42360828553485774,0.048670102720013264,0.48946061157879095,0.5647093684152321,0.07524875683644117,0.9714662248601108,0.5802335949294669,-0.3912326299306439,5.862588882446289,-24.399999618530273,0.09398665107987048,92,30
160,1.1,50,2.6569009700875713e-12,3.779919941307146e-09,16.42732810974121,11.952655792236328,4.474672317504883,0.16676993175043622,0.6593470776124487,0.4925771458620125,3.95363283232095,0.1289156909415068,0.8710843090584932,0.11216206035771292,0.8878379396422871,0.2588016180766455,0.7411983819233545,-11.0,0.48016994658906065,0.36289555405979623,0.11727439252926442,0.47708241449189204,0.7664814460315081,0.2893990315396161,0.979930894151523,0.3961017245229912,-0.5838291696285318,2.3031387329101562,-26.399999618530273,0.0945252370084793,92,31
161,1.1,50,2.7223391518076988e-17,0.000125246736663938,23.50798749923706,5.53778076171875,17.97020673751831,0.15241670290908896,0.42118611841642,0.268769415507331,2.763385576367193,0.08653436082277566,0.9134656391772243,0.1437657973874059,0.8562342026125941,0.28611673823181405,0.713883261768186,-8.899999618530273,0.48778194123962126,0.4735853988940617,0.01419654234555956,0.4630758091840106,0.4849309041411097,0.021855094957099086,0.875941300165727,0.21682826391885898,-0.659113036246868,7.895542144775391,-29.399999618530273,0.09448115542011434,92,30
162,1.1,50,2.3483409856989094e-14,0.026522782886804853,19.341675758361816,2.237091064453125,17.10458469390869,0.16276007843652296,0.6697332606606733,0.5069731822241503,4.1148497045107515,0.20711558362578675,0.7928844163742133,0.24227798099078035,0.7577220190092196,0.3684980947369385,0.6315019052630615,-4.699999809265137,0.49352132447593144,0.3347674149837151,0.15875390949221635,0.4660630964707475,0.7431668213400693,0.2771037248693218,0.9324587704011355,0.631879796317492,-0.3005789740836434,9.09866714477539,-27.799999237060547,0.09579521673837114,92,30
163,1.0,50,4.5958235810755165e-12,0.012018257321591575,16.08959197998047,2.724956512451172,13.364635467529297,0.153247088781958,0.6892746499418616,0.5360275611599036,4.497799308426477,0.4878162438541792,0.5121837561458208,0.4257444442330858,0.5742555557669142,0.5208515826209972,0.4791484173790028,-4.900000095367432,0.5027184057192713,0.3283827516531336,0.1743356540661377,0.4915050063871969,0.7885408400114402,0.2970358336242433,0.8175441119205686,0.6316275670002282,-0.1859165449203405,6.816999435424805,-30.299999237060547,0.20459701509726794,92,30
164,1.0,50,1.2725458959634708e-15,7.923056829775683e-06,21.13842010498047,7.239139556884766,13.899280548095703,0.16791035614275754,0.4483324412670728,0.2804220851243152,2.670070218217512,0.07602708147225667,0.9239729185277433,0.1511540172666196,0.8488459827333804,0.2909170551115037,0.7090829448884963,-9.899999618530273,0.4833142446478247,0.42664433407949787,0.05666991056832682,0.47113127476740424,0.6097304713015009,0.1385991965340967,0.9729539373890094,0.3084253676440233,-0.6645285697449861,7.898929595947266,-28.399999618530273,0.0908125881137312,92,31
165,0.9,50,1.2283896095386165e-11,0.12361857477047215,15.483661651611326,1.2884521484375,14.195209503173826,0.16384278147539694,0.8580477089816575,0.6942049275062605,5.2370186910584415,0.27259233802931326,0.7274076619706867,0.30122645086534405,0.698773549134656,0.41728241464275717,0.5827175853572428,-4.199999809265137,0.49662318566158237,0.269879825467915,0.22674336019366736,0.46215800757286196,0.8330451162777494,0.3708871087048874,0.9572138447946571,0.9030364503190039,-0.05417739447565317,8.27712631225586,-26.200000762939453,0.10235234701397951,92,31
166,0.9,50,9.989709246300573e-14,1.9710010107437215e-05,18.44933795928955,6.677455902099609,11.771882057189941,0.16835097583028047,0.42791620716506373,0.25956523133478326,2.5418100789416185,0.09525603068015576,0.9047439693198442,0.1359677343495368,0.8640322656504632,0.27881092408793895,0.721189075912061,-9.899999618530273,0.4787573165840294,0.4829095991482063,-0.004152282564176879,0.4892756322790067,0.48004243638558525,-0.009233195893421475,0.9747040311222582,0.6109925305682992,-0.36371150055395907,6.0634384155273455,-25.700000762939453,0.10177880084265131,92,30
167,0.9,50,1.7835777829330693e-14,9.429252014237419e-07,19.511218070983887,8.551006317138672,10.960211753845215,0.16150425187664708,0.5940606763143822,0.4325564244377351,3.678297440541138,0.2656725750057226,0.7343274249942774,0.2839911261243294,0.7160088738756706,0.40284997672074374,0.5971500232792563,-11.100000381469727,0.5093958712206439,0.35688687174648304,0.15250899947416086,0.43617263892453617,0.7492422256719786,0.31306958674744245,0.9453834621110855,0.59765587630595,-0.3477275858051355,5.957431793212891,-31.600000381469727,0.09012237151040972,92,30
168,0.6,50,2.4083345073290998e-15,0.0011991558779178041,20.745259284973145,4.145458221435547,16.599801063537598,0.16586290439681317,0.6111416077795927,0.44527870338277953,3.684618993029854,0.06887504073814821,0.9311249592618518,0.06329557223682647,0.9367044277631735,0.21459876724591342,0.7854012327540866,-7.0,0.46367120476072343,0.3765829893836019,0.08708821537712153,0.49683477249420177,0.711016798274469,0.21418202578026718,0.9597843209854123,0.44612285418727593,-0.5136614667981364,7.547294616699219,-26.399999618530273,0.07761738314697794,92,30
