switch_number,on_off,toehold_defect,f1,f2,barrier,access,f4,f5
4,264.6,0.30031232267626207,-12.652546882629395,4.447355864473785,23.38,2.4771423339843754,59.92063492063492,72.02380952380953
10,192.4,0.29809631321776064,-12.409683227539062,5.4388848912095415,25.279999237060547,2.354705810546875,51.785714285714285,74.0079365079365
14,153.4,0.3036909889911624,-14.262873649597168,4.387544545397156,25.179999237060546,2.1825027465820312,65.27777777777779,66.66666666666667
42,44.7,0.2982012793140778,-9.139058113098145,4.875401091617491,24.379999618530274,1.460418701171875,54.36507936507937,80.95238095238095
46,40.5,0.2999553204603309,-13.892659187316895,4.803914805648418,29.279999618530272,2.2256011962890625,47.02380952380952,56.74603174603175
48,39.1,0.4386260087053546,-12.301677703857422,4.643791867893502,28.379999237060545,2.9595184326171875,37.1031746031746,53.57142857142858
55,33.9,0.33941239187620187,-14.717076301574707,4.2080175130678965,30.88,4.017364501953125,37.3015873015873,32.53968253968254
56,33.8,0.37902132530391286,-14.774406433105469,4.166625278536485,28.680000762939454,4.017364501953125,42.46031746031746,36.3095238095238
59,32.2,0.29814691176280617,-13.768271446228027,5.080426082560822,27.180000762939454,1.5598373413085938,57.73809523809524,70.83333333333333
63,29.3,0.3037337758405916,-12.20979690551758,4.205083399703627,28.580000762939452,3.4379730224609375,31.94444444444444,40.476190476190474
64,29.1,0.2824896710755638,-11.596349716186523,3.970639306421777,23.999999618530275,3.675048828125,47.023809523809526,53.769841269841265
68,24.8,0.46947857714761676,-15.576068878173828,4.213756874068865,30.880000381469728,4.017364501953125,41.86507936507937,32.53968253968254
70,24.1,0.3036936693553973,-17.19484519958496,4.259360384603823,30.679999237060546,2.9483566284179688,55.357142857142854,42.65873015873016
72,23.3,0.4073117339215995,-14.718209266662598,4.759562288456665,27.489999618530273,2.9617462158203125,53.57142857142858,57.93650793650793
88,17.7,0.29994141236508176,-14.122478485107422,4.8317553063883905,28.980000381469726,2.2693099975585938,49.20634920634921,57.93650793650793
101,13.1,0.5278494744083129,-15.139461517333984,4.2752912305688,30.88,4.074493408203125,39.48412698412699,33.92857142857143
112,9.4,0.49379001355944374,-11.113687515258789,4.165574169280359,28.579999237060548,3.6023635864257812,28.174603174603178,39.48412698412699
117,8.5,0.4944741869973117,-15.322771072387695,4.419530141067336,30.28,4.150032043457031,40.476190476190474,36.70634920634921
121,7.4,0.30264683021673366,-13.662864685058594,3.313112448808839,25.580000762939452,2.8768386840820312,54.56349206349207,44.24603174603175
124,6.4,0.46469046951795046,-14.51960563659668,4.217853460722941,30.880000762939453,4.017364501953125,36.3095238095238,32.53968253968254
134,3.3,0.2981954646127619,-10.002025604248047,4.662742477539145,30.080000381469727,2.2133636474609375,30.952380952380953,54.56349206349207
145,2.0,0.29991666474687384,-12.813225746154785,4.443808442846409,29.179999237060546,4.755577087402344,24.801587301587304,35.91269841269842
151,1.5,0.6012511207774465,-14.868111610412598,4.291951841649212,30.880000762939453,4.074836730957031,37.3015873015873,33.73015873015873
159,1.1,0.4710239162019366,-15.586341857910156,4.45608762943251,28.880000381469728,4.396156311035156,43.452380952380956,39.08730158730159
1,292.0,0.395320765371984,-12.949463844299316,6.019012701358281,26.379999618530274,4.1890106201171875,37.89682539682539,58.73015873015873
2,279.6,0.3179373656704436,-10.913792610168457,4.5297476635953835,25.100000381469727,2.6787948608398438,45.833333333333336,65.47619047619047
3,265.3,0.3806675470517895,-13.772919654846191,5.2446411216617985,23.929999618530275,3.2439651489257812,59.126984126984134,73.01587301587303
5,253.0,0.3969509514176488,-10.171977996826172,4.480719063608584,29.379999618530274,3.2692108154296875,24.007936507936506,44.642857142857146
6,219.8,0.2378892863939801,-13.552538871765137,4.151014793967013,23.6,4.6230926513671875,50.595238095238095,51.58730158730159
7,213.3,0.4112639736904954,-14.053197860717775,5.389984201520306,27.580000762939452,0.9244766235351562,60.91269841269841,74.0079365079365
8,200.8,0.3593384427488169,-9.207565307617188,4.782584704015022,20.22999961853027,1.6259613037109375,63.293650793650805,88.4920634920635
9,194.4,0.5526968470693272,-15.162574768066406,3.6231101680516495,23.03000076293945,4.236351013183594,64.28571428571429,47.61904761904762
11,181.2,0.27953519602986754,-15.66139030456543,6.955168766474415,21.89999923706055,1.481658935546875,87.8968253968254,93.65079365079366
12,169.9,0.2552241760710964,-12.32248592376709,3.7189136227999047,23.89999923706055,6.162559509277344,37.6984126984127,39.08730158730159
13,155.3,0.3112861784743042,-12.915047645568848,4.370875344516696,23.290000381469728,2.45843505859375,62.3015873015873,71.62698412698413
15,124.7,0.501665359405606,-10.561788558959961,4.254080901813298,26.2,3.6665420532226562,33.333333333333336,49.20634920634921
16,123.2,0.2591422019619509,-13.815992832183838,3.634052735536402,23.209999618530272,3.7798309326171875,59.32539682539683,50.992063492063494
17,122.6,0.422489177521435,-13.086079597473145,3.474972558739455,30.279999237060547,6.916297912597657,17.658730158730155,12.301587301587299
18,115.1,0.27943973662661525,-12.969108581542969,5.641876894342154,25.080000762939452,1.4948425292968752,61.507936507936506,81.15079365079366
19,103.5,0.21370661497408472,-13.186245918273924,4.530845102358666,22.000000762939454,1.8897323608398438,70.83333333333333,81.74603174603175
20,101.9,0.49162384084655686,-14.359333038330078,4.640860674853721,24.830000381469727,2.626800537109375,63.69047619047618,68.05555555555556
21,86.6,0.24885504859335583,-12.540910720825195,4.169443148945378,23.000000762939454,5.060157775878907,45.43650793650793,52.57936507936508
22,83.1,0.4896301321304599,-14.036944389343262,4.482682310980805,27.579999237060548,3.5933074951171875,45.23809523809524,50.3968253968254
23,75.2,0.3163103387323628,-12.831586837768555,4.034123661418067,23.109999237060546,2.1248321533203125,65.67460317460318,69.04761904761905
24,74.8,0.27755921133897643,-15.79690170288086,3.8357837637525245,26.029999237060547,3.2630767822265625,62.3015873015873,45.63492063492064
25,72.6,0.3898907328569011,-10.56877326965332,5.295204006301805,26.830000762939452,7.204948425292969,18.055555555555554,45.03968253968254
26,68.2,0.3206343021168343,-17.588882446289062,5.662695113847051,26.179999618530275,1.3284378051757812,77.57936507936508,77.38095238095238
27,67.3,0.24633260896806386,-12.740942478179932,3.4189625734425952,19.500000762939454,3.0841369628906254,63.095238095238095,58.730158730158735
28,66.9,0.2586563814943229,-11.512236595153809,4.899130334226934,29.48,2.05572509765625,37.49999999999999,59.32539682539683
29,63.1,0.2801727903437833,-10.564528465270996,2.3195586269354824,21.800000762939455,6.118133544921875,37.5,35.317460317460316
30,63.0,0.23955448887919994,-15.372163772583008,4.13390427223288,24.6,3.1408691406250004,66.46825396825396,56.547619047619044
31,62.0,0.435251297332111,-14.38815689086914,6.238602285487574,25.679999237060546,0.9393157958984375,69.84126984126983,82.34126984126983
32,59.4,0.46647421212603435,-16.05924415588379,6.024834419405811,25.180000381469725,0.9902267456054688,80.75396825396825,83.92857142857143
33,58.5,0.31759099982519123,-15.00229787826538,4.342869394688587,23.230000381469726,3.9295883178710938,64.88095238095238,61.70634920634921
34,57.1,0.30277084090855344,-14.227148532867432,4.123482156303441,24.179999237060546,2.6752395629882812,65.67460317460318,61.70634920634921
35,53.9,0.2679404638042794,-15.707132339477539,4.27815621024934,25.929999618530275,3.6844100952148438,59.523809523809526,50.992063492063494
36,53.4,0.3241521633085802,-15.014239311218262,3.400376851129447,24.180000762939454,3.8418121337890625,62.1031746031746,43.65079365079365
37,52.7,0.30759416114306026,-10.915914535522461,3.8163631700041947,25.580000381469727,5.464599609375,28.571428571428573,35.91269841269841
38,51.0,0.354761875952766,-15.475961685180664,3.1413075916002176,27.079999618530273,3.9063720703125,53.769841269841265,32.142857142857146
39,48.7,0.26416243167830333,-14.120574951171875,3.4049473605790195,19.500000381469725,2.9193191528320312,73.21428571428571,60.51587301587301
40,48.6,0.21349580899358733,-13.7675724029541,4.8215715410019895,20.299999618530272,2.166259765625,75.0,86.5079365079365
41,48.3,0.32276257637248995,-11.133676528930664,3.438305340953236,28.080000762939452,3.9947967529296875,27.57936507936508,29.166666666666668
43,42.4,0.46710195452738534,-12.612396240234375,4.519213693653245,22.23,1.9770355224609375,66.66666666666667,80.35714285714285
44,41.5,0.26435712497737074,-11.84914493560791,3.712330560898612,21.500000762939454,4.542320251464844,48.41269841269841,51.1904761904762
45,41.4,0.2063966365337463,-16.43749713897705,3.929008637525992,27.4,2.8413314819335938,64.28571428571429,46.62698412698413
47,39.6,0.22500175806934086,-15.019330024719238,4.059901339280471,26.400000381469727,4.191444396972656,49.6031746031746,40.476190476190474
49,38.7,0.26387146638628367,-14.855699062347412,4.018081040452511,25.699999618530274,5.4315032958984375,47.02380952380952,37.89682539682539
50,38.2,0.26680929961833355,-11.14937686920166,3.9310776027795353,27.580000381469727,3.0357284545898433,35.714285714285715,43.452380952380956
51,37.6,0.2781075825668755,-15.532593727111816,5.213573347575932,22.299999618530272,2.5366897583007812,78.96825396825396,81.94444444444444
52,37.3,0.48294778129437665,-11.461492538452148,4.48253480999946,26.599999237060548,3.0693435668945312,39.285714285714285,55.952380952380956
53,36.8,0.27199546600657964,-13.494025230407715,5.995456832587836,22.299999618530272,5.06012725830078,51.98412698412699,69.84126984126983
54,36.4,0.46391409398153793,-11.312170028686523,4.885929083668934,22.900000381469727,1.692970275878906,62.6984126984127,84.72222222222223
57,33.3,0.2535739365324664,-12.366128921508789,3.8188273424811534,24.1,2.988433837890625,53.37301587301587,56.15079365079365
58,32.7,0.405440093440841,-14.389997482299805,3.6574106186556983,28.98,4.243263244628906,37.698412698412696,25.59523809523809
60,30.2,0.4177175799009333,-16.02305507659912,4.300541668204539,28.479999237060547,4.805572509765625,46.03174603174603,36.50793650793651
61,30.0,0.29837531910817205,-12.684043884277344,4.452519430377378,25.260000381469727,2.1715164184570312,55.15873015873016,67.26190476190476
62,29.4,0.27642302778773864,-16.577762603759766,4.535188340339732,24.60000076293945,1.9276580810546875,80.35714285714285,73.41269841269842
65,27.4,0.3960241539892668,-12.01769542694092,4.866233963678747,25.96,2.69183349609375,45.833333333333336,65.67460317460318
66,26.2,0.39327715183798984,-19.99227905273438,5.351886254659706,28.03000076293945,2.606246948242188,65.87301587301587,62.8968253968254
67,24.9,0.21208170475507115,-13.59894323348999,4.321551174846617,22.099999237060548,4.3318939208984375,55.75396825396825,61.111111111111114
69,24.5,0.35484902158567855,-14.22902774810791,5.301298755725918,27.779999237060547,1.0688705444335938,61.30952380952382,72.02380952380952
71,23.9,0.2676646488623222,-14.74282169342041,3.8613758766328337,25.650000762939452,5.16583251953125,46.82539682539683,37.1031746031746
73,22.8,0.37791618720820974,-14.832246780395508,4.8917773393540465,27.480000381469726,2.1876907348632812,60.31746031746032,65.67460317460318
74,22.5,0.29900402107053914,-16.144789695739746,4.30102934402276,27.480000381469726,3.198997497558594,60.31746031746032,50.595238095238095
75,22.3,0.30831970567343026,-15.827936172485352,3.7584583673288865,25.410000381469725,3.0234527587890625,67.06349206349206,48.8095238095238
76,22.0,0.3912206835850428,-13.319361686706543,3.6803707508939154,27.18,3.6161880493164062,42.26190476190476,38.492063492063494
77,21.0,0.3985715787812858,-16.441526412963867,2.7664363985471114,28.16,4.5272674560546875,49.6031746031746,21.230158730158728
78,19.9,0.37620689085638004,-13.449738502502443,5.377312864433908,27.380000762939453,1.080047607421875,57.93650793650793,74.8015873015873
79,19.7,0.34989647928707734,-13.52993106842041,3.9983699823941503,25.89999923706055,6.311836242675781,34.32539682539683,33.333333333333336
80,19.5,0.3167467759922816,-11.172857284545898,2.8629867040009156,20.6,4.662681579589844,47.61904761904762,44.84126984126984
81,18.8,0.2551153617131887,-10.832707405090332,2.8838468079873723,30.980000381469726,6.304031372070312,8.531746031746033,7.936507936507939
82,18.7,0.3583465761118465,-14.006616592407227,3.663166902433079,28.299999618530272,5.66455078125,31.94444444444444,23.611111111111104
83,18.6,0.4980053148589081,-14.81337833404541,4.778533522689706,24.130000381469728,1.7443771362304688,74.6031746031746,78.37301587301587
84,18.4,0.2666897383658674,-14.21356296539307,4.208469819116057,28.9,7.8648223876953125,25.5952380952381,23.412698412698415
85,18.4,0.35944906280247146,-14.517848014831543,3.7561417817092573,24.679999618530275,3.157318115234375,60.91269841269841,50.3968253968254
86,18.0,0.2766083091197198,-10.935890197753906,3.763504971621813,25.430000381469725,8.076240539550781,22.42063492063492,28.968253968253972
87,18.0,0.22906605711288075,-15.80175495147705,3.9636218123317275,23.800000762939455,2.9465713500976562,75.1984126984127,59.72222222222223
89,17.4,0.3709268255009375,-15.228305816650387,4.045168333670989,26.129999618530274,4.71881103515625,50.0,39.48412698412698
90,17.2,0.20696602070428127,-12.82795524597168,4.5419378080868045,21.4,3.0468292236328125,62.1031746031746,75.3968253968254
91,16.9,0.39159993091294465,-10.195561408996582,4.287960334100333,26.130000381469728,6.43756103515625,20.23809523809524,37.6984126984127
92,16.9,0.34813900098315254,-10.33152961730957,4.385850958752785,22.330000762939452,4.798515319824219,40.67460317460317,59.32539682539683
93,16.9,0.2770202651425645,-13.79942274093628,3.6156688017686958,21.199999618530274,3.425735473632812,65.47619047619047,57.14285714285714
94,16.6,0.26281186729958195,-13.801191329956055,3.6600002173022625,24.4,6.079811096191406,44.047619047619044,36.507936507936506
95,16.2,0.45369099213565,-15.03576946258545,6.474559450460876,23.380000381469728,0.6320877075195312,83.33333333333333,92.06349206349206
96,16.1,0.2724295659396827,-15.71243953704834,4.544143366399791,30.680000762939454,2.1771469116210938,56.944444444444436,53.17460317460317
97,16.0,0.5796893519228458,-11.502080917358398,4.721970102705897,22.48,1.5663833618164062,64.28571428571429,83.73015873015873
98,15.7,0.21595248665187528,-11.982120513916016,4.2469557931431385,18.799999618530272,2.465476989746094,65.07936507936508,75.9920634920635
99,15.2,0.23476657116064814,-17.595530033111572,3.7976002169587444,29.080000762939452,4.0375518798828125,50.1984126984127,29.166666666666668
100,13.6,0.4758418583345222,-16.16923236846924,3.014799088247121,27.780000381469726,3.9238739013671875,54.166666666666664,27.976190476190478
102,12.7,0.5096873999439318,-15.481913566589355,4.022589846581534,29.10999847412109,5.60626220703125,37.5,25.59523809523809
103,12.4,0.39259904464167616,-15.85737419128418,4.224112028753097,30.680000762939454,4.164863586425781,43.65079365079365,32.34126984126984
104,12.2,0.47977131633554404,-15.473991394042969,4.791394548974846,24.1,1.9380722045898438,77.57936507936508,78.57142857142857
105,11.4,0.3672885212763203,-15.034573554992676,4.515473748894932,25.860000762939453,2.2381973266601562,66.07142857142857,64.88095238095238
106,11.0,0.255133996351777,-14.303303718566895,2.5194321777400552,24.500000762939454,5.0733489990234375,50.0,30.952380952380953
107,10.3,0.247970589366578,-12.091296195983887,2.2699918647409385,19.699999237060545,4.815132141113281,49.8015873015873,42.46031746031746
108,9.9,0.45907632794131503,-16.4785795211792,5.90596088013844,25.260000381469727,1.992340087890625,76.58730158730158,77.97619047619048
109,9.8,0.4631760129073016,-19.39006423950195,5.223334810275294,27.48,1.1173019409179688,76.58730158730158,72.81746031746032
110,9.7,0.28452691802325303,-10.625494956970215,2.2490552190530666,25.800000762939455,7.677726745605469,20.634920634920636,17.65873015873016
111,9.6,0.30278367853035426,-14.76503038406372,3.744187182897463,21.10000076293945,3.387420654296875,71.82539682539682,59.92063492063492
113,9.0,0.18731767837489044,-13.12624359130859,2.7481360521934715,24.000000381469725,7.064628601074219,38.49206349206349,27.97619047619047
114,8.9,0.4531355442774906,-19.097475051879883,4.376404111740851,28.48,1.548370361328125,70.03968253968253,57.93650793650793
115,8.9,0.4100520304612397,-15.606478691101074,5.608928054312253,24.46999923706055,2.3083953857421875,74.40476190476191,78.76984126984127
116,8.7,0.2889723000979463,-14.839495658874512,5.086636673103887,24.860000762939453,1.2318191528320312,74.40476190476191,80.55555555555556
118,8.4,0.4147839510008775,-17.903005599975586,6.005647034661679,31.680000381469725,1.2568130493164062,64.48412698412699,64.28571428571429
119,8.1,0.25953600035613855,-12.262663841247559,3.467668428547937,27.959999237060547,8.62200927734375,17.460317460317466,15.873015873015879
120,7.7,0.5486371498649807,-14.232311248779297,4.121133660519152,22.629999618530274,3.8313217163085938,63.29365079365079,58.730158730158735
122,7.3,0.20107109541488144,-13.440303802490234,3.594002808496631,21.199999618530274,2.910003662109375,67.26190476190476,61.11111111111111
123,6.8,0.2784153074093435,-10.206915378570557,2.984126220863663,21.790000381469728,6.472625732421874,35.91269841269841,36.904761904761905
125,6.0,0.2351002997036924,-12.933313369750977,3.5551473944613914,24.300000762939455,5.558479309082031,41.46825396825397,36.904761904761905
126,5.9,0.2231797624457308,-13.39709186553955,4.701220596468983,21.10000076293945,3.7067642211914062,61.3095238095238,73.21428571428571
127,5.8,0.26146139307670646,-10.667089462280273,3.4117973610675256,28.279999618530272,6.905601501464844,14.087301587301587,16.468253968253972
128,5.1,0.27118287052954493,-8.191058158874512,3.309006076594161,24.459999237060547,5.416664123535156,30.555555555555554,34.72222222222222
129,4.7,0.2964519976647003,-16.600471019744873,4.74561756537525,23.760000381469727,3.2781219482421875,74.40476190476191,69.24603174603175
130,4.5,0.3489390762892337,-11.227133750915527,2.5193645088951584,29.78,7.6394805908203125,10.317460317460316,5.5555555555555545
131,4.5,0.40710610119959734,-19.72505760192871,4.954405536296534,28.680000381469725,1.3787384033203125,70.63492063492063,65.67460317460318
132,3.8,0.29928832699572994,-15.624656677246094,4.231710834823012,26.390000381469726,3.2058563232421875,60.11904761904762,50.595238095238095
133,3.7,0.2945133144028156,-13.467513084411621,3.168835268235052,21.500000381469725,5.821174621582031,51.1904761904762,41.46825396825397
135,3.2,0.3555363135954601,-18.490940093994137,5.308802630813027,26.329999237060548,1.6401748657226562,76.19047619047619,73.80952380952381
136,3.1,0.2830258119353868,-15.957955360412598,3.140951068601708,28.78,3.5124282836914062,52.38095238095238,27.182539682539684
137,2.9,0.30289217142099056,-13.937708377838135,3.9233349712817334,24.499999618530275,6.080940246582031,44.04761904761906,39.08730158730159
138,2.9,0.2880680648725453,-13.794504165649414,3.376395189328189,27.6,5.919822692871094,31.547619047619047,20.634920634920633
139,2.6,0.4219655749814182,-15.593910217285156,3.556007702262008,29.080000381469727,5.86456298828125,37.698412698412696,18.055555555555554
140,2.6,0.20383281545107168,-12.704631328582764,2.8689858610942527,27.100000381469727,9.966712951660156,22.817460317460316,15.476190476190476
141,2.2,0.1973639830986461,-15.719576835632324,2.798681894567149,27.499999618530275,6.947486877441406,41.26984126984127,15.277777777777777
142,2.1,0.2761337558484356,-11.921104907989502,3.5987289368698896,23.589999618530275,5.7823486328125,39.285714285714285,39.88095238095238
143,2.0,0.2481882539954542,-9.377772331237793,3.659398706292443,23.22999961853027,4.915199279785156,37.301587301587304,44.642857142857146
144,2.0,0.4017977340860974,-8.332406044006348,5.062961567226118,21.529999237060547,1.6663970947265625,60.51587301587302,88.2936507936508
146,1.9,0.2649542269573891,-12.908904075622559,3.779538664937142,23.199999237060545,3.3332901000976562,56.34920634920635,56.15079365079365
147,1.9,0.3531897791410247,-17.220918655395508,4.00801597883229,28.22999961853027,6.228187561035156,44.24603174603175,26.190476190476186
148,1.9,0.2551826435847143,-14.182748794555664,3.8388167845903394,24.699999618530274,5.03753662109375,48.214285714285715,41.26984126984127
149,1.9,0.24642736005876897,-14.088183879852295,2.867959606996608,25.200000381469728,7.485206604003906,38.095238095238095,22.61904761904762
150,1.6,0.2423018024429997,-13.175471305847168,4.259275067479083,24.60000076293945,2.7794036865234375,56.34920634920635,62.5
152,1.4,0.3893419120767738,-15.617894172668453,3.010286907052278,26.080000381469727,4.333580017089844,53.57142857142858,29.76190476190476
153,1.3,0.4751135714184139,-14.911264419555664,4.653547617687658,27.629999237060545,2.4387893676757812,57.93650793650793,59.52380952380952
154,1.3,0.2195826455522829,-13.282443046569824,3.0125117567150173,28.400000762939452,6.816505432128906,23.412698412698408,13.888888888888886
155,1.2,0.37829568267698743,-13.220865249633789,4.219512748422037,24.629999618530274,5.92974853515625,39.08730158730159,43.65079365079365
156,1.2,0.44172800199322415,-14.544292449951175,3.1956517796310906,27.879999618530274,5.813392639160156,36.70634920634921,20.039682539682538
157,1.2,0.23880115737403462,-11.19788646697998,4.233573357722247,24.800000381469726,6.3592987060546875,29.365079365079367,42.063492063492056
158,1.2,0.2670502618035465,-12.585028171539307,3.4289160847076583,21.799999618530272,5.172431945800781,47.42063492063492,44.24603174603175
160,1.1,0.2588016180766455,-5.733541488647461,3.9467893737262645,24.899999618530273,10.69378662109375,20.039682539682545,32.53968253968254
161,1.1,0.28611673823181405,-17.630195140838623,2.7344821421898953,31.279999618530272,5.8777923583984375,38.6904761904762,7.93650793650794
162,1.1,0.3684980947369385,-17.005417823791504,4.050053331356934,29.279999237060547,2.3362579345703125,60.714285714285715,44.047619047619044
163,1.0,0.5208515826209972,-13.603630065917969,4.547502030443587,24.999999237060546,2.4859619140625,58.53174603174603,67.85714285714286
164,1.0,0.2909170551115037,-13.838005065917969,2.688407829177901,30.279999618530272,7.3004150390625,21.428571428571427,5.95238095238095
165,0.9,0.41728241464275717,-14.17820358276367,5.244640042154326,27.080000762939452,1.3054580688476562,62.69841269841269,73.61111111111111
166,0.9,0.27881092408793895,-11.683445930480957,2.55747690310483,23.800000762939455,6.765892028808594,34.92063492063492,29.365079365079367
167,0.9,0.40284997672074374,-11.06262493133545,3.6790483152543225,32.08000038146972,8.448593139648438,5.158730158730161,10.11904761904762
168,0.6,0.21459876724591342,-16.77391529083252,3.5845347945802275,23.299999618530272,3.971343994140625,71.82539682539682,48.01587301587301
