switch_number,on_off,aug_index,p_open_off,p_open_on,dG_open_off,dG_open_on,separation,A_M_off,A_M_on,A_M_gain,ied_toehold12_off,ied_toehold15_off,ied_toehold18_off,dG_rbs_linker,ied_rbs_linker_off,ied_rbs_linker_on,ied_rbs_linker_gain,mean_wrank_off,mean_wrank_on,mean_wrank_gain,aug_off,aug_on,aug_gain,narrow_sep,switch_len
1,665.0,57,2.1171293775542933e-12,0.10150201612076039,16.567294120788574,1.409942626953125,15.15735149383545,0.11785474655792193,0.7864554934970044,0.6686007469390824,0.4208775207693076,0.35124891964923655,0.3477166687849077,-4.199999809265137,0.5240599666494925,0.2625920568187865,0.261467909830706,0.4355771776673623,0.8243676959531037,0.38879051828574135,0.6672184099809187,0.7801222267304789,0.11290381674956018,6.334957122802734,99
2,586.0,57,9.462536386883155e-10,0.06431329511277245,12.806227684020996,1.6911773681640623,11.115050315856934,0.11983475763941034,0.7989186132034635,0.6790838555640532,0.1648224666800293,0.2010952726272368,0.17919834020798597,-4.199999809265137,0.5003902148568484,0.28516444604029145,0.21522576881655697,0.4534546123151344,0.7915971044849401,0.33814249216980574,0.652855758636064,0.6457324701232219,-0.007123288512842163,5.401216506958008,99
3,557.0,57,1.875928700220013e-11,0.10922786749408642,15.222711563110352,1.3647308349609375,13.857980728149414,0.08288809680864845,0.8262569573125301,0.7433688605038817,0.24370330993598532,0.22467380288899996,0.20747837615286535,-4.199999809265137,0.5089774235073512,0.27506034066267093,0.23391708284468027,0.43937152113190797,0.8214342878108805,0.3820627666789725,0.45589020513017625,0.8880734571527231,0.43218325202254687,4.597875595092773,99
4,483.0,57,1.5443013051811291e-12,0.03738370121372071,16.76173686981201,2.0255508422851562,14.736186027526855,0.10942455378600544,0.7616582103344013,0.6522336565483958,0.4974263419480712,0.4887750322198533,0.4185593297690047,-5.5,0.5669953351694687,0.2862614064467184,0.28073392872275027,0.43589189715747584,0.8039037596525587,0.36801186249508283,0.6074292905455919,0.8368515270492373,0.22942223650364535,7.104907989501953,99
5,453.0,57,3.751130609536165e-09,0.04101866907125975,11.957367897033691,1.9683609008789062,9.989006996154785,0.09140615656434098,0.8190067799648967,0.7276006234005556,0.2972841645315588,0.25173191617098156,0.2472025217993955,-5.099999904632568,0.5047783337116278,0.2654636674443357,0.23931466626729214,0.44237767978628995,0.8408197955990911,0.3984421158128012,0.3621556697894017,0.9199265541124967,0.557770884323095,7.9793853759765625,99
6,409.0,57,1.000552359872606e-12,0.019390915294324164,17.029232025146484,2.4301223754882812,14.599109649658203,0.11723661819048638,0.7418964140189019,0.6246597958284156,0.2387397156514961,0.2688318512847959,0.24257080291487731,-5.300000190734863,0.4929152389535496,0.30687805763445486,0.18603718131909475,0.4641697209322163,0.7628996050874735,0.29872988415525714,0.6682895968547871,0.6734606181990485,0.005171021344261395,7.571317672729492,99
7,403.0,57,1.3899135893545183e-10,0.18403648841373263,13.988391876220701,1.0431976318359375,12.945194244384764,0.11952181102920753,0.9052905931649984,0.7857687821357908,0.3134893819157104,0.29226406753162404,0.2583882747975289,-4.199999809265137,0.512663849216671,0.21867753437127757,0.2939863148453934,0.46332023413176826,0.905904164055173,0.4425839299234048,0.6491811490139611,0.9422820174654917,0.2931008684515306,7.516365051269531,99
8,393.0,57,3.9827248479704325e-14,0.0016599606810597774,19.01609992980957,3.9450454711914062,15.071054458618164,0.12141529596849455,0.6461536543554195,0.524738358386925,0.3067082919401313,0.26693409426715464,0.2860221572454458,-5.5,0.5206681319901012,0.34305532133379757,0.17761281065630363,0.4477298221383156,0.7489661842414012,0.3012363621030856,0.6747843424327334,0.6684039247159334,-0.006380417716800091,1.0576362609863277,99
9,381.0,57,1.224661176519785e-13,0.0036294484108363202,18.32379722595215,3.4629058837890625,14.860891342163086,0.12538549862562232,0.6175472238297058,0.4921617252040835,0.31389134141674724,0.28769002817679734,0.24522319058495112,-6.099999904632568,0.5109789186346505,0.37517037323813507,0.13580854539651543,0.45992076765448453,0.673337374435104,0.21341660678061947,0.7087817629406569,0.7024912356612751,-0.00629052727938173,6.519069671630859,99
10,343.0,57,3.6860170324088314e-11,0.045498352891435084,14.806422233581541,1.90447998046875,12.901942253112791,0.1263074565394993,0.7760086178900013,0.649701161350502,0.03717924722023325,0.0338274410685373,0.03223154695982522,-4.199999809265137,0.479236270851059,0.26622352973397445,0.21301274111708457,0.4743487336162311,0.8135917039977408,0.33924297038150975,0.6429551397303305,0.6262691430212232,-0.01668599670910731,5.95135498046875,99
11,292.0,57,7.542561263217877e-13,0.022358343369591745,17.203389167785645,2.3423614501953125,14.861027717590332,0.11725320799803246,0.702807526779634,0.5855543187816015,0.3384415455572375,0.2850326921068381,0.24120808351341505,-4.199999809265137,0.5192053631866724,0.3153371669176761,0.20386819626899633,0.46894118547499797,0.7939699290721508,0.32502874359715284,0.669702247670978,0.7355607279948865,0.06585848032390851,8.81158447265625,99
12,288.0,57,5.912029990483218e-13,0.07017821008824596,17.35350799560547,1.63739013671875,15.716117858886719,0.12481734103638242,0.7949699937287598,0.6701526526923773,0.32199348737851496,0.26406267075372203,0.2829796891591765,-4.199999809265137,0.5240515189918931,0.26386426122914064,0.2601872577627524,0.43852290163311514,0.8586774188572572,0.4201545172241421,0.6647820817501597,0.5846464977231381,-0.08013558402702159,3.0893554687500004,99
13,33.0,57,1.325252756432683e-09,2.4891780138704782e-05,12.598621368408203,6.533599853515625,6.065021514892578,0.16892761537398163,0.44432150645011376,0.2753938910761321,0.0976454356998776,0.11321397178185444,0.1459254101333194,-10.699999809265137,0.47611433597022623,0.3823984264065138,0.09371590956371245,0.4983883353458926,0.6450268347050115,0.14663849935911893,0.9279768709025081,0.36902690978743174,-0.5589499611150763,2.829862594604492,99
