switch_number,on_off,aug_index,p_open_off,p_open_on,dG_open_off,dG_open_on,separation,A_M_off,A_M_on,A_M_gain,mean_wrank_off,mean_wrank_on,mean_wrank_gain,aug_off,aug_on,aug_gain,narrow_sep,switch_len
4,264.6,50,2.1815498187459284e-11,0.01796657880662344,15.12968921661377,2.4771423339843754,12.652546882629395,0.1606648929958686,0.7145339540802295,0.5538690610843608,0.460055471097954,0.69652591341478,0.23647044231682596,0.9159411505444188,0.7263224639451571,-0.18961868659926173,5.077600479125977,92
10,192.4,50,3.946174673229723e-11,0.021914980420720747,14.764389038085938,2.354705810546875,12.409683227539062,0.16217899404069225,0.8820728803594833,0.719893886318791,0.4573539666164929,0.8588342254161965,0.40148025879970356,0.8954320336697711,0.8739484309013132,-0.021483602768457843,6.464044570922852,92
14,153.4,50,2.5802246731354844e-12,0.028979114237036654,16.4453763961792,2.1825027465820312,14.262873649597168,0.16653469432934032,0.7306783897240798,0.5641436953947395,0.4654906142660719,0.7995494355705045,0.3340588213044326,0.9804612228389914,0.46964692572602423,-0.5108142971129672,6.649202346801758,92
42,44.7,50,3.396323537259627e-08,0.09352040340023822,10.59947681427002,1.460418701171875,9.139058113098145,0.17194118497577693,0.8382822409249078,0.6663410559491308,0.4699565802648306,0.828682217501546,0.3587256372367154,0.9805815432408269,0.6712331887043731,-0.3093483545364538,7.753451347351074,92
46,40.5,50,4.386942784559515e-12,0.02702187628224928,16.118260383605957,2.2256011962890625,13.892659187316895,0.16182724758229347,0.7774043106179117,0.6155770630356182,0.46832091303204443,0.7904556248189161,0.32213471178687164,0.9542565298301167,0.6266852089347031,-0.3275713208954135,9.461565017700195,92
48,39.1,50,1.7623733642716657e-11,0.008214022742518418,15.26119613647461,2.9595184326171875,12.301677703857422,0.17256570024830561,0.8013591954904293,0.6287934952421237,0.46281170117943043,0.7844169876660151,0.32160528648658465,0.9781641893832633,0.6243585277101601,-0.35380566167310323,5.572488784790039,92
55,33.9,50,6.290037818650683e-14,0.0014761745759025683,18.734440803527832,4.017364501953125,14.717076301574707,0.17218606565190978,0.7245619797694949,0.5523759141175851,0.4588402278536416,0.6958998861618256,0.23705965830818404,0.9746190945343406,0.6225181727449901,-0.3521009217893505,6.353515625,92
56,33.8,50,5.731327200424292e-14,0.0014761745759025683,18.791770935058594,4.017364501953125,14.774406433105469,0.1738966024859316,0.7245619797694932,0.5506653772835616,0.47341372260297787,0.6958998861618251,0.2224861635588472,0.9746191060703943,0.6225181727449912,-0.35210093332540304,6.353507995605469,92
59,32.2,50,1.581056833041942e-11,0.079588509926422,15.328108787536621,1.5598373413085938,13.768271446228027,0.16038018993263536,0.8147997000598193,0.6544195101271839,0.4633106038967482,0.8490176757556016,0.3857070718588534,0.8949024552470192,0.8822480744643585,-0.012654380782660679,7.691617965698242,92
63,29.3,50,9.412308637152692e-12,0.003779285769259931,15.647769927978517,3.4379730224609375,12.20979690551758,0.1601012187538293,0.6732389772540465,0.5131377585002171,0.4587526094210916,0.7787818174861546,0.320029208065063,0.9168436146015854,0.6489152615296091,-0.26792835307197627,6.87066650390625,92
64,29.1,50,1.7334396522245593e-11,0.0025724841571585235,15.271398544311523,3.675048828125,11.596349716186523,0.17227947901279567,0.6840596710580721,0.5117801920452765,0.48727808701376074,0.6730140189521111,0.18573593193835036,0.9829388744726728,0.6997383896655703,-0.28320048480710247,4.9804840087890625,92
68,24.8,50,1.560840395847467e-14,0.0014761745759025683,19.593433380126953,4.017364501953125,15.576068878173828,0.171951539071557,0.7245619797694943,0.5526104406979373,0.46422312052409,0.6958998861618254,0.23167676563773543,0.9746191371375991,0.6225181727449905,-0.3521009643926085,6.353525161743164,92
70,24.1,50,6.396767254323551e-15,0.008364137036368856,20.14320182800293,2.9483566284179688,17.19484519958496,0.16479903834968013,0.7019384953674337,0.5371394570177536,0.4645329914893001,0.7996086966212349,0.3350757051319348,0.954351355000251,0.8073165239506536,-0.14703483104959747,10.717586517333986,92
72,23.3,50,3.4809939063530906e-13,0.008184385530708476,17.67995548248291,2.9617462158203125,14.718209266662598,0.1655913585392624,0.7881423853977798,0.6225510268585174,0.49266934253686745,0.7875200493225228,0.2948507067856554,0.9781721772289349,0.5601207738848086,-0.41805140334412627,6.610553741455078,92
88,17.7,50,2.8146124151307175e-12,0.02517188896692064,16.391788482666016,2.2693099975585938,14.122478485107422,0.15022545005388702,0.7258526154524527,0.5756271653985657,0.4615637821225871,0.7968167154163789,0.3352529332937918,0.8316830235395923,0.7898329408688646,-0.04185008267072776,6.840738296508789,92
101,13.1,50,2.889086078305575e-14,0.0013454930606997542,19.21395492553711,4.074493408203125,15.139461517333984,0.17188245972476515,0.7348475727498834,0.5629651130251183,0.45333162765361285,0.7087157392899223,0.2553841116363094,0.9745960677613917,0.5684102807749172,-0.40618578698647456,6.267189025878906,92
112,9.4,50,4.268133050767238e-11,0.002894481923693315,14.71605110168457,3.6023635864257812,11.113687515258789,0.16893338788143594,0.7037045568879292,0.5347711690064932,0.46344749712280686,0.6723341237203978,0.20888662659759094,0.9781690959059476,0.7859692632832257,-0.1921998326227219,6.734287261962891,92
117,8.5,50,1.8982849490350934e-14,0.0011902896762808733,19.472803115844727,4.150032043457031,15.322771072387695,0.16702923172034165,0.7381907240273703,0.5711614923070286,0.49534087502494395,0.7436932009031169,0.2483523258781729,0.9746345573338412,0.5785221360965703,-0.39611242123727086,7.0955963134765625,92
121,7.4,50,2.214060086562554e-12,0.009393268331814501,16.539703369140625,2.8768386840820312,13.662864685058594,0.1654385680332085,0.5481165792639311,0.3826780112307226,0.4650436176680209,0.5766129521245964,0.11156933445657552,0.9440351273840509,0.5234225854930745,-0.4206125418909764,5.916433334350586,92
124,6.4,50,8.66567221502473e-14,0.0014761745759025683,18.536970138549805,4.017364501953125,14.51960563659668,0.1717845312827214,0.7245619797694948,0.5527774484867733,0.4630712619528583,0.6958998861618255,0.23282862420896722,0.974619142599802,0.6225181727449901,-0.3521009698548119,6.353525161743164,92
134,3.3,50,2.468003344888438e-09,0.027563779712559806,12.215389251708984,2.2133636474609375,10.002025604248047,0.16738502622927467,0.7804732719032429,0.6130882456739682,0.4674455038240456,0.8089586793033304,0.34151317547928484,0.9349633145649353,0.9412180452516906,0.006254730686755305,9.266038894653319,92
145,2.0,50,4.168959796841063e-13,0.00044560635404741896,17.56880283355713,4.755577087402344,12.813225746154785,0.15154532494640657,0.673438394470744,0.5218930695243374,0.45783540473329654,0.762419398328389,0.3045839935950925,0.901329893373019,0.4360061215915063,-0.46532377178151274,7.862819671630859,92
151,1.5,50,4.4846344711050033e-14,0.0013447437597458617,18.94294834136963,4.074836730957031,14.868111610412598,0.17195465931728954,0.7380211167370037,0.5660664574197141,0.4620902015522016,0.7095332443106839,0.24744304275848228,0.9746191203223398,0.5428133825442163,-0.4318057377781235,6.173051834106445,92
159,1.1,50,8.302357648550768e-15,0.0007983982665926737,19.982498168945312,4.396156311035156,15.586341857910156,0.1671693219390441,0.744921147513195,0.577751825574151,0.47671985233758357,0.686759662535089,0.21003981019750545,0.9742370946196335,0.9120305749922474,-0.0622065196273861,6.347841262817383,92
1,292.0,50,8.380335746400555e-13,0.001117342084842387,17.138474464416504,4.1890106201171875,12.949463844299316,0.12874625136873089,0.7749253222406571,0.6461790708719263,0.42295299727721364,0.8574318353295504,0.4344788380523367,0.6841266278969189,0.8214934925017895,0.13736686460487058,7.172382354736328,92
2,279.6,50,2.6417637376919453e-10,0.012952977447231789,13.5925874710083,2.6787948608398438,10.913792610168457,0.16919378726116455,0.7664051625411145,0.5972113752799499,0.4848198919654365,0.8357612198670603,0.3509413279016238,0.9571537980429059,0.8739813439019756,-0.08317245414093033,6.415956497192383,92
3,265.3,50,1.020799318049194e-12,0.005177482675075103,17.016884803771973,3.2439651489257812,13.772919654846191,0.15845603524330923,0.8310450384125508,0.6725890031692416,0.4808315902854029,0.8366955562287449,0.355863965943342,0.8953570891177386,0.8481295871327627,-0.04722750198497594,7.112482070922852,92
5,253.0,50,3.377365274000216e-10,0.004969688060824855,13.44118881225586,3.2692108154296875,10.171977996826172,0.16822353052240033,0.7537623801592596,0.5855388496368592,0.43897459692722407,0.8368268660762973,0.39785226914907323,0.9352188473514801,0.8897709135210006,-0.045447933830479514,6.454191207885742,92
6,219.8,50,1.5574778746149975e-13,0.0005524683497380731,18.175631523132324,4.6230926513671875,13.552538871765137,0.15292471219493983,0.6347927426843429,0.4818680304894031,0.4867303343388557,0.7777489333347678,0.2910185989959121,0.9039969005594067,0.40478707590567337,-0.49920982465373337,4.544130325317383,92
7,213.3,50,2.7917936468474832e-11,0.22313180369359492,14.977674484252931,0.9244766235351562,14.053197860717775,0.1682187869624694,0.9066966041266201,0.7384778171641507,0.4573967810354816,0.9057927148194991,0.4483959337840175,0.9139734092052084,0.9175247613735417,0.003551352168333244,5.466020584106445,92
8,200.8,50,2.3231878533970437e-08,0.07149171073304675,10.833526611328125,1.6259613037109375,9.207565307617188,0.1712315815808673,0.8189295429129563,0.647697961332089,0.4637605398047572,0.8187867525153337,0.35502621271057655,0.9774138125895798,0.9126648118176384,-0.06474900077194146,6.26123046875,92
9,194.4,50,2.140028481259971e-14,0.0010347309462818664,19.39892578125,4.236351013183594,15.162574768066406,0.16855516058204809,0.610693916182397,0.4421387556003489,0.46019179037808755,0.7169016285907523,0.2567098382126648,0.9590272295137848,0.37306202082550816,-0.5859652086882767,3.953622817993163,92
11,181.2,50,8.318361166702194e-13,0.09035231840123442,17.143049240112305,1.481658935546875,15.66139030456543,0.12281398219797102,0.8541919730696729,0.7313779908717019,0.4576989289847725,0.8532447825390145,0.395545853554242,0.6439054548487131,0.7783278197234211,0.13442236487470804,7.545623779296875,92
12,169.9,50,9.427387146561784e-14,4.5447706495421167e-05,18.485045433044434,6.162559509277344,12.32248592376709,0.15914560791423177,0.5918487692810088,0.43270316136677706,0.48328527012637607,0.6892759396334277,0.20599066950705164,0.8948714740006128,0.7545521231882678,-0.14031935081234503,7.072072982788086,92
13,155.3,50,1.468839872327178e-11,0.01852028182695548,15.373482704162598,2.45843505859375,12.915047645568848,0.15965229095339287,0.6978202622237908,0.538167971270398,0.4718923066873571,0.793427331894204,0.3215350252068469,0.9039085137287809,0.4776686004942589,-0.426239913234522,7.78084659576416,92
15,124.7,50,9.41701788178869e-11,0.0026082370730403657,14.228330612182617,3.6665420532226562,10.561788558959961,0.1721971001977496,0.7325403952988774,0.5603432951011278,0.48604203768716,0.8376683599695895,0.35162632228242957,0.9759451200656383,0.48865122247259896,-0.4872938975930393,4.365459442138672,92
16,123.2,50,3.990131699679097e-13,0.0021702877084256145,17.595823764801025,3.7798309326171875,13.815992832183838,0.17336428837119874,0.6300149663996765,0.4566506780284777,0.4851442615626008,0.6375950512748365,0.1524507897122357,0.9766526115075999,0.4130305478991676,-0.5636220636084323,6.500156402587891,92
17,122.6,50,8.038838979403192e-15,1.33778171541252e-05,20.0023775100708,6.916297912597657,13.086079597473145,0.15657915399484376,0.5441082634027213,0.38752910940787755,0.48354486431550364,0.6660880944436359,0.18254323012813228,0.8722235477063219,0.7299013647242424,-0.14232218298207955,7.179149627685547,92
18,115.1,50,6.425129174072941e-11,0.08844013461203376,14.463951110839844,1.4948425292968752,12.969108581542969,0.1459860382825682,0.8236352562829707,0.6776492180004026,0.4556845819157824,0.8494062606884413,0.39372167877265885,0.7819304874078544,0.8079339999724536,0.026003512564599207,5.654163360595703,92
19,103.5,50,2.3801969809306358e-11,0.04660018940301561,15.075978279113768,1.8897323608398438,13.186245918273924,0.1700747326293498,0.7705822693686492,0.6005075367392994,0.4883651064198945,0.8342560357851884,0.34589092936529386,0.982548430479644,0.5120770177772062,-0.47047141270243786,7.933879852294922,92
20,101.9,50,1.0730239763525183e-12,0.014093139508094536,16.986133575439453,2.626800537109375,14.359333038330078,0.1659024684677593,0.7699302417731837,0.6040277733054245,0.48891054196238365,0.8443528935523743,0.35544235158999066,0.9160897759983165,0.8692350300387046,-0.04685474595961192,5.504014968872071,92
21,86.6,50,3.9563207663813683e-13,0.000271848281920079,17.6010684967041,5.060157775878907,12.540910720825195,0.12896297384382244,0.5377037877607475,0.408740813916925,0.465199105134728,0.6575617733856138,0.19236266825088583,0.7634886335616544,0.48908946554314126,-0.27439916801851316,6.488222122192383,92
22,83.1,50,3.7733512111454626e-13,0.002937326855001443,17.63025188446045,3.5933074951171875,14.036944389343262,0.14579265845282868,0.6535421711173613,0.5077495126645326,0.4515790218307226,0.7749764240039635,0.32339740217324087,0.8545237657993104,0.44532261867784345,-0.409201147121467,6.042293548583984,92
23,75.2,50,2.889755755992498e-11,0.03182167743619087,14.956418991088867,2.1248321533203125,12.831586837768555,0.16840821079547258,0.6793795479470974,0.5109713371516249,0.4777038907226706,0.707640261853694,0.2299363711310234,0.9351826534144577,0.6259261905077403,-0.3092564629067174,5.825958251953124,92
24,74.8,50,3.70903551187408e-14,0.005019396649219224,19.059978485107422,3.2630767822265625,15.79690170288086,0.16951570525553436,0.6502255899202372,0.48070988466470277,0.48575081448181884,0.7597294062077358,0.27397859172591693,0.9663754622314501,0.4563194109583389,-0.5100560512731112,6.86454963684082,92
25,72.6,50,2.9897184093876534e-13,8.375018526489645e-06,17.77372169494629,7.204948425292969,10.56877326965332,0.12900575904529427,0.6831118121326476,0.5541060530873534,0.4705887120212331,0.7819783234156387,0.3113896113944056,0.6840473854489962,0.7729632846795109,0.08891589923051468,6.524984359741212,92
26,68.2,50,4.675047767528462e-14,0.11585307797625127,18.917320251464844,1.3284378051757812,17.588882446289062,0.14581721161307076,0.8257184117161374,0.6799012001030666,0.482831320493824,0.833385929468834,0.35055460897501006,0.8122783241036308,0.8249427672049282,0.01266444310129744,9.543558120727539,92
27,67.3,50,7.059173348774219e-12,0.006710310791821144,15.825079441070557,3.0841369628906254,12.740942478179932,0.1596489948977454,0.5458339384431193,0.3861849435453739,0.490261426550312,0.6157251360794544,0.12546370952914243,0.8985358245628431,0.4091831973054047,-0.4893526272574384,7.427613258361816,92
28,66.9,50,2.749455473645352e-10,0.03559752549700221,13.567961692810059,2.05572509765625,11.512236595153809,0.16162506299335355,0.7918222488820774,0.6301971858887239,0.4676170636725747,0.8148174124809613,0.34720034880838657,0.8956778590930458,0.9297501753724252,0.034072316279379455,8.583457946777344,92
29,63.1,50,1.7557094941159768e-12,4.884465192610947e-05,16.68266201019287,6.118133544921875,10.564528465270996,0.16672541749100664,0.3867293804706844,0.22000396297967775,0.4903286008296429,0.5103467312988217,0.020018130469178774,0.963874776759066,0.3567677995372753,-0.6071069772217907,2.479442596435548,92
30,63.0,50,9.008858810054122e-14,0.0061202044965292446,18.513032913208008,3.1408691406250004,15.372163772583008,0.17025527605902477,0.7038190130705908,0.533563737011566,0.4857458647191921,0.7023869956678164,0.21664113094862425,0.9792261182006538,0.8109461793101284,-0.1682799388905254,8.197662353515625,92
31,62.0,50,1.5826894741603556e-11,0.21782361224773936,15.327472686767578,0.9393157958984375,14.38815689086914,0.14761305445465872,0.9208991388886356,0.7732860844339768,0.4477367026792084,0.9106950438087948,0.46295834112958645,0.8027050126255949,0.9224561586005534,0.1197511459749585,7.741909027099609,92
32,59.4,50,9.68229617954493e-13,0.20055348855584648,17.049470901489258,0.9902267456054688,16.05924415588379,0.14662205985724866,0.8833736328721308,0.7367515730148821,0.4357771576845101,0.8816016560993745,0.4458244984148644,0.7986417673765897,0.8702223089692255,0.07158054159263583,7.331455230712891,92
33,58.5,50,4.565854461801208e-14,0.0017021184755642215,18.931886196136475,3.9295883178710938,15.00229787826538,0.1288849853109607,0.5597306581418594,0.4308456728308987,0.4528417956566364,0.6491466852707595,0.19630488961412307,0.7634993636460585,0.3518813692287675,-0.411617994417291,6.129993438720703,92
34,57.1,50,1.2291962549193115e-12,0.013027913709351828,16.902388095855713,2.6752395629882812,14.227148532867432,0.1705430398608951,0.7032311817481475,0.5326881418872523,0.4655882375923715,0.7371642891687055,0.27157605157633397,0.9754735780131215,0.4529499962362091,-0.5225235817769125,7.021655082702637,92
35,53.9,50,2.1658195867767127e-14,0.0025337060618926648,19.391542434692383,3.6844100952148438,15.707132339477539,0.15702031284235313,0.6717574265218071,0.5147371136794541,0.47867381612178894,0.6565456687972494,0.17787185267546046,0.8948899028751652,0.7185025616449705,-0.17638734123019473,7.069858551025391,92
36,53.4,50,5.163682364338697e-14,0.001962645443263813,18.856051445007324,3.8418121337890625,15.014239311218262,0.17250620121217933,0.5865860932781731,0.4140798920659938,0.4962643873127547,0.6131170614157432,0.1168526741029885,0.9725782940848201,0.5754331485617888,-0.39714514552303126,7.212982177734375,92
37,52.7,50,2.866573852556219e-12,0.0001410373043278535,16.38051414489746,5.464599609375,10.915914535522461,0.16997999695759594,0.6487054000263942,0.4787254030687983,0.46781738635089753,0.7924583239254965,0.324640937574599,0.9598430849602443,0.4464252129818009,-0.5134178719784435,2.9344348907470703,92
38,51.0,50,2.198422869579426e-14,0.0017674586698617257,19.382333755493164,3.9063720703125,15.475961685180664,0.16644423486144289,0.5228525385483401,0.35640830368689724,0.4644529196647568,0.5459245596805448,0.08147164001578794,0.9751534672823531,0.43331951289078613,-0.5418339543915669,9.064743995666504,92
39,48.7,50,9.83392103695976e-13,0.008767637539512254,17.039894104003906,2.9193191528320312,14.120574951171875,0.16761357885612166,0.5707154129233548,0.40310183406723316,0.49182813833549066,0.6002387673785997,0.10841062904310905,0.9443046286030047,0.35505756945643513,-0.5892470591465695,6.963061332702637,92
40,48.6,50,5.9172582408456095e-12,0.029753004646614695,15.9338321685791,2.166259765625,13.7675724029541,0.15431728052117696,0.7440518080457276,0.5897345275245506,0.4913685138844958,0.7450197996063492,0.2536512857218534,0.86150982617831,0.7276893963394521,-0.1338204298388579,7.768960952758789,92
41,48.3,50,2.185858030861511e-11,0.0015312293107758875,15.128473281860352,3.9947967529296875,11.133676528930664,0.17216269881646606,0.5919479268535787,0.4197852280371126,0.4642652489354807,0.6630198546164948,0.1987546056810141,0.9789671047522899,0.7482910933952237,-0.23067601135706617,5.423328399658203,92
43,42.4,50,5.241566474792955e-11,0.040445381448080436,14.589431762695312,1.9770355224609375,12.612396240234375,0.16457818351824866,0.743763980632246,0.5791857971139973,0.4706544653313461,0.7549900222363805,0.28433555690503437,0.9438302926542544,0.6647978262502297,-0.2790324664040248,7.160743713378906,92
44,41.5,50,2.816089228065506e-12,0.000629831249840964,16.391465187072754,4.542320251464844,11.84914493560791,0.16580728892133648,0.6155314658824232,0.4497241769610868,0.48766507836180073,0.628936388785556,0.1412713104237553,0.9664572988410289,0.3607790256123371,-0.6056782732286918,4.560997009277344,92
45,41.4,50,2.6004398103005797e-14,0.009950321469411398,19.278828620910645,2.8413314819335938,16.43749713897705,0.16385473957521718,0.6437866870906003,0.4799319475153831,0.49790896357540626,0.7433814694735306,0.2454725058981243,0.9557170578431214,0.5995350434151486,-0.3561820144279728,10.52701759338379,92
47,39.6,50,2.904033650590312e-14,0.0011129385351679073,19.210774421691895,4.191444396972656,15.019330024719238,0.1555802205884779,0.6316403459327126,0.4760601253442347,0.4880827409858222,0.7511656054118593,0.26308286442603707,0.9124649792070366,0.49113910996965643,-0.4213258692373802,4.658817291259766,92
49,38.7,50,5.06395257706499e-15,0.00014881802385049043,20.28720235824585,5.4315032958984375,14.855699062347412,0.15692828375028942,0.6305505616477898,0.47362227789750033,0.4860556292802722,0.743459062246751,0.2574034329664788,0.929052893078441,0.4144126677930268,-0.5146402252854141,5.423799514770508,92
50,38.2,50,1.0101186239171763e-10,0.0072586191224830645,14.185105323791504,3.0357284545898433,11.14937686920166,0.1709881005472228,0.6721674924030028,0.50117939185578,0.4654652770594499,0.8053426841860727,0.3398774071266228,0.974657382324271,0.4647541354572466,-0.5099032468670244,4.972589492797852,92
51,37.6,50,1.8508052766614562e-13,0.016311913249151783,18.069283485412598,2.5366897583007812,15.532593727111816,0.1452633082173166,0.7573409121025096,0.6120776038851931,0.47525945266977504,0.7547591459426387,0.27949969327286367,0.7809672259604316,0.9075847072116038,0.12661748125117223,8.351482391357422,92
52,37.3,50,5.764357569525499e-11,0.006873325303620213,14.53083610534668,3.0693435668945312,11.461492538452148,0.16836646461970167,0.7547085384943553,0.5863420738746536,0.4944284497645123,0.8072313858437169,0.3128029360792046,0.9178317060809178,0.9186828573566269,0.0008511512757091166,7.394811630249023,92
53,36.8,50,8.427419284220885e-14,0.0002718617430216841,18.554152488708496,5.06012725830078,13.494025230407715,0.1231974288651795,0.7386248666469943,0.6154274377818149,0.4680813274627956,0.650978964162557,0.18289763669976133,0.6466418696044599,0.9936146993132807,0.3469728297088208,6.262672424316406,92
54,36.4,50,6.852396398937772e-10,0.06412647641055275,13.00514030456543,1.692970275878906,11.312170028686523,0.16257331824101134,0.7943217038223225,0.6317483855813111,0.48584110239280837,0.8133578835771972,0.3275167811843888,0.8981563244757297,0.7284499248649897,-0.16970639961073997,8.293615341186523,92
57,33.3,50,1.514629867124082e-11,0.007837552640291717,15.354562759399414,2.988433837890625,12.366128921508789,0.15870953309750704,0.6060843045051775,0.44737477140767046,0.48766070668239136,0.7386821275266561,0.2510214208442647,0.9156488868626532,0.3561666646357322,-0.559482222226921,5.984401702880859,92
58,32.7,50,7.412256883508395e-14,0.0010231909464292843,18.63326072692871,4.243263244628906,14.389997482299805,0.16821816565167033,0.6152429053052023,0.44702473965353196,0.43345301811402936,0.6789189379279603,0.24546591981393096,0.9728829775910861,0.5948630616300513,-0.3780199159610348,6.677059173583984,92
60,30.2,50,2.1036369346886032e-15,0.00041088640525288134,20.828627586364746,4.805572509765625,16.02305507659912,0.15160973928350213,0.6520040010943274,0.5003942618108252,0.446471852374816,0.6174547410710036,0.1709828886961876,0.8175692605379768,0.6851454118904506,-0.1324238486475262,9.149253845214844,92
61,30.0,50,3.4035479588603165e-11,0.029500317839953716,14.855560302734375,2.1715164184570312,12.684043884277344,0.16803836626441213,0.7481940908411655,0.5801557245767534,0.4878756158528546,0.8387229491948253,0.35084733334197066,0.9307840252844519,0.7314646409509103,-0.19931938433354157,6.595705032348633,92
62,29.4,50,9.120817948290656e-14,0.043819061728966616,18.505420684814453,1.9276580810546875,16.577762603759766,0.1641484907450535,0.7444443213113311,0.5802958305662775,0.49119210859634543,0.7866827448417496,0.29549063624540417,0.9556907522450363,0.5561614718720284,-0.39952928037300794,8.259164810180664,92
65,27.4,50,4.313540155031616e-11,0.012681827729245929,14.70952892303467,2.69183349609375,12.01769542694092,0.16298138482772495,0.7931055502960712,0.6301241654683463,0.4965780136698481,0.8137942369094721,0.31721622323962395,0.918394595580331,0.9336991633249552,0.015304567744624187,7.385560989379883,92
66,26.2,50,1.1906942225858725e-16,0.014571054158557289,22.598526000976566,2.606246948242188,19.99227905273438,0.13662101575912344,0.7311801363388999,0.5945591205797764,0.4390570395252591,0.8021236825134425,0.36306664298818336,0.7708466573962266,0.6701378232035977,-0.10070883419262888,9.564241409301758,92
67,24.9,50,2.316956314379801e-13,0.0008861403259213128,17.930837154388428,4.3318939208984375,13.59894323348999,0.1660694983185645,0.7176778355647806,0.5516083372462162,0.49307197844619766,0.8207140752931326,0.3276420968469349,0.9587914291444974,0.4845028249674353,-0.47428860417706215,6.072969436645508,92
69,24.5,50,1.6604870967891343e-11,0.17652789864182944,15.297898292541504,1.0688705444335938,14.22902774810791,0.16789152036434837,0.8900431080044527,0.7221515876401043,0.4634644275803644,0.8824926232621183,0.4190281956817539,0.9754870288855066,0.8410230460402591,-0.13446398284524752,7.036317825317383,92
71,23.9,50,9.359142644527871e-15,0.00022901408343964174,19.90865421295166,5.16583251953125,14.74282169342041,0.1683996438495724,0.6502543223942996,0.4818546785447272,0.4939504704733939,0.7626780885445564,0.2687276180711625,0.9590829180187539,0.42037056692958225,-0.5387123510891716,4.945310592651367,92
73,22.8,50,1.0157556765217212e-12,0.02873620127321434,17.01993751525879,2.1876907348632812,14.832246780395508,0.15449899539990083,0.7557746846501999,0.6012756892502991,0.45889372074921964,0.8439528356095461,0.3850591148603265,0.9168527417531734,0.4538519838646375,-0.46300075788853595,7.561435699462891,92
74,22.5,50,2.3403096394858335e-14,0.005569361459972936,19.34378719329834,3.198997497558594,16.144789695739746,0.16277824450514888,0.700114006185157,0.5373357616800081,0.46786062394767386,0.6655640141051286,0.1977033901574547,0.9624140915095727,0.7909897443837464,-0.17142434712582633,8.38972282409668,92
75,22.3,50,5.2028941488206326e-14,0.007404643570198158,18.851388931274414,3.0234527587890625,15.827936172485352,0.17119225969623597,0.6434189808772578,0.4722267211810218,0.48454469047947063,0.7084743983344236,0.22392970785495298,0.955704462825932,0.7620966211300578,-0.1936078416958742,6.92479133605957,92
76,22.0,50,1.1648061657866212e-12,0.0028302796133840382,16.93554973602295,3.6161880493164062,13.319361686706543,0.16677100459451755,0.6137791274068571,0.4470081228123396,0.45999586629574907,0.6845134987776057,0.22451763248185663,0.9476306419824096,0.637535940518979,-0.31009470146343066,7.15418815612793,92
77,21.0,50,1.6757209365418659e-15,0.0006454034105129184,20.968793869018555,4.5272674560546875,16.441526412963867,0.16730371133291108,0.4628350766433841,0.29553136531047297,0.4973817221636669,0.5112026005805614,0.013820878416894555,0.9674415115265879,0.46413041408509503,-0.5033110974414928,6.041656494140625,92
78,19.9,50,5.774186392349553e-11,0.17335539449666298,14.529786109924318,1.080047607421875,13.449738502502443,0.16350101075547954,0.8791960884833869,0.7156950777279074,0.4625102245912654,0.8621522040534007,0.39964197946213526,0.9178358871715959,0.8711778383392631,-0.04665804883233282,8.097150802612305,92
79,19.7,50,1.0432018802173229e-14,3.567164530811792e-05,19.84176731109619,6.311836242675781,13.52993106842041,0.1437341697074812,0.5747023896027394,0.43096821989525824,0.48138401074413334,0.6782271663006054,0.19684315555647208,0.8200263012349485,0.6597852133114155,-0.16024108792353298,7.1796417236328125,92
80,19.5,50,6.940384730679899e-12,0.0005180966743767885,15.835538864135742,4.662681579589844,11.172857284545898,0.16346433038516828,0.46799620447114965,0.30453187408598137,0.47248561518801724,0.6477373248063546,0.17525170961833736,0.9166212275640842,0.16351974046325088,-0.7531014871008332,5.646106719970703,92
81,18.8,50,8.403969775218289e-13,3.612625094822555e-05,17.136738777160645,6.304031372070312,10.832707405090332,0.16295900532627625,0.46994880734297895,0.3069898020167027,0.46495310249538385,0.6690615105887107,0.2041084080933268,0.9590457070010291,0.06773634239844954,-0.8913093646025796,4.241905212402344,92
82,18.7,50,1.3758868737267949e-14,0.00010196170573754587,19.671167373657227,5.66455078125,14.006616592407227,0.1722480307433191,0.630973285228202,0.4587252544848829,0.5026066617846381,0.7368918807909919,0.2342852190063538,0.9801932350436336,0.7552097285265931,-0.22498350651704058,8.592226028442383,92
83,18.6,50,2.1501505583236527e-12,0.0589947269562448,16.55775547027588,1.7443771362304688,14.81337833404541,0.1643218589398486,0.7852175114547557,0.6208956525149071,0.45592773426277877,0.8223472245029342,0.3664194902401554,0.9443055682955942,0.7899502627288045,-0.15435530556678967,7.190549850463867,92
84,18.4,50,2.7689860623139243e-16,2.87078888014506e-06,22.078385353088382,7.8648223876953125,14.21356296539307,0.1355806754966905,0.5705871808831899,0.43500650538649943,0.4701999299160844,0.7213536031833003,0.25115367326721594,0.7705956936849717,0.4883944363471559,-0.2822012573378158,8.916986465454102,92
85,18.4,50,3.508149654212504e-13,0.005959022917246893,17.675166130065918,3.157318115234375,14.517848014831543,0.1640040874660584,0.6160226053023615,0.4520185178363031,0.456835306110095,0.5949810903957464,0.13814578428565144,0.9547706080100493,0.7086187067533327,-0.2461519012567166,5.898397445678712,92
86,18.0,50,4.00845692648975e-14,2.0371549626087758e-06,19.012130737304688,8.076240539550781,10.935890197753906,0.16450109350312683,0.6191006832362426,0.45459958973311576,0.48385372933839227,0.7715512432971176,0.2876975139587253,0.9590989155522823,0.39733718569015863,-0.5617617298621237,3.313047409057617,92
87,18.0,50,6.149909844919381e-14,0.008388400311284717,18.748326301574707,2.9465713500976562,15.80175495147705,0.16659629817924,0.6603247213169561,0.4937284231377161,0.49054349336326003,0.708160909350264,0.21761741598700396,0.9567734920123413,0.617175723639225,-0.3395977683731163,7.508432388305664,92
89,17.4,50,8.792919869836006e-15,0.0004729974671229862,19.947116851806637,4.71881103515625,15.228305816650387,0.16030256262240836,0.648450850126477,0.4881482875040686,0.4819904041824688,0.741438781865012,0.2594483776825432,0.9162355691247405,0.5058366841489486,-0.4103988849757919,5.825958251953126,92
90,17.2,50,6.512217125040247e-12,0.007129051937449113,15.874784469604492,3.0468292236328125,12.82795524597168,0.16676583774891832,0.7574400635690817,0.5906742258201634,0.4970438257509994,0.7397079888921405,0.2426641631411411,0.9782057383422824,0.7806362297761579,-0.19756950856612454,8.408941268920898,92
91,16.9,50,1.90265934347701e-12,2.9089103735016476e-05,16.633122444152832,6.43756103515625,10.195561408996582,0.15409524051402246,0.6607542789977789,0.5066590384837565,0.48551602337538347,0.7930871201455747,0.30757109677019123,0.8984648876257287,0.39705075902683157,-0.5014141285988971,4.538511276245117,92
92,16.9,50,2.1802910616791264e-11,0.0004156183056158717,15.130044937133789,4.798515319824219,10.33152961730957,0.16435848814944323,0.7208518328293939,0.5564933446799507,0.487495735928566,0.8230382348118139,0.33554249888324794,0.915933560052402,0.695102746296636,-0.22083081375576596,5.928354263305664,92
93,16.9,50,7.280800724435717e-13,0.003855076506405416,17.225158214569092,3.425735473632812,13.79942274093628,0.1658961326758643,0.5998254712502029,0.4339293385743386,0.4843688156262798,0.6385190293180502,0.15415021369177034,0.9543488281988036,0.47186160493990154,-0.4824872232589021,7.019075393676758,92
94,16.6,50,9.788611218556898e-15,5.197819382696157e-05,19.88100242614746,6.079811096191406,13.801191329956055,0.16669826222567244,0.6101156759698707,0.4434174137441983,0.4994608565759131,0.7456517297525798,0.24619087317666666,0.9830309797692424,0.47218047958866166,-0.5108505001805808,5.689937591552734,92
95,16.2,50,9.110486156047751e-12,0.3585875821428508,15.66785717010498,0.6320877075195312,15.03576946258545,0.14551941163815005,0.9421740818472908,0.7966546702091407,0.4479028123529596,0.9163619934782707,0.46845918112531115,0.7395580363949595,0.8866408050486765,0.14708276865371694,6.766357421875,92
96,16.1,50,2.477338922227066e-13,0.029232040463033657,17.889586448669434,2.1771469116210938,15.71243953704834,0.16353200913100943,0.7431128944867067,0.5795808853556973,0.4724049490864887,0.8101272738139528,0.33772232472746405,0.932718244991087,0.7098802787828838,-0.22283796620820318,9.255199432373047,92
97,16.0,50,6.183307198579846e-10,0.07874766361966161,13.068464279174805,1.5663833618164062,11.502080917358398,0.1649142803273784,0.77872030121514,0.6138060208877616,0.4747017541796615,0.7653399533914589,0.2906381992117974,0.9351789257929891,0.6745225373158287,-0.26065638847716044,7.1433563232421875,92
98,15.7,50,6.597897130449525e-11,0.018309877896145032,14.44759750366211,2.465476989746094,11.982120513916016,0.1688282891211078,0.7170062805293336,0.5481779914082258,0.49973572625056156,0.6794757998423073,0.17974007359174576,0.9440927287104591,0.7018245058891144,-0.24226822282134475,8.387351036071777,92
99,15.2,50,5.703044536994564e-16,0.0014286062730361618,21.633081912994385,4.0375518798828125,17.595530033111572,0.16228767395726162,0.6163037058298267,0.4540160318725651,0.47013780883447587,0.6743421058460272,0.2042042970115513,0.95981264593948,0.5823729848406443,-0.37743966109883575,8.102014541625977,92
100,13.6,50,6.93842204584234e-15,0.001717973604415107,20.093106269836426,3.9238739013671875,16.16923236846924,0.16349726370930903,0.492911401561724,0.329414137852415,0.4575397501305603,0.5445828650320387,0.08704311490147837,0.954556895409444,0.4426548152406003,-0.5119020801688436,7.708440780639648,92
102,12.7,50,1.3806336453470663e-15,0.00011207545711410514,21.088175773620605,5.60626220703125,15.481913566589355,0.16432540891915404,0.6610137214535476,0.4966883125343936,0.459736913430014,0.7692605365299394,0.3095236230999254,0.9557920627781177,0.7750945012835816,-0.18069756149453609,9.706995010375977,92
103,12.4,50,7.783925339161267e-15,0.0011619876779669072,20.02223777770996,4.164863586425781,15.85737419128418,0.1601001614469318,0.6762810177732973,0.5161808563263655,0.44103189111993046,0.7975978694177295,0.356565978297799,0.9473585694524395,0.44115926951446527,-0.5061992999379742,6.612239837646484,92
104,12.2,50,5.376195317318468e-13,0.04308486073540931,17.412063598632812,1.9380722045898438,15.473991394042969,0.16510193031656029,0.791068488943992,0.6259665586274317,0.49094338652468317,0.8354687832299387,0.3445253967052555,0.9628274001467348,0.8352885189466069,-0.1275388812001279,8.051959991455078,92
105,11.4,50,6.739513786205862e-13,0.026475218637209818,17.272770881652832,2.2381973266601562,15.034573554992676,0.16653567072505548,0.7519874494135982,0.5854517786885427,0.47465006119353315,0.7684781552154345,0.29382809402190135,0.9521230019671649,0.7086235242287365,-0.2434994777384284,7.460407257080078,92
106,11.0,50,2.2187808756873146e-14,0.0002660916892480598,19.376652717590332,5.0733489990234375,14.303303718566895,0.16790665268882723,0.4230294236408551,0.25512277095202784,0.4951843781144097,0.6151617437554945,0.1199773656410848,0.980584281452003,0.22158879081003813,-0.7589954906419649,6.901279449462891,92
107,10.3,50,1.2211647116273648e-12,0.0004045623983629464,16.906428337097168,4.815132141113281,12.091296195983887,0.16518365543741823,0.37496555403110965,0.20978189859369142,0.48769295789044864,0.5312124640751147,0.043519506184666046,0.9642820639809963,0.3029937868355197,-0.6612882771454766,6.52427864074707,92
108,9.9,50,9.645954230373595e-14,0.039453403409118126,18.470919609069824,1.992340087890625,16.4785795211792,0.14862721781879862,0.8777865341616394,0.7291593163428408,0.4764439455360169,0.8632012054079008,0.3867572598718839,0.8329563186967723,0.8756126996759127,0.042656380979140374,7.93519401550293,92
109,9.8,50,3.5428253767774106e-15,0.16318710948734666,20.50736618041992,1.1173019409179688,19.39006423950195,0.1637737735956636,0.8554452526323746,0.691671479036711,0.435398974064112,0.862466001630978,0.427067027566866,0.9556274337557286,0.6982794490237579,-0.2573479847319706,7.187053680419921,92
110,9.7,50,1.2662359163777174e-13,3.88901329850304e-06,18.303221702575684,7.677726745605469,10.625494956970215,0.17253870210984637,0.38804906846879234,0.21551036635894597,0.4883784569141685,0.5173021541339524,0.02892369721978394,0.9748229916025726,0.3555961160939891,-0.6192268755085835,3.606878280639648,92
111,9.6,50,1.6171718263860687e-13,0.0041023413104949134,18.152451038360596,3.387420654296875,14.76503038406372,0.1641047469369098,0.6144388901338094,0.4503341431968996,0.4949080348558854,0.6088418342080112,0.11393379935212578,0.9544705788397388,0.6321685861399785,-0.32230199269976034,9.013608932495117,92
113,9.0,50,5.920648983883559e-15,1.051630230664441e-05,20.19087219238281,7.064628601074219,13.12624359130859,0.1642719552005688,0.451441682450994,0.28716972725042517,0.49765474629088285,0.5298913645337914,0.03223661824290852,0.9662738721811301,0.387200649167553,-0.5790732230135771,6.27869987487793,92
114,8.9,50,2.829889293168268e-15,0.0810831582728469,20.645845413208008,1.548370361328125,19.097475051879883,0.17036449739169873,0.7455838868796938,0.5752193894879951,0.4668358516001262,0.8037018783281924,0.3368660267280662,0.9556773270782805,0.47193904497775757,-0.4837382821005229,9.155841827392578,92
115,8.9,50,2.377750779813812e-13,0.023625120480409455,17.91487407684326,2.3083953857421875,15.606478691101074,0.1379044982770748,0.7734964092021406,0.6355919109250658,0.4705948039686238,0.7685214010601944,0.2979265970915706,0.7708519283306607,0.8386879757593132,0.06783604742865246,9.012327194213867,92
116,8.7,50,4.734155031002307e-12,0.13551599072474357,16.071314811706543,1.2318191528320312,14.839495658874512,0.16753902331911633,0.8522101401910244,0.6846711168719081,0.4918422060418364,0.842003978732529,0.35016177269069254,0.9440550332441701,0.7823681167823805,-0.16168691646178956,9.507387161254883,92
118,8.4,50,3.1543360841827145e-14,0.13013030004976936,19.159818649291992,1.2568130493164062,17.903005599975586,0.14653007040652322,0.8800078828257031,0.7334778124191799,0.4370839790778798,0.8816947285599519,0.4446107494820721,0.795953289813117,0.9466444750079058,0.15069118519478886,8.654996871948242,92
119,8.1,50,1.9207813710622574e-15,8.403196922550951e-07,20.88467311859131,8.62200927734375,12.262663841247559,0.16922616079490824,0.58682021507288,0.4175940542779717,0.4893310069731132,0.7496566645052903,0.2603256575321771,0.9792124051621006,0.546202298796283,-0.4330101063658176,7.589862823486328,92
120,7.7,50,1.8678517570035268e-13,0.001996337624484858,18.06363296508789,3.8313217163085938,14.232311248779297,0.17027807305822382,0.7017386985285855,0.5314606254703617,0.4975654975623127,0.6464228915095244,0.14885739394721165,0.9437714469278468,0.9535072350539787,0.009735788126131961,5.829954147338867,92
122,7.3,50,3.0105682056954418e-12,0.008901164130823688,16.35030746459961,2.910003662109375,13.440303802490234,0.17163101906892336,0.6168423645588494,0.4452113454899261,0.4977785716365273,0.6459843847756022,0.14820581313907488,0.9791191969420479,0.6013351339194181,-0.3777840630226298,4.574275970458984,92
123,6.8,50,1.7646225296315541e-12,2.7480319085679433e-05,16.67954111099243,6.472625732421874,10.206915378570557,0.16877613087524213,0.5036492776007273,0.3348731467254852,0.48854989670895477,0.7028435570980445,0.2142936603890897,0.982546232336761,0.07052921611916914,-0.9120170162175918,3.5042123794555664,92
125,6.0,50,9.32474257440351e-14,0.0001211102921328339,18.491792678833008,5.558479309082031,12.933313369750977,0.168302547176819,0.5983403620768835,0.43003781490006443,0.4906950892982722,0.7450601902868449,0.2543651009885727,0.916452247053574,0.4194896448974963,-0.4969626021560777,6.415491104125977,92
126,5.9,50,8.864525334613919e-13,0.002443454457460638,17.103856086730957,3.7067642211914062,13.39709186553955,0.13658264504716783,0.6421051440159578,0.5055224989687899,0.47743527770796973,0.604568554158849,0.1271332764508793,0.7710693658598137,0.8264503052601846,0.05538093940037092,7.528251647949219,92
127,5.8,50,4.142742221808355e-13,1.3612019172862189e-05,17.572690963745117,6.905601501464844,10.667089462280273,0.1659450665104855,0.5661709400026494,0.400225873492164,0.4713750456545504,0.6815712806421351,0.21019623498758472,0.9652725170260883,0.39242170428566775,-0.5728508127404206,5.586244583129883,92
128,5.1,50,2.5776807619301787e-10,0.00015244460295750603,13.607722282409668,5.416664123535156,8.191058158874512,0.17034008370520706,0.5636563720680882,0.39331628836288113,0.49249641136057315,0.5873416676812541,0.09484525632068092,0.9640885027128566,0.38114981166774226,-0.5829386910451144,4.466667175292969,92
129,4.7,50,9.826953933267536e-15,0.004898350315785891,19.87859296798706,3.2781219482421875,16.600471019744873,0.1332686143924505,0.6324418773740339,0.4991732629815834,0.4690789631441549,0.7440684763077637,0.2749895131636088,0.763476266120542,0.5089769527949172,-0.2544993133256248,9.174182891845703,92
130,4.5,50,5.0759379552265396e-14,4.137993768904031e-06,18.86661434173584,7.6394805908203125,11.227133750915527,0.1655272962620159,0.41702359545589707,0.25149629919388117,0.45793249846798995,0.5275928028944138,0.06966030442642385,0.9443257851125866,0.528283688863762,-0.4160420962488246,5.988767623901367,92
131,4.5,50,1.3460821149235041e-15,0.10677336497289992,21.103796005249023,1.3787384033203125,19.72505760192871,0.1624098754569954,0.8046443861133685,0.6422345106563732,0.4474194945446117,0.8203674748601789,0.3729479803155672,0.9327028344254819,0.624929867058961,-0.3077729673665208,8.349716186523438,92
132,3.8,50,5.382144482555467e-14,0.005507725516832324,18.83051300048828,3.2058563232421875,15.624656677246094,0.15170016106954876,0.6419512152424056,0.49025105417285686,0.4906694705999098,0.7506317104575934,0.2599622398576836,0.8308085997512054,0.8072192520867261,-0.023589347664479288,9.007328033447266,92
133,3.7,50,2.5591723626480502e-14,7.908080373485408e-05,19.288687705993652,5.821174621582031,13.467513084411621,0.15656129087413495,0.4961169401623654,0.33955564928823045,0.4838971306649091,0.49725672769725116,0.013359597032342074,0.8958402719282788,0.5154074103806283,-0.38043286154765044,8.880632400512695,92
135,3.2,50,6.5234545414723536e-15,0.06986183837345362,20.131114959716793,1.6401748657226562,18.490940093994137,0.15724427024323517,0.8347787955475614,0.6775345253043262,0.48771347402477866,0.8100688849797484,0.3223554109549697,0.8978877429238225,0.5837066587699371,-0.31418108415388535,9.70645332336426,92
136,3.1,50,1.9057516348596333e-14,0.0033492251471980965,19.470383644104004,3.5124282836914062,15.957955360412598,0.16244470438770886,0.5102308678352627,0.34778616344755386,0.45651221342195947,0.5687804672139812,0.11226825379202177,0.943037529134595,0.46184181351175635,-0.4811957156228387,6.284393310546875,92
137,2.9,50,7.82938739123537e-15,5.188305267732004e-05,20.018648624420166,6.080940246582031,13.937708377838135,0.15691106040380456,0.6156146506631469,0.4587035902593424,0.4704195131659864,0.7388469079655601,0.26842739479957367,0.916253093108176,0.43884854646572125,-0.4774045466424548,5.390060424804688,92
138,2.9,50,1.282832969384187e-14,6.738419792681157e-05,19.714326858520508,5.919822692871094,13.794504165649414,0.16583026139030319,0.5599084968032558,0.3940782354129526,0.47965512083484385,0.712180975560041,0.23252585472519716,0.9825420770785579,0.4110327349886361,-0.5715093420899218,7.24470329284668,92
139,2.6,50,7.570872555097753e-16,7.370503844667373e-05,21.458473205566406,5.86456298828125,15.593910217285156,0.15256878868822044,0.5425357877000966,0.38996699901187615,0.4446735772043432,0.5402745202655985,0.09560094306125533,0.8727673535160095,0.6687466869398832,-0.20402066657612639,7.84687614440918,92
140,2.6,50,1.0580065775477469e-16,9.481788551195806e-08,22.67134428024292,9.966712951660156,12.704631328582764,0.16340124374976014,0.4687958580032775,0.3053946142535173,0.4853304421963129,0.5811007741373344,0.09577033194102152,0.9598093218810746,0.39798896214170537,-0.5618203597393692,3.0089035034179696,92
141,2.2,50,1.0653803870575126e-16,1.271767571717049e-05,22.66706371307373,6.947486877441406,15.719576835632324,0.16562337022301085,0.4635271275603324,0.29790375733732155,0.49464495710573614,0.6287077920790823,0.1340628349733462,0.9825664325459796,0.27000872815113686,-0.7125577043948428,9.358573913574219,92
142,2.1,50,3.3507745015378745e-13,8.422287506065848e-05,17.703453540802002,5.7823486328125,11.921104907989502,0.15832191541348223,0.5697576583391655,0.41143574292568325,0.4754850288068567,0.7207865875189036,0.24530155871204684,0.9006958035698377,0.48737320934846956,-0.41332259422136813,6.134136199951172,92
143,2.0,50,8.479372040314675e-11,0.00034393197122286657,14.29297161102295,4.915199279785156,9.377772331237793,0.17181674982975392,0.6287459920463738,0.4569292422166199,0.49398462139001786,0.5872131901470701,0.09322856875705221,0.9829342460998481,0.8142577527882621,-0.16867649331158607,6.311206817626953,92
144,2.0,50,9.000729397302802e-08,0.06695181329925469,9.99880313873291,1.6663970947265625,8.332406044006348,0.16791491527086613,0.8501467625804252,0.6822318473095591,0.49098765973209957,0.8263730782763609,0.3353854185442613,0.963517907055511,0.8324868146950335,-0.1310310923604775,6.824710845947266,92
146,1.9,50,3.587824653601375e-12,0.004478939960971806,16.242194175720215,3.3332901000976562,12.908904075622559,0.16491016656352586,0.6232843507680702,0.45837418420454434,0.49549131598206825,0.6692908336826512,0.17379951770058294,0.9609212053884214,0.47071086892995945,-0.49021033645846196,7.400308609008789,92
147,1.9,50,2.9952516197960795e-17,4.085702439553318e-05,23.449106216430664,6.228187561035156,17.220918655395508,0.153521868101006,0.6153181004490152,0.46179623234800926,0.4782336032932119,0.7373160548213599,0.25908245152814796,0.9011791620880203,0.4052619799402901,-0.4959171821477302,6.615541458129883,92
148,1.9,50,2.8595629409436124e-14,0.0002820114476187104,19.220285415649414,5.03753662109375,14.182748794555664,0.14737812649883375,0.5657576256852013,0.4183794991863675,0.4819758705735828,0.6890878448142567,0.20711197424067385,0.870402705775806,0.4130606243282789,-0.45734208144752714,4.815334320068359,92
149,1.9,50,6.283024029631875e-16,5.314960121158524e-06,21.5733904838562,7.485206604003906,14.088183879852295,0.15426532375363863,0.44242671728568994,0.2881613935320513,0.4772071451733116,0.569771582315964,0.09256443714265244,0.8955669877870491,0.4593498202954452,-0.43621716749160394,6.890724182128906,92
150,1.6,50,5.718637386185208e-12,0.011002083574626818,15.954874992370605,2.7794036865234375,13.175471305847168,0.15566975071072603,0.6630402879628797,0.5073705372521538,0.4864480321795387,0.7861715092026682,0.2997234770231295,0.8954144944512992,0.5722034208924772,-0.32321107355882195,9.012735366821289,92
152,1.4,50,8.730973873325837e-15,0.0008837193854175623,19.951474189758297,4.333580017089844,15.617894172668453,0.138956037090388,0.41829753910906575,0.27934150201867775,0.430255812727406,0.4743025789640211,0.04404676623661513,0.817776473740443,0.1381094338544383,-0.6796670398860047,8.40863513946533,92
153,1.3,50,5.945257358171614e-13,0.019120139487403907,17.350053787231445,2.4387893676757812,14.911264419555664,0.15742168780884533,0.7325693202752225,0.5751476324663771,0.4874687079103953,0.7752470194298344,0.2877783115194391,0.9029383731087431,0.8738033535008768,-0.029135019607866353,7.463321685791016,92
154,1.3,50,6.872962311951572e-15,1.572912929892217e-05,20.09894847869873,6.816505432128906,13.282443046569824,0.1663290662890965,0.5010682676793347,0.33473920139023816,0.4918077706010848,0.6697199629077769,0.17791219230669209,0.9598397753835574,0.366824265361601,-0.5930155100219563,9.18528938293457,92
155,1.2,50,3.2018002362789266e-14,6.630766785845945e-05,19.15061378479004,5.92974853515625,13.220865249633789,0.1601475170962055,0.6757444900155752,0.5155969729193697,0.4764846608623756,0.7928600292300285,0.3163753683676529,0.9167259206710302,0.40283615080093993,-0.5138897698700903,3.5112056732177734,92
156,1.2,50,4.516723558004416e-15,8.008564904517573e-05,20.35768508911133,5.813392639160156,14.544292449951175,0.1539377043674414,0.4919312989141388,0.3379935945466974,0.48839715400265005,0.6757285891434909,0.18733143514084083,0.9168389600251908,0.058731259442245,-0.8581077005829458,7.066898345947264,92
157,1.2,50,4.248290123306434e-13,3.3027705584611037e-05,17.557185173034668,6.3592987060546875,11.19788646697998,0.13068812197805768,0.5532777513770603,0.4225896293990026,0.4660215144061733,0.5886042237997826,0.12258270939360932,0.756385511892363,0.37023009471946233,-0.3861554171729007,6.177650451660156,92
158,1.2,50,3.069651787131693e-13,0.00022657493363341329,17.757460117340088,5.172431945800781,12.585028171539307,0.16784093132895117,0.5755124691061542,0.407671537777203,0.48946061157879095,0.5663859988130812,0.07692538723429021,0.9714662248601108,0.5995833239665354,-0.37188290089357545,5.523015975952148,92
160,1.1,50,2.6569009700875713e-12,2.9144259832624096e-08,16.42732810974121,10.69378662109375,5.733541488647461,0.16676993175043622,0.6582057944896761,0.4914358627392399,0.47708241449189204,0.7679370053034104,0.2908545908115183,0.979930894151523,0.39615667400497506,-0.5837742201465479,2.3196029663085938,92
161,1.1,50,2.7223391518076988e-17,7.213981338651142e-05,23.50798749923706,5.8777923583984375,17.630195140838623,0.15241670290908896,0.4167807522763664,0.2643640493672774,0.4630758091840106,0.47872154052050747,0.015645731336496882,0.875941300165727,0.20756220634978684,-0.6683790938159402,7.842906951904297,92
162,1.1,50,2.3483409856989094e-14,0.022580861340250863,19.341675758361816,2.3362579345703125,17.005417823791504,0.16276007843652296,0.6591869978837557,0.4964269194472327,0.4660630964707475,0.7205065689760864,0.25444347250533894,0.9324587704011355,0.5619879742449979,-0.37047079615613754,8.896224975585938,92
163,1.0,50,4.5958235810755165e-12,0.017711307027643144,16.08959197998047,2.4859619140625,13.603630065917969,0.153247088781958,0.6968914473955227,0.5436443586135646,0.4915050063871969,0.7890996900772886,0.29759468369009173,0.8175441119205686,0.6346123438152458,-0.18293176810532286,6.800359725952148,92
164,1.0,50,1.2725458959634708e-15,7.173227422644627e-06,21.13842010498047,7.3004150390625,13.838005065917969,0.16791035614275754,0.45141151605423907,0.2835011599114815,0.47113127476740424,0.6082267617613047,0.1370954869939005,0.9729539373890094,0.31613677486933695,-0.6568171625196724,8.022499084472656,92
165,0.9,50,1.2283896095386165e-11,0.12025424020844674,15.483661651611326,1.3054580688476562,14.17820358276367,0.16384278147539694,0.8592964123438078,0.6954536308684109,0.46215800757286196,0.8497814918289737,0.3876234842561117,0.9572138447946571,0.8723493270222421,-0.084864517772415,8.193077087402344,92
166,0.9,50,9.989709246300573e-14,1.707535531525112e-05,18.44933795928955,6.765892028808594,11.683445930480957,0.16835097583028047,0.4305537323011018,0.2622027564708213,0.4892756322790067,0.4931863689737562,0.00391073669474945,0.9747040311222582,0.6132924430597758,-0.3614115880624824,6.072113037109377,92
167,0.9,50,1.7835777829330693e-14,1.1133798605985685e-06,19.511218070983887,8.448593139648438,11.06262493133545,0.16150425187664708,0.5941819457731882,0.4326776938965411,0.43617263892453617,0.7490980830543582,0.31292544412982204,0.9453834621110855,0.600475269785205,-0.34490819232588044,5.948833465576172,92
168,0.6,50,2.4083345073290998e-15,0.0015906197634918866,20.745259284973145,3.971343994140625,16.77391529083252,0.16586290439681317,0.5945413519405106,0.42867844754369744,0.49683477249420177,0.6889638351357399,0.19212906264153812,0.9597843209854123,0.4304576352484128,-0.5293266857369996,7.651668548583984,92
