x_start,xstar_start,a_start,a_end,b_start,b_end,len_x,q_false_a,q_false_a_at,q_false_b,q_false_b_at,q_fail_x,q_fail_x_at,q_worst,notable
18,201,0,36,187,237,4,9,486,8,43,4,69,9,False
19,192,1,37,179,229,5,9,486,8,43,4,40,9,False
19,270,1,37,256,306,4,9,486,8,467,4,40,9,False
20,249,2,38,235,285,4,9,486,8,379,4,460,9,False
25,209,7,43,196,246,5,9,486,7,557,5,64,9,False
25,462,7,43,448,498,4,9,486,11,311,4,64,11,True
26,433,8,44,420,470,5,9,486,7,344,5,65,9,False
27,640,9,45,626,676,4,9,486,11,113,4,0,11,True
28,144,10,46,130,180,4,9,103,9,511,4,167,9,False
28,525,10,46,512,562,5,9,103,8,371,5,167,9,False
28,560,10,46,547,597,5,9,103,7,476,5,167,9,False
28,673,10,46,659,709,4,9,103,7,317,4,167,9,False
29,117,11,47,103,153,4,8,104,7,101,4,84,8,False
29,167,11,47,154,204,5,8,104,7,611,5,84,8,False
29,224,11,47,210,260,4,8,104,7,378,4,84,8,False
29,411,11,47,397,447,4,8,104,7,546,4,84,8,False
29,446,11,47,432,482,4,8,104,11,311,4,84,11,True
29,669,11,47,655,705,4,8,104,7,317,4,84,8,False
31,435,13,49,421,471,4,6,106,7,344,4,433,7,False
32,301,14,50,288,338,5,6,311,11,470,5,602,11,True
32,461,14,50,447,497,4,6,311,11,311,4,191,11,True
34,301,16,52,289,339,6,6,64,11,470,5,367,11,True
35,461,17,53,447,497,4,6,64,11,311,4,191,11,True
37,260,19,55,247,297,5,6,64,8,467,5,55,8,False
39,178,21,57,164,214,4,6,64,8,43,4,9,8,False
39,270,21,57,257,307,5,6,64,8,467,5,516,8,False
40,193,22,58,179,229,4,6,64,8,43,4,16,8,False
40,343,22,58,331,381,6,6,64,9,313,5,16,9,False
40,449,22,58,436,486,5,6,64,11,311,5,16,11,True
41,218,23,59,204,254,4,6,64,7,378,4,17,7,False
41,347,23,59,333,383,4,6,64,9,313,4,17,9,False
41,404,23,59,390,440,4,6,64,7,546,4,17,7,False
41,452,23,59,438,488,4,6,64,11,311,4,17,11,True
41,620,23,59,606,656,4,6,64,7,311,4,17,7,False
43,303,25,61,292,342,7,7,602,11,470,7,205,11,True
43,396,25,61,382,432,4,7,602,7,198,4,91,7,False
44,648,26,62,634,684,4,7,602,11,113,4,92,11,True
44,657,26,62,643,693,4,7,602,11,113,4,92,11,True
45,151,27,63,137,187,4,7,602,7,326,4,207,7,False
45,232,27,63,218,268,4,7,602,7,189,4,207,7,False
45,262,27,63,248,298,4,7,602,8,467,4,207,8,False
45,379,27,63,365,415,4,7,602,7,272,4,207,7,False
45,484,27,63,470,520,4,7,602,10,147,4,207,10,True
45,508,27,63,494,544,4,7,602,11,313,4,207,11,True
45,514,27,63,500,550,4,7,602,10,314,4,207,10,True
47,209,29,65,195,245,4,7,602,7,557,4,26,7,False
47,434,29,65,420,470,4,7,602,7,344,4,26,7,False
50,295,32,68,282,332,5,8,363,11,470,4,296,11,True
50,386,32,68,372,422,4,8,363,7,272,4,296,8,False
50,478,32,68,464,514,4,8,363,9,9,4,296,9,False
50,586,32,68,572,622,4,8,363,7,35,4,296,8,False
50,661,32,68,647,697,4,8,363,11,113,4,296,11,True
51,457,33,69,443,493,4,8,363,11,311,4,536,11,True
52,147,34,70,133,183,4,8,363,7,375,4,283,8,False
52,232,34,70,220,270,6,8,363,8,379,6,283,8,False
52,260,34,70,250,300,8,8,363,8,467,8,283,8,False
52,379,34,70,367,417,6,8,363,7,272,6,283,8,False
52,498,34,70,484,534,4,8,363,11,313,4,283,11,True
52,508,34,70,496,546,6,8,363,11,313,6,283,11,True
52,566,34,70,553,603,5,8,363,7,476,5,283,8,False
53,151,35,71,138,188,5,8,363,6,327,5,284,8,False
53,425,35,71,411,461,4,8,363,7,546,4,179,8,False
53,428,35,71,414,464,4,8,363,7,344,4,179,8,False
53,484,35,71,471,521,5,8,363,10,147,5,284,10,True
53,514,35,71,501,551,5,8,363,9,315,5,284,9,False
54,304,36,72,290,340,4,8,363,11,470,4,207,11,True
57,178,39,75,164,214,4,8,363,8,43,4,9,8,False
57,271,39,75,257,307,4,8,363,8,467,4,9,8,False
58,551,40,76,538,588,5,8,363,7,221,5,154,8,False
58,617,40,76,604,654,5,8,363,7,311,5,154,8,False
59,236,41,77,223,273,5,8,363,8,379,4,2,8,False
59,391,41,77,378,428,5,8,363,7,272,4,2,8,False
59,638,41,77,624,674,4,8,363,9,113,4,2,9,False
61,352,43,79,338,388,4,8,205,8,314,4,352,8,False
61,421,43,79,407,457,4,8,205,7,546,4,352,8,False
61,573,43,79,560,610,5,8,205,7,476,4,352,8,False
64,209,46,82,196,246,5,8,283,7,557,5,25,8,False
64,462,46,82,448,498,4,8,283,11,311,4,25,11,True
65,433,47,83,420,470,5,8,283,7,344,5,26,8,False
66,640,48,84,626,676,4,8,283,11,113,4,0,11,True
67,218,49,85,205,255,5,8,283,7,378,4,610,8,False
68,344,50,86,330,380,4,8,283,9,313,4,17,9,False
68,346,50,86,333,383,5,8,283,9,313,5,17,9,False
68,402,50,86,390,440,6,8,283,7,546,5,17,8,False
68,448,50,86,435,485,5,8,283,11,311,5,17,11,True
68,451,50,86,438,488,5,8,283,11,311,5,17,11,True
68,619,50,86,606,656,5,8,283,7,311,5,17,8,False
69,200,51,87,187,237,5,8,283,8,43,5,102,8,False
70,172,52,88,158,208,4,8,283,7,611,4,10,8,False
70,176,52,88,163,213,5,8,283,8,43,5,10,8,False
70,349,52,88,335,385,4,8,283,9,313,4,10,9,False
70,480,52,88,467,517,5,8,283,9,9,5,10,9,False
71,169,53,89,155,205,4,7,284,7,611,4,11,7,False
71,412,53,89,398,448,4,7,284,7,546,4,11,7,False
71,568,53,89,555,605,5,7,284,7,476,5,281,7,False
71,581,53,89,567,617,4,7,284,7,553,4,11,7,False
73,293,55,91,280,330,5,7,374,11,470,5,217,11,True
73,456,55,91,442,492,4,7,374,11,311,4,217,11,True
74,443,56,92,429,479,4,7,374,9,311,4,218,9,False
75,459,57,93,445,495,4,6,153,11,311,4,405,11,True
76,214,58,94,200,250,4,7,279,7,557,4,331,7,False
76,316,58,94,302,352,4,7,279,7,155,4,331,7,False
76,358,58,94,344,394,4,7,279,8,42,4,331,8,False
76,409,58,94,395,445,4,7,279,7,546,4,331,7,False
76,475,58,94,461,511,4,7,279,9,9,4,331,9,False
76,520,58,94,506,556,4,7,279,7,83,4,331,7,False
78,616,60,96,602,652,4,7,279,7,311,4,3,7,False
79,206,61,97,193,243,5,7,279,7,557,5,304,7,False
79,285,61,97,271,321,4,7,279,10,470,4,151,10,True
79,365,61,97,352,402,5,7,279,8,554,5,304,8,False
82,331,64,100,317,367,4,7,279,9,313,4,214,9,False
82,415,64,100,401,451,4,7,279,7,546,4,214,7,False
82,571,64,100,557,607,4,7,279,7,476,4,214,7,False
83,243,65,101,229,279,4,7,279,8,379,4,215,8,False
83,663,65,101,649,699,4,7,279,9,115,4,215,9,False
83,669,65,101,656,706,5,7,279,7,317,5,410,7,False
84,166,66,102,154,204,6,7,279,7,611,6,525,7,False
84,224,66,102,210,260,4,7,279,7,378,4,29,7,False
84,411,66,102,397,447,4,7,279,7,546,4,29,7,False
84,446,66,102,432,482,4,7,279,11,311,4,29,11,True
84,525,66,102,511,561,4,7,279,7,429,4,29,7,False
84,560,66,102,546,596,4,7,279,7,476,4,29,7,False
86,290,68,104,276,326,4,7,279,11,470,4,527,11,True
86,323,68,104,310,360,5,7,279,7,449,4,527,7,False
86,643,68,104,631,681,6,7,279,11,113,4,527,11,True
87,230,69,105,216,266,4,7,279,7,189,3,63,7,False
87,299,69,105,285,335,4,7,279,11,470,3,63,11,True
87,332,69,105,318,368,4,7,279,9,313,3,63,9,False
87,572,69,105,558,608,4,7,279,7,476,3,63,7,False
90,343,72,108,329,379,4,7,524,9,313,4,42,9,False
91,305,73,109,292,342,5,7,524,11,470,5,43,11,True
91,396,73,109,382,432,4,7,524,7,198,4,43,7,False
92,648,74,110,634,684,4,7,524,11,113,4,44,11,True
92,656,74,110,643,693,5,7,524,11,113,4,44,11,True
94,310,76,112,296,346,4,7,524,10,518,4,310,10,True
97,369,79,115,355,405,4,7,524,8,262,4,493,8,False
98,494,80,116,480,530,4,7,524,11,313,4,494,11,True
100,310,82,118,296,346,4,7,524,10,518,4,310,10,True
102,200,84,120,187,237,5,7,362,8,43,5,69,8,False
102,346,84,120,332,382,4,7,362,9,313,4,15,9,False
102,402,84,120,389,439,5,7,362,7,546,5,69,7,False
102,448,84,120,434,484,4,7,362,11,311,4,15,11,True
102,451,84,120,437,487,4,7,362,11,311,4,15,11,True
102,619,84,120,605,655,4,7,362,7,311,4,15,7,False
103,349,85,121,335,385,4,7,362,9,313,4,10,9,False
103,479,85,121,467,517,6,7,362,9,9,6,10,9,False
104,412,86,122,398,448,4,7,362,7,546,4,11,7,False
104,569,86,122,555,605,4,7,362,7,476,4,11,7,False
104,581,86,122,567,617,4,7,362,7,553,4,11,7,False
105,242,87,123,228,278,4,7,362,8,379,4,12,8,False
105,587,87,123,573,623,4,7,362,7,35,4,12,7,False
105,662,87,123,648,698,4,7,362,10,114,4,12,10,True
105,672,87,123,658,708,4,7,362,7,317,4,12,7,False
108,200,90,126,187,237,5,7,491,8,43,5,69,8,False
108,346,90,126,332,382,4,7,491,9,313,4,15,9,False
108,402,90,126,389,439,5,7,491,7,546,5,69,7,False
108,448,90,126,434,484,4,7,491,11,311,4,15,11,True
108,451,90,126,437,487,4,7,491,11,311,4,15,11,True
108,619,90,126,605,655,4,7,491,7,311,4,15,7,False
109,349,91,127,335,385,4,7,491,9,313,4,10,9,False
109,479,91,127,467,517,6,7,491,9,9,6,10,9,False
110,412,92,128,398,448,4,7,491,7,546,4,11,7,False
110,569,92,128,555,605,4,7,491,7,476,4,11,7,False
110,581,92,128,567,617,4,7,491,7,553,4,11,7,False
111,242,93,129,228,278,4,8,10,8,379,4,12,8,False
111,587,93,129,573,623,4,8,10,7,35,4,12,8,False
111,662,93,129,648,698,4,8,10,10,114,4,12,10,True
111,672,93,129,658,708,4,8,10,7,317,4,12,8,False
114,200,96,132,187,237,5,9,10,8,43,5,69,9,False
114,346,96,132,332,382,4,9,10,9,313,4,15,9,False
114,402,96,132,389,439,5,9,10,7,546,5,69,9,False
114,448,96,132,434,484,4,9,10,11,311,4,15,11,True
114,451,96,132,437,487,4,9,10,11,311,4,15,11,True
114,619,96,132,605,655,4,9,10,7,311,4,15,9,False
115,349,97,133,335,385,4,9,10,9,313,4,10,9,False
115,480,97,133,467,517,5,9,10,9,9,5,10,9,False
116,410,98,134,398,448,6,9,10,7,546,6,668,9,False
116,569,98,134,555,605,4,9,10,7,476,4,11,9,False
116,581,98,134,567,617,4,9,10,7,553,4,11,9,False
117,224,99,135,210,260,4,9,10,7,378,4,29,9,False
117,446,99,135,432,482,4,9,10,11,311,4,29,11,True
117,522,99,135,511,561,7,9,10,7,429,7,669,9,False
117,560,99,135,546,596,4,9,10,7,476,4,29,9,False
117,669,99,135,655,705,4,9,10,7,317,4,29,9,False
118,215,100,136,201,251,4,9,10,7,557,4,243,9,False
118,317,100,136,303,353,4,9,10,7,155,4,243,9,False
118,318,100,136,306,356,6,9,10,7,155,6,670,9,False
118,359,100,136,345,395,4,9,10,8,42,4,243,9,False
118,388,100,136,375,425,5,9,10,7,272,5,670,9,False
118,476,100,136,462,512,4,9,10,9,9,4,243,9,False
118,521,100,136,507,557,4,9,10,7,429,4,243,9,False
118,584,100,136,570,620,4,9,10,7,553,4,243,9,False
119,458,101,137,444,494,4,9,10,11,311,4,142,11,True
120,321,102,138,307,357,4,13,101,7,155,4,143,13,True
120,360,102,138,346,396,4,13,101,8,554,4,143,13,True
120,477,102,138,463,513,4,13,101,9,9,4,143,13,True
120,488,102,138,475,525,5,13,101,10,147,5,479,13,True
120,585,102,138,571,621,4,13,101,7,553,4,143,13,True
121,281,103,139,267,317,4,13,101,6,54,4,169,13,True
121,437,103,139,423,473,4,13,101,7,344,4,169,13,True
121,668,103,139,654,704,4,13,101,7,317,4,169,13,True
123,280,105,141,266,316,4,13,101,7,53,4,172,13,True
123,487,105,141,473,523,4,13,101,10,147,4,172,13,True
123,667,105,141,653,703,4,13,101,7,317,4,172,13,True
126,416,108,144,402,452,4,12,102,7,546,4,213,12,True
127,643,109,145,629,679,4,11,103,11,113,4,88,11,True
129,346,111,147,332,382,4,11,665,9,313,4,15,11,True
129,402,111,147,389,439,5,11,665,7,546,5,69,11,True
129,448,111,147,434,484,4,11,665,11,311,4,15,11,True
129,451,111,147,437,487,4,11,665,11,311,4,15,11,True
129,619,111,147,605,655,4,11,665,7,311,4,15,11,True
130,349,112,148,335,385,4,11,665,9,313,4,10,11,True
130,480,112,148,467,517,5,11,665,9,9,5,10,11,True
131,412,113,149,398,448,4,11,665,7,546,4,11,11,True
131,569,113,149,555,605,4,11,665,7,476,4,11,11,True
131,580,113,149,567,617,5,11,665,7,553,4,11,11,True
133,573,115,151,559,609,4,9,667,7,476,4,62,9,False
134,326,116,152,312,362,4,8,668,7,449,4,237,8,False
134,377,116,152,363,413,4,8,668,7,272,4,237,8,False
136,291,118,154,277,327,4,7,101,11,470,4,337,11,True
136,436,118,154,422,472,4,7,101,7,344,4,337,7,False
136,440,118,154,427,477,5,7,101,8,275,5,337,8,False
140,542,122,158,528,578,4,7,101,8,371,4,158,8,False
142,318,124,160,305,355,5,7,101,7,155,5,119,7,False
142,388,124,160,374,424,4,7,101,7,272,4,119,7,False
142,458,124,160,444,494,4,7,101,11,311,4,119,11,True
142,522,124,160,509,559,5,7,101,7,429,5,119,7,False
143,321,125,161,307,357,4,7,101,7,155,4,120,7,False
143,360,125,161,346,396,4,7,101,8,554,4,120,8,False
143,477,125,161,463,513,4,7,101,9,9,4,120,9,False
143,489,125,161,475,525,4,7,101,10,147,4,120,10,True
143,585,125,161,571,621,4,7,101,7,553,4,120,7,False
144,28,126,162,14,64,4,7,101,8,363,4,30,8,False
145,609,127,163,595,645,4,7,101,7,311,4,160,7,False
146,260,128,164,246,296,4,7,101,8,467,4,8,8,False
147,283,129,165,269,319,4,6,69,8,470,4,234,8,False
148,265,130,166,251,301,4,6,390,8,467,4,265,8,False
148,382,130,166,368,418,4,6,390,7,272,4,265,7,False
148,511,130,166,497,547,4,6,390,11,313,4,265,11,True
148,576,130,166,563,613,5,6,390,7,476,5,265,7,False
151,45,133,169,31,81,4,6,236,8,283,4,79,8,False
151,284,133,169,271,321,5,6,236,10,470,5,232,10,True
151,366,133,169,352,402,4,6,236,8,554,4,79,8,False
152,271,134,170,258,308,5,6,336,8,664,5,485,8,False
152,308,134,170,294,344,4,6,336,11,517,4,233,11,True
152,398,134,170,384,434,4,6,336,7,451,4,233,7,False
154,551,136,172,538,588,5,7,510,7,221,5,58,7,False
154,616,136,172,604,654,6,7,510,7,311,6,376,7,False
155,237,137,173,223,273,4,8,510,8,379,4,2,8,False
155,392,137,173,378,428,4,8,510,7,272,4,2,8,False
155,638,137,173,624,674,4,8,510,9,113,4,2,9,False
157,542,139,175,529,579,5,10,510,8,371,5,328,10,True
157,597,139,175,583,633,4,10,510,7,35,4,328,10,True
159,325,141,177,311,361,4,10,510,7,449,4,393,10,True
160,609,142,178,595,645,4,10,510,7,311,4,220,10,True
161,260,143,179,246,296,4,10,510,8,467,4,8,10,True
162,271,144,180,257,307,4,10,510,8,467,4,9,10,True
163,349,145,181,335,385,4,10,510,9,313,4,10,10,True
163,402,145,181,388,438,4,10,510,7,546,4,10,10,True
163,481,145,181,467,517,4,10,510,9,9,4,10,10,True
164,336,146,182,322,372,4,10,510,9,313,3,11,10,True
164,466,146,182,452,502,4,10,510,11,311,3,11,11,True
165,392,147,183,378,428,4,10,510,7,272,4,2,10,True
165,550,147,183,537,587,5,10,510,7,372,4,2,10,True
165,617,147,183,603,653,4,10,510,7,311,4,2,10,True
165,638,147,183,624,674,4,10,510,9,113,4,2,10,True
166,525,148,184,513,563,6,9,511,8,371,5,28,9,False
166,623,148,184,609,659,4,9,511,7,311,4,290,9,False
166,673,148,184,660,710,5,9,511,7,317,4,290,9,False
167,29,149,185,16,66,5,8,512,8,363,5,28,8,False
167,560,149,185,547,597,5,8,512,7,476,5,28,8,False
168,411,150,186,397,447,4,7,483,7,546,4,29,7,False
168,446,150,186,432,482,4,7,483,11,311,4,29,11,True
168,668,150,186,655,705,5,7,483,7,317,5,411,7,False
169,281,151,187,267,317,4,7,375,6,54,4,121,7,False
169,437,151,187,423,473,4,7,375,7,344,4,121,7,False
169,488,151,187,474,524,4,7,375,10,147,4,121,10,True
172,280,154,190,266,316,4,7,326,7,53,4,123,7,False
172,487,154,190,473,523,4,7,326,10,147,4,123,10,True
172,667,154,190,653,703,4,7,326,7,317,4,123,7,False
173,339,155,191,325,375,4,7,326,9,313,4,194,9,False
173,353,155,191,340,390,5,7,326,8,42,5,350,8,False
174,422,156,192,408,458,4,6,327,7,546,4,351,7,False
174,500,156,192,486,536,4,6,327,11,313,4,351,11,True
174,575,156,192,561,611,4,6,327,7,476,4,351,7,False
175,390,157,193,376,426,4,6,220,7,272,4,580,7,False
176,70,158,194,57,107,5,6,220,7,524,5,480,7,False
176,280,158,194,267,317,5,6,220,6,54,5,480,6,False
176,437,158,194,423,473,4,6,220,7,344,4,121,7,False
176,485,158,194,474,524,7,6,220,10,147,5,480,10,True
176,667,158,194,654,704,5,6,220,7,317,5,480,7,False
178,39,160,196,25,75,4,6,220,8,205,4,271,8,False
178,57,160,196,43,93,4,6,220,7,279,4,271,7,False
178,375,160,196,361,411,4,6,220,8,262,4,271,8,False
178,515,160,196,502,552,5,6,220,8,316,5,271,8,False
178,558,160,196,544,594,4,6,220,7,476,4,271,7,False
179,263,161,197,249,299,4,6,8,8,467,4,53,8,False
179,380,161,197,366,416,4,6,8,7,272,4,53,7,False
179,425,161,197,411,461,4,6,8,7,546,4,53,7,False
179,428,161,197,414,464,4,6,8,7,344,4,53,7,False
179,509,161,197,495,545,4,6,8,11,313,4,53,11,True
179,566,161,197,552,602,4,6,8,7,476,4,53,7,False
180,656,162,198,642,692,4,6,411,11,113,4,93,11,True
181,360,163,199,347,397,5,6,411,8,554,4,120,8,False
181,489,163,199,476,526,5,6,411,10,147,4,120,10,True
182,318,164,200,304,354,4,6,411,7,155,4,120,7,False
182,321,164,200,307,357,4,6,411,7,155,4,120,7,False
182,477,164,200,463,513,4,6,411,9,9,4,120,9,False
182,522,164,200,508,558,4,6,411,7,429,4,120,7,False
182,585,164,200,571,621,4,6,411,7,553,4,120,7,False
183,445,165,201,431,481,4,6,411,11,311,4,225,11,True
183,504,165,201,490,540,4,6,411,11,313,4,225,11,True
183,559,165,201,545,595,4,6,411,7,476,4,225,7,False
184,337,166,202,325,375,6,6,411,9,313,5,440,9,False
184,354,166,202,340,390,4,6,411,8,42,4,350,8,False
186,621,168,204,608,658,5,6,411,7,311,5,291,7,False
187,274,169,205,260,310,4,6,349,8,52,4,292,8,False
187,348,169,205,334,384,4,6,349,9,313,4,292,9,False
187,400,169,205,386,436,4,6,349,7,546,4,292,7,False
190,460,172,208,448,498,6,6,349,11,311,6,247,11,True
191,302,173,209,288,338,4,6,579,11,470,4,32,11,True
192,19,174,210,6,56,5,6,579,8,363,4,249,8,False
193,16,175,211,2,52,4,6,440,8,363,4,270,8,False
193,40,175,211,26,76,4,6,440,8,283,4,270,8,False
193,313,175,211,299,349,4,6,440,7,521,4,270,7,False
193,339,175,211,326,376,5,6,440,9,313,4,270,9,False
193,354,175,211,341,391,5,6,440,8,42,4,270,8,False
193,472,175,211,458,508,4,6,440,9,9,4,270,9,False
193,517,175,211,503,553,4,6,440,7,317,4,270,7,False
193,631,175,211,617,667,4,6,440,5,371,4,270,6,False
195,650,177,213,636,686,4,7,611,11,113,4,267,11,True
196,611,178,214,598,648,5,7,611,7,311,5,268,7,False
197,314,179,215,300,350,4,7,611,7,155,4,269,7,False
197,341,179,215,327,377,4,7,611,9,313,4,269,9,False
197,356,179,215,342,392,4,7,611,8,42,4,269,8,False
197,473,179,215,459,509,4,7,611,9,9,4,269,9,False
197,518,179,215,504,554,4,7,611,7,83,4,269,7,False
197,632,179,215,618,668,4,7,611,6,242,4,269,7,False
198,292,180,216,278,328,4,7,611,11,470,4,250,11,True
198,442,180,216,428,478,4,7,611,8,275,4,250,8,False
200,69,182,218,56,106,5,7,611,7,524,5,402,7,False
200,487,182,218,473,523,4,7,611,10,147,4,123,10,True
200,666,182,218,653,703,5,7,611,7,317,5,402,7,False
201,15,183,219,1,51,4,7,611,8,363,4,346,8,False
201,18,183,219,4,54,4,7,611,8,363,4,346,8,False
201,312,183,219,298,348,4,7,611,8,520,4,346,8,False
201,444,183,219,430,480,4,7,611,10,311,4,346,10,True
201,471,183,219,457,507,4,7,611,9,9,4,346,9,False
201,503,183,219,489,539,4,7,611,11,313,4,346,11,True
201,538,183,219,526,576,6,7,611,8,371,4,346,8,False
201,630,183,219,616,666,4,7,611,5,256,4,346,7,False
203,483,185,221,469,519,4,7,611,9,147,3,34,9,False
203,507,185,221,493,543,4,7,611,11,313,3,34,11,True
203,513,185,221,499,549,4,7,611,11,313,3,34,11,True
205,303,187,223,292,342,7,7,611,11,470,7,43,11,True
205,396,187,223,382,432,4,7,611,7,198,4,43,7,False
206,79,188,224,66,116,5,7,611,11,109,5,44,11,True
206,648,188,224,634,684,4,7,611,11,113,4,44,11,True
206,657,188,224,643,693,4,7,611,11,113,4,44,11,True
207,379,189,225,365,415,4,7,246,7,272,4,45,7,False
207,484,189,225,470,520,4,7,246,10,147,4,45,10,True
207,508,189,225,494,544,4,7,246,11,313,4,45,11,True
207,514,189,225,500,550,4,7,246,10,314,4,45,10,True
209,25,191,227,12,62,5,7,400,8,363,4,26,8,False
209,47,191,227,33,83,4,7,400,8,283,4,26,8,False
209,64,191,227,51,101,5,7,400,7,279,4,26,7,False
209,434,191,227,420,470,4,7,400,7,344,4,26,7,False
210,601,192,228,587,637,4,7,400,7,188,4,462,7,False
210,613,192,228,599,649,4,7,400,7,311,4,462,7,False
211,372,193,229,358,408,4,7,400,8,262,4,463,8,False
211,555,193,229,541,591,4,7,400,7,476,4,463,7,False
211,591,193,229,577,627,4,7,400,7,35,4,463,7,False
211,636,193,229,622,672,4,7,400,8,277,4,463,8,False
212,464,194,230,450,500,4,7,400,11,311,4,464,11,True
212,653,194,230,639,689,4,7,400,11,113,4,464,11,True
213,415,195,231,402,452,5,8,43,7,546,4,126,8,False
214,76,196,232,62,112,4,8,43,11,107,4,82,11,True
214,331,196,232,317,367,4,8,43,9,313,4,82,9,False
214,571,196,232,557,607,4,8,43,7,476,4,82,8,False
215,663,197,233,649,699,4,8,43,9,115,4,83,9,False
215,670,197,233,656,706,4,8,43,7,317,4,83,8,False
216,568,198,234,554,604,4,8,43,7,476,4,72,8,False
217,456,199,235,442,492,4,8,43,11,311,4,73,11,True
218,17,200,236,3,53,4,8,43,8,363,4,74,8,False
218,41,200,236,27,77,4,8,43,8,283,4,74,8,False
218,67,200,236,54,104,5,8,43,7,524,5,677,8,False
218,443,200,236,429,479,4,8,43,9,311,4,74,9,False
219,609,201,237,596,646,5,8,43,7,311,4,678,8,False
219,646,201,237,632,682,4,8,43,11,113,4,678,11,True
223,445,205,241,433,483,6,8,43,11,311,6,445,11,True
223,588,205,241,574,624,4,8,43,7,35,4,445,8,False
224,29,206,242,15,65,4,7,44,8,363,4,29,8,False
224,84,206,242,70,120,4,7,44,9,10,4,29,9,False
224,117,206,242,103,153,4,7,44,7,101,4,29,7,False
224,411,206,242,397,447,4,7,44,7,546,4,29,7,False
224,525,206,242,511,561,4,7,44,7,429,4,29,7,False
224,559,206,242,546,596,5,7,44,7,476,5,446,7,False
224,669,206,242,655,705,4,7,44,7,317,4,29,7,False
225,504,207,243,490,540,4,6,45,11,313,4,183,11,True
228,416,210,246,402,452,4,7,557,7,546,4,126,7,False
229,595,211,247,581,631,4,7,557,7,35,4,595,7,False
230,87,212,248,73,123,4,7,557,10,665,4,77,10,True
231,616,213,249,602,652,4,7,557,7,311,4,3,7,False
232,45,214,250,31,81,4,7,557,8,283,4,79,8,False
232,52,214,250,40,90,6,7,557,7,279,6,262,7,False
232,366,214,250,352,402,4,7,557,8,554,4,79,8,False
233,398,215,251,384,434,4,7,557,7,451,4,152,7,False
236,59,218,254,46,96,5,7,557,7,279,5,133,7,False
236,573,218,254,559,609,4,7,557,7,476,4,62,7,False
237,326,219,255,312,362,4,7,557,7,449,4,134,7,False
237,377,219,255,363,413,4,7,557,7,272,4,134,7,False
241,388,223,259,374,424,4,7,378,7,272,4,119,7,False
241,458,223,259,444,494,4,7,378,11,311,4,119,11,True
241,521,223,259,509,559,6,7,378,7,429,5,119,7,False
242,105,224,260,91,141,4,7,378,11,665,4,120,11,True
242,111,224,260,97,147,4,7,378,9,667,4,120,9,False
242,359,224,260,346,396,5,7,378,8,554,5,662,8,False
242,476,224,260,463,513,5,7,378,9,9,5,662,9,False
242,489,224,260,475,525,4,7,378,10,147,4,120,10,True
242,584,224,260,571,621,5,7,378,7,553,5,662,7,False
243,83,225,261,69,119,4,7,378,10,110,4,118,10,True
243,389,225,261,375,425,4,7,378,7,272,4,118,7,False
243,410,225,261,396,446,4,7,378,7,546,4,118,7,False
243,524,225,261,510,560,4,7,378,7,429,4,118,7,False
247,460,229,265,448,498,6,7,378,11,311,6,190,11,True
249,20,231,267,6,56,4,7,378,8,363,4,192,8,False
250,442,232,268,428,478,4,6,379,8,275,4,198,8,False
258,652,240,276,638,688,4,7,189,11,113,3,126,11,True
259,604,241,277,592,642,6,7,189,7,188,4,307,7,False
260,37,242,278,24,74,5,7,189,8,363,3,53,8,False
260,52,242,278,42,92,8,7,189,7,279,6,232,7,False
260,146,242,278,132,182,4,7,189,7,483,3,53,7,False
260,374,242,278,360,410,4,7,189,8,262,3,53,8,False
260,496,242,278,483,533,5,7,189,11,313,3,53,11,True
260,544,242,278,531,581,5,7,189,8,371,3,53,8,False
260,557,242,278,543,593,4,7,189,7,476,3,53,7,False
260,563,242,278,549,599,4,7,189,7,476,3,53,7,False
261,598,243,279,584,634,4,7,189,7,35,3,609,7,False
262,45,244,280,31,81,4,7,189,8,283,4,79,8,False
262,366,244,280,352,402,4,7,189,8,554,4,79,8,False
263,398,245,281,384,434,4,7,189,7,451,4,152,7,False
265,148,247,283,134,184,4,6,190,7,375,4,148,7,False
265,382,247,283,368,418,4,6,190,7,272,4,148,7,False
265,511,247,283,497,547,4,6,190,11,313,4,148,11,True
265,576,247,283,563,613,5,6,190,7,476,5,148,7,False
267,650,249,285,636,686,4,6,467,11,113,4,195,11,True
268,611,250,286,598,648,5,6,467,7,311,5,196,7,False
269,355,251,287,342,392,5,7,379,8,42,4,197,8,False
269,472,251,287,459,509,5,7,379,9,9,4,197,9,False
269,515,251,287,504,554,7,7,379,7,83,5,178,7,False
269,631,251,287,618,668,5,7,379,6,242,4,197,7,False
270,16,252,288,2,52,4,8,379,8,363,4,193,8,False
270,19,252,288,5,55,4,8,379,8,363,4,193,8,False
270,39,252,288,26,76,5,8,379,8,283,4,193,8,False
271,57,253,289,43,93,4,8,379,7,279,4,178,8,False
271,152,253,289,139,189,5,8,379,6,220,5,178,8,False
271,162,253,289,148,198,4,8,379,7,611,4,178,8,False
271,375,253,289,361,411,4,8,379,8,262,4,178,8,False
271,485,253,289,472,522,5,8,379,10,147,5,178,10,True
271,558,253,289,544,594,4,8,379,7,476,4,178,8,False
272,380,254,290,366,416,4,8,379,7,272,4,53,8,False
272,425,254,290,411,461,4,8,379,7,546,4,53,8,False
272,428,254,290,414,464,4,8,379,7,344,4,53,8,False
272,509,254,290,495,545,4,8,379,11,313,4,53,11,True
272,566,254,290,552,602,4,8,379,7,476,4,53,8,False
273,647,255,291,633,683,4,8,379,11,113,4,399,11,True
274,442,256,292,428,478,4,8,379,8,275,4,198,8,False
279,402,261,297,389,439,5,8,379,7,546,5,69,8,False
279,448,261,297,434,484,4,8,379,11,311,4,15,11,True
279,451,261,297,437,487,4,8,379,11,311,4,15,11,True
279,619,261,297,605,655,4,8,379,7,311,4,15,8,False
280,123,262,298,109,159,4,8,379,10,510,4,10,10,True
280,172,262,298,158,208,4,8,379,7,611,4,10,8,False
280,480,262,298,467,517,5,8,379,9,9,5,10,9,False
281,121,263,299,107,157,4,7,380,10,510,4,11,10,True
281,169,263,299,155,205,4,7,380,7,611,4,11,7,False
281,412,263,299,398,448,4,7,380,7,546,4,11,7,False
281,566,263,299,555,605,7,7,380,7,476,5,71,7,False
281,581,263,299,567,617,4,7,380,7,553,4,11,7,False
283,147,265,301,133,183,4,8,467,7,375,4,52,8,False
283,379,265,301,367,417,6,8,467,7,272,6,52,8,False
283,498,265,301,484,534,4,8,467,11,313,4,52,11,True
283,508,265,301,496,546,6,8,467,11,313,6,52,11,True
284,151,266,302,138,188,5,8,467,6,327,5,53,8,False
284,425,266,302,411,461,4,8,467,7,546,4,53,8,False
284,428,266,302,414,464,4,8,467,7,344,4,53,8,False
284,484,266,302,471,521,5,8,467,10,147,5,53,10,True
284,514,266,302,501,551,5,8,467,9,315,5,53,9,False
285,79,267,303,65,115,4,8,467,12,108,4,45,12,True
288,397,270,306,383,433,4,8,467,7,451,4,606,8,False
289,527,271,307,514,564,5,8,467,8,371,4,166,8,False
289,674,271,307,661,711,5,8,467,7,317,4,166,8,False
290,86,272,308,72,122,4,8,467,9,10,4,166,9,False
290,550,272,308,536,586,4,8,467,8,371,4,166,8,False
290,620,272,308,609,659,7,8,467,7,311,6,441,8,False
291,136,273,309,122,172,4,8,467,10,510,4,186,10,True
292,400,274,310,386,436,4,8,467,7,546,4,187,8,False
293,73,275,311,60,110,5,8,467,9,107,4,17,9,False
293,404,275,311,390,440,4,8,467,7,546,4,17,8,False
293,449,275,311,435,485,4,8,467,11,311,4,17,11,True
293,452,275,311,438,488,4,8,467,11,311,4,17,11,True
295,50,277,313,37,87,5,8,664,7,374,4,457,8,False
295,536,277,313,522,572,4,8,664,8,371,4,457,8,False
296,386,278,314,372,422,4,8,52,7,272,4,50,8,False
296,478,278,314,464,514,4,8,52,9,9,4,50,9,False
296,586,278,314,572,622,4,8,52,7,35,4,50,8,False
296,659,278,314,647,697,6,8,52,11,113,5,386,11,True
297,387,279,315,373,423,4,8,52,7,272,4,387,8,False
298,535,280,316,521,571,4,8,52,8,371,4,322,8,False
299,87,281,317,73,123,4,8,52,10,665,4,77,10,True
300,614,282,318,602,652,6,8,52,7,311,4,3,8,False
301,32,283,319,19,69,5,8,52,8,363,4,461,8,False
301,34,283,319,22,72,6,8,52,8,363,4,461,8,False
301,495,283,319,481,531,4,8,52,11,313,3,4,11,True
301,602,283,319,589,639,5,8,52,7,188,4,461,8,False
302,191,284,320,177,227,4,7,53,8,43,4,461,8,False
302,641,284,320,627,677,4,7,53,11,113,4,461,11,True
303,43,285,321,32,82,7,6,54,8,283,5,79,8,False
304,54,286,322,40,90,4,6,604,7,279,4,79,7,False
305,91,287,323,78,128,5,6,441,11,665,4,80,11,True
306,606,288,324,593,643,5,6,441,7,188,5,396,7,False
308,152,290,326,138,188,4,6,441,6,327,4,53,6,False
308,425,290,326,411,461,4,6,441,7,546,4,53,7,False
308,428,290,326,414,464,4,6,441,7,344,4,53,7,False
308,485,290,326,471,521,4,6,441,10,147,4,53,10,True
308,509,290,326,495,545,4,6,441,11,313,4,53,11,True
308,515,290,326,501,551,4,6,441,9,315,4,53,9,False
308,566,290,326,552,602,4,6,441,7,476,4,53,7,False
309,656,291,327,642,692,4,6,441,11,113,4,93,11,True
310,94,292,328,80,130,4,5,442,11,665,4,94,11,True
310,100,292,328,86,136,4,5,442,11,665,4,94,11,True
312,201,294,330,187,237,4,6,396,8,43,4,15,8,False
312,403,294,330,389,439,4,6,396,7,546,4,15,7,False
312,448,294,330,434,484,4,6,396,11,311,4,15,11,True
312,450,294,330,437,487,5,6,396,11,311,5,15,11,True
312,619,294,330,605,655,4,6,396,7,311,4,15,7,False
313,193,295,331,179,229,4,6,396,8,43,4,16,8,False
314,197,296,332,183,233,4,6,396,8,43,4,188,8,False
315,596,297,333,582,632,4,6,396,7,35,4,357,7,False
316,76,298,334,62,112,4,6,396,11,107,4,82,11,True
316,415,298,334,401,451,4,6,396,7,546,4,82,7,False
316,571,298,334,557,607,4,6,396,7,476,4,82,7,False
317,118,299,335,104,154,4,6,396,7,101,4,83,7,False
317,662,299,335,649,699,5,6,396,9,115,5,359,9,False
317,670,299,335,656,706,4,6,396,7,317,4,83,7,False
318,118,300,336,106,156,6,7,470,9,510,6,522,9,False
318,142,300,336,129,179,5,7,470,10,510,5,522,10,True
318,182,300,336,168,218,4,7,470,8,43,4,12,8,False
318,479,300,336,465,515,4,7,470,9,9,4,12,9,False
318,587,300,336,573,623,4,7,470,7,35,4,12,7,False
318,670,300,336,658,708,6,7,470,7,317,6,522,7,False
320,662,302,338,649,699,5,9,470,9,115,5,359,9,False
321,120,303,339,106,156,4,10,470,9,510,4,12,10,True
321,143,303,339,129,179,4,10,470,10,510,4,12,10,True
321,182,303,339,168,218,4,10,470,8,43,4,12,10,True
321,479,303,339,465,515,4,10,470,9,9,4,12,10,True
321,587,303,339,573,623,4,10,470,7,35,4,12,10,True
321,672,303,339,658,708,4,10,470,7,317,4,12,10,True
322,535,304,340,521,571,4,11,470,8,371,4,298,11,True
322,659,304,340,645,695,4,11,470,11,113,4,298,11,True
323,86,305,341,73,123,5,11,470,10,665,5,644,11,True
324,527,306,342,513,563,4,11,470,8,371,4,166,11,True
324,549,306,342,536,586,5,11,470,8,371,4,166,11,True
324,623,306,342,609,659,4,11,470,7,311,4,166,11,True
324,674,306,342,660,710,4,11,470,7,317,4,166,11,True
325,159,307,343,145,195,4,11,470,7,611,4,1,11,True
325,432,307,343,418,468,4,11,470,7,344,4,1,11,True
325,638,307,343,625,675,5,11,470,10,113,5,1,11,True
326,134,308,344,120,170,4,11,470,10,510,4,2,11,True
326,551,308,344,537,587,4,11,470,7,372,4,2,11,True
326,616,308,344,603,653,5,11,470,7,311,5,2,11,True
328,542,310,346,529,579,5,11,470,8,371,5,157,11,True
328,597,310,346,583,633,4,11,470,7,35,4,157,11,True
331,82,313,349,68,118,4,11,517,11,109,4,76,11,True
331,214,313,349,200,250,4,11,517,7,557,4,76,11,True
331,475,313,349,461,511,4,11,517,9,9,4,76,11,True
331,520,313,349,506,556,4,11,517,7,83,4,76,11,True
332,87,314,350,73,123,4,10,518,10,665,4,77,10,True
333,616,315,351,602,652,4,9,519,7,311,4,3,9,False
334,542,316,352,529,579,5,8,520,8,371,5,157,8,False
334,597,316,352,583,633,4,8,520,7,35,4,157,8,False
336,164,318,354,150,200,4,7,155,7,611,4,135,7,False
337,184,319,355,172,222,6,7,155,8,43,5,136,8,False
337,436,319,355,422,472,4,7,155,7,344,4,136,7,False
337,440,319,355,427,477,5,7,155,8,275,5,136,8,False
339,173,321,357,159,209,4,7,155,7,611,4,354,7,False
339,193,321,357,180,230,5,7,155,8,43,5,354,8,False
339,482,321,357,468,518,4,7,155,9,9,4,354,9,False
340,450,322,358,436,486,4,7,155,11,311,4,16,11,True
341,197,323,359,183,233,4,7,155,8,43,4,188,8,False
343,40,325,361,28,78,6,7,155,8,283,5,676,8,False
343,90,325,361,76,126,4,7,155,11,665,4,676,11,True
344,15,326,362,3,53,6,7,155,8,363,6,449,8,False
344,68,326,362,54,104,4,7,155,7,524,4,74,7,False
344,443,326,362,429,479,4,7,155,9,311,4,74,9,False
345,17,327,363,5,55,6,6,156,8,363,6,450,8,False
345,471,327,363,458,508,5,6,156,9,9,5,450,9,False
345,517,327,363,503,553,4,6,156,7,317,4,193,7,False
345,630,327,363,617,667,5,6,156,5,371,5,450,6,False
346,68,328,364,55,105,5,6,76,7,524,5,403,7,False
346,102,328,364,88,138,4,6,76,11,665,4,201,11,True
346,108,328,364,94,144,4,6,76,11,665,4,201,11,True
346,114,328,364,100,150,4,6,76,7,278,4,201,7,False
346,129,328,364,115,165,4,6,76,10,510,4,201,10,True
346,442,328,364,430,480,6,6,76,10,311,6,619,10,True
346,503,328,364,489,539,4,6,76,11,313,4,201,11,True
346,540,328,364,526,576,4,6,76,8,371,4,201,8,False
346,666,328,364,652,702,4,6,76,7,317,4,201,7,False
347,41,329,365,27,77,4,6,76,8,283,4,74,8,False
348,187,330,366,173,223,4,6,76,8,43,4,198,8,False
349,70,331,367,56,106,4,6,76,7,524,4,123,7,False
349,103,331,367,89,139,4,6,76,11,665,4,123,11,True
349,109,331,367,95,145,4,6,76,11,665,4,123,11,True
349,115,331,367,101,151,4,6,76,7,278,4,123,7,False
349,130,331,367,116,166,4,6,76,10,510,4,123,10,True
349,163,331,367,149,199,4,6,76,7,611,4,123,7,False
349,487,331,367,473,523,4,6,76,10,147,4,123,10,True
349,667,331,367,653,703,4,6,76,7,317,4,123,7,False
351,500,333,369,486,536,4,7,449,11,313,4,174,11,True
351,574,333,369,561,611,5,7,449,7,476,4,174,7,False
352,61,334,370,47,97,4,7,449,7,279,4,61,7,False
353,173,335,371,160,210,5,7,449,7,611,4,422,7,False
353,579,335,371,565,615,4,7,449,7,476,4,422,7,False
354,184,336,372,170,220,4,7,449,8,43,3,138,8,False
354,193,336,372,180,230,5,7,449,8,43,4,16,8,False
354,482,336,372,468,518,4,7,449,9,9,3,138,9,False
355,450,337,373,436,486,4,7,449,11,311,4,16,11,True
356,197,338,374,183,233,4,7,449,8,43,4,188,8,False
357,596,339,375,582,632,4,7,449,7,35,4,315,7,False
358,76,340,376,62,112,4,7,449,11,107,4,82,11,True
358,571,340,376,557,607,4,7,449,7,476,4,82,7,False
359,118,341,377,104,154,4,7,449,7,101,4,83,7,False
359,242,341,377,229,279,5,7,449,8,379,5,317,8,False
359,662,341,377,649,699,5,7,449,9,115,5,317,9,False
359,670,341,377,656,706,4,7,449,7,317,4,83,7,False
360,120,342,378,106,156,4,7,449,9,510,4,12,9,False
360,143,342,378,129,179,4,7,449,10,510,4,12,10,True
360,181,342,378,168,218,5,7,449,8,43,5,12,8,False
360,479,342,378,465,515,4,7,449,9,9,4,12,9,False
360,587,342,378,573,623,4,7,449,7,35,4,12,7,False
360,672,342,378,658,708,4,7,449,7,317,4,12,7,False
365,79,347,383,66,116,5,9,313,11,109,5,44,11,True
365,648,347,383,634,684,4,9,313,11,113,4,44,11,True
365,657,347,383,643,693,4,9,313,11,113,4,44,11,True
366,151,348,384,137,187,4,9,313,7,326,4,45,9,False
366,232,348,384,218,268,4,9,313,7,189,4,45,9,False
366,262,348,384,248,298,4,9,313,8,467,4,45,9,False
366,484,348,384,470,520,4,9,313,10,147,4,45,10,True
366,508,348,384,494,544,4,9,313,11,313,4,45,11,True
366,514,348,384,500,550,4,9,313,10,314,4,45,10,True
368,461,350,386,447,497,4,9,313,11,311,4,32,11,True
369,97,351,387,83,133,4,9,313,11,665,3,33,11,True
369,493,351,387,479,529,4,9,313,11,313,3,33,11,True
372,211,354,390,197,247,4,9,313,7,557,4,555,9,False
372,463,354,390,449,499,4,9,313,11,311,4,555,11,True
374,260,356,392,246,296,4,8,314,8,467,4,8,8,False
375,178,357,393,164,214,4,8,42,8,43,4,9,8,False
375,271,357,393,257,307,4,8,42,8,467,4,9,8,False
376,551,358,394,538,588,5,8,42,7,221,5,58,8,False
376,616,358,394,604,654,6,8,42,7,311,6,154,8,False
377,134,359,395,120,170,4,8,42,10,510,4,2,10,True
377,237,359,395,223,273,4,8,42,8,379,4,2,8,False
377,638,359,395,624,674,4,8,42,9,113,4,2,9,False
379,45,361,397,31,81,4,8,42,8,283,4,79,8,False
379,52,361,397,40,90,6,8,42,7,279,6,232,8,False
379,207,361,397,193,243,4,8,42,7,557,4,79,8,False
380,179,362,398,165,215,4,8,42,8,43,4,152,8,False
380,272,362,398,258,308,4,8,42,8,664,4,152,8,False
382,148,364,400,134,184,4,8,554,7,375,4,148,8,False
382,265,364,400,251,301,4,8,554,8,467,4,148,8,False
382,511,364,400,497,547,4,8,554,11,313,4,148,11,True
382,575,364,400,563,613,6,8,554,7,476,6,577,8,False
384,500,366,402,486,536,4,8,554,11,313,4,174,11,True
386,50,368,404,36,86,4,8,554,7,374,4,50,8,False
386,478,368,404,464,514,4,8,554,9,9,4,50,9,False
386,586,368,404,572,622,4,8,554,7,35,4,50,8,False
386,660,368,404,647,697,5,8,554,11,113,5,296,11,True
388,118,370,406,105,155,5,8,554,8,510,5,319,8,False
388,142,370,406,128,178,4,8,554,10,510,4,319,10,True
388,241,370,406,227,277,4,8,554,8,379,4,319,8,False
388,670,370,406,657,707,5,8,554,7,317,5,319,8,False
389,243,371,407,229,279,4,8,554,8,379,4,83,8,False
389,663,371,407,649,699,4,8,554,9,115,4,83,9,False
390,175,372,408,161,211,4,8,262,7,611,4,132,8,False
390,580,372,408,566,616,4,8,262,7,476,4,132,8,False
391,59,373,409,46,96,5,8,262,7,279,5,133,8,False
391,573,373,409,559,609,4,8,262,7,476,4,62,8,False
392,155,374,410,141,191,4,8,262,6,220,4,134,8,False
392,165,374,410,151,201,4,8,262,7,611,4,134,8,False
394,606,376,412,595,645,7,8,262,7,311,5,306,8,False
396,43,378,414,29,79,4,8,262,8,283,4,306,8,False
396,91,378,414,77,127,4,8,262,11,665,4,306,11,True
396,205,378,414,191,241,4,8,262,7,557,4,306,8,False
397,288,379,415,274,324,4,8,262,11,470,4,259,11,True
398,152,380,416,138,188,4,7,263,6,327,4,53,7,False
398,233,380,416,219,269,4,7,263,7,189,4,53,7,False
398,263,380,416,249,299,4,7,263,8,467,4,53,8,False
398,485,380,416,471,521,4,7,263,10,147,4,53,10,True
398,509,380,416,495,545,4,7,263,11,313,4,53,11,True
398,515,380,416,501,551,4,7,263,9,315,4,53,9,False
398,566,380,416,552,602,4,7,263,7,476,4,53,7,False
399,647,381,417,633,683,4,6,147,11,113,4,273,11,True
400,187,382,418,173,223,4,6,577,8,43,4,198,8,False
400,292,382,418,278,328,4,6,577,11,470,4,198,11,True
402,68,384,420,56,106,6,6,685,7,524,5,200,7,False
402,102,384,420,89,139,5,6,685,11,665,5,200,11,True
402,108,384,420,95,145,5,6,685,11,665,5,200,11,True
402,114,384,420,101,151,5,6,685,7,278,5,200,7,False
402,129,384,420,116,166,5,6,685,10,510,5,200,10,True
402,163,384,420,149,199,4,6,685,7,611,4,123,7,False
402,279,384,420,266,316,5,6,685,7,53,5,200,7,False
402,487,384,420,473,523,4,6,685,10,147,4,123,10,True
402,666,384,420,653,703,5,6,685,7,317,5,200,7,False
403,15,385,421,1,51,4,6,685,8,363,4,201,8,False
403,17,385,421,4,54,5,6,685,8,363,5,346,8,False
403,503,385,421,489,539,4,6,685,11,313,4,201,11,True
403,540,385,421,526,576,4,6,685,8,371,4,201,8,False
403,630,385,421,616,666,4,6,685,5,256,4,201,6,False
404,41,386,422,27,77,4,6,685,8,283,4,74,8,False
404,293,386,422,279,329,4,6,685,11,470,4,74,11,True
408,596,390,426,582,632,4,7,272,7,35,4,315,7,False
409,76,391,427,62,112,4,7,272,11,107,4,82,11,True
409,571,391,427,557,607,4,7,272,7,476,4,82,7,False
410,116,392,428,104,154,6,7,272,7,101,5,83,7,False
410,243,392,428,229,279,4,7,272,8,379,4,83,8,False
410,663,392,428,649,699,4,7,272,9,115,4,83,9,False
410,668,392,428,656,706,6,7,272,7,317,5,83,7,False
411,29,393,429,15,65,4,7,272,8,363,4,29,8,False
411,84,393,429,70,120,4,7,272,9,10,4,29,9,False
411,168,393,429,154,204,4,7,272,7,611,4,29,7,False
411,224,393,429,210,260,4,7,272,7,378,4,29,7,False
411,525,393,429,511,561,4,7,272,7,429,4,29,7,False
411,560,393,429,546,596,4,7,272,7,476,4,29,7,False
412,71,394,430,57,107,4,7,272,7,524,4,121,7,False
412,104,394,430,90,140,4,7,272,11,665,4,121,11,True
412,110,394,430,96,146,4,7,272,10,666,4,121,10,True
412,131,394,430,117,167,4,7,272,10,510,4,121,10,True
412,281,394,430,267,317,4,7,272,6,54,4,121,7,False
415,82,397,433,68,118,4,7,272,11,109,4,76,11,True
415,213,397,433,200,250,5,7,272,7,557,4,76,7,False
415,520,397,433,506,556,4,7,272,7,83,4,76,7,False
416,126,398,434,112,162,4,7,272,10,510,3,77,10,True
416,228,398,434,214,264,4,7,272,7,189,3,77,7,False
416,531,398,434,517,567,4,7,272,8,371,3,77,8,False
416,654,398,434,640,690,4,7,272,11,113,3,77,11,True
421,61,403,439,47,97,4,7,451,7,279,4,61,7,False
421,574,403,439,560,610,4,7,451,7,476,4,61,7,False
422,174,404,440,160,210,4,6,452,7,611,4,353,7,False
422,579,404,440,565,615,4,6,452,7,476,4,353,7,False
425,53,407,443,39,89,4,6,315,7,279,4,152,7,False
425,179,407,443,165,215,4,6,315,8,43,4,152,8,False
425,272,407,443,258,308,4,6,315,8,664,4,152,8,False
425,284,407,443,270,320,4,6,315,9,470,4,152,9,False
425,308,407,443,294,344,4,6,315,11,517,4,152,11,True
428,53,410,446,39,89,4,6,168,7,279,4,152,7,False
428,179,410,446,165,215,4,6,168,8,43,4,152,8,False
428,272,410,446,258,308,4,6,168,8,664,4,152,8,False
428,284,410,446,270,320,4,6,168,9,470,4,152,9,False
428,308,410,446,294,344,4,6,168,11,517,4,152,11,True
431,542,413,449,528,578,4,5,239,8,371,4,140,8,False
432,325,414,450,311,361,4,6,564,7,449,4,159,7,False
433,26,415,451,13,63,5,6,564,8,363,4,31,8,False
433,65,415,451,52,102,5,6,564,7,524,4,31,7,False
434,47,416,452,33,83,4,6,564,8,283,4,26,8,False
434,209,416,452,195,245,4,6,564,7,557,4,26,7,False
435,31,417,453,17,67,4,6,564,8,363,4,0,8,False
435,640,417,453,626,676,4,6,564,11,113,4,0,11,True
436,136,418,454,122,172,4,7,546,10,510,4,186,10,True
436,622,418,454,608,658,4,7,546,7,311,4,186,7,False
437,121,419,455,107,157,4,7,546,10,510,4,11,10,True
437,169,419,455,155,205,4,7,546,7,611,4,11,7,False
437,176,419,455,162,212,4,7,546,7,611,4,11,7,False
437,568,419,455,555,605,5,7,546,7,476,5,71,7,False
437,581,419,455,567,617,4,7,546,7,553,4,11,7,False
439,576,421,457,562,612,4,7,546,7,476,4,149,7,False
440,136,422,458,123,173,5,7,546,10,510,5,185,10,True
441,619,423,459,608,658,7,7,546,7,311,6,291,7,False
442,198,424,460,184,234,4,7,546,8,43,4,187,8,False
442,250,424,460,236,286,4,7,546,8,379,4,187,8,False
442,274,424,460,260,310,4,7,546,8,52,4,187,8,False
443,74,425,461,60,110,4,7,546,9,107,4,17,9,False
443,218,425,461,204,254,4,7,546,7,378,4,17,7,False
444,201,426,462,187,237,4,7,546,8,43,4,15,8,False
445,183,427,463,169,219,4,7,546,8,43,4,223,8,False
445,223,427,463,211,261,6,7,546,7,378,6,223,7,False
445,588,427,463,574,624,4,7,546,7,35,4,223,7,False
446,29,428,464,15,65,4,7,546,8,363,4,29,8,False
446,84,428,464,70,120,4,7,546,9,10,4,29,9,False
446,117,428,464,103,153,4,7,546,7,101,4,29,7,False
446,168,428,464,154,204,4,7,546,7,611,4,29,7,False
446,559,428,464,546,596,5,7,546,7,476,5,224,7,False
446,669,428,464,655,705,4,7,546,7,317,4,29,7,False
448,15,430,466,1,51,4,6,547,8,363,4,201,8,False
448,15,430,466,4,54,7,6,547,8,363,6,344,8,False
448,68,430,466,55,105,5,6,547,7,524,5,346,7,False
448,102,430,466,88,138,4,6,547,11,665,4,201,11,True
448,108,430,466,94,144,4,6,547,11,665,4,201,11,True
448,114,430,466,100,150,4,6,547,7,278,4,201,7,False
448,129,430,466,115,165,4,6,547,10,510,4,201,10,True
448,279,430,466,265,315,4,6,547,8,52,4,201,8,False
448,312,430,466,298,348,4,6,547,8,520,4,201,8,False
448,540,430,466,526,576,4,6,547,8,371,4,201,8,False
448,630,430,466,616,666,4,6,547,5,256,4,201,6,False
448,666,430,466,652,702,4,6,547,7,317,4,201,7,False
449,40,431,467,27,77,5,6,185,8,283,5,344,8,False
449,293,431,467,279,329,4,6,185,11,470,4,74,11,True
450,17,432,468,5,55,6,6,185,8,363,6,345,8,False
450,312,432,468,299,349,5,6,185,7,521,5,345,7,False
450,340,432,468,326,376,4,6,185,9,313,4,193,9,False
450,630,432,468,617,667,5,6,185,5,371,5,345,6,False
451,68,433,469,55,105,5,6,185,7,524,5,346,7,False
451,102,433,469,88,138,4,6,185,11,665,4,201,11,True
451,108,433,469,94,144,4,6,185,11,665,4,201,11,True
451,114,433,469,100,150,4,6,185,7,278,4,201,7,False
451,129,433,469,115,165,4,6,185,10,510,4,201,10,True
451,279,433,469,265,315,4,6,185,8,52,4,201,8,False
451,540,433,469,526,576,4,6,185,8,371,4,201,8,False
451,666,433,469,652,702,4,6,185,7,317,4,201,7,False
452,41,434,470,27,77,4,6,185,8,283,4,74,8,False
452,293,434,470,279,329,4,6,185,11,470,4,74,11,True
456,73,438,474,59,109,4,7,344,8,107,4,5,8,False
456,217,438,474,203,253,4,7,344,7,557,4,5,7,False
457,51,439,475,37,87,4,7,344,7,374,4,295,7,False
458,119,440,476,105,155,4,7,344,8,510,4,319,8,False
458,142,440,476,128,178,4,7,344,10,510,4,319,10,True
458,241,440,476,227,277,4,7,344,8,379,4,319,8,False
458,671,440,476,657,707,4,7,344,7,317,4,319,7,False
459,75,441,477,61,111,4,7,344,10,107,3,83,10,True
460,190,442,478,178,228,6,7,344,8,43,4,20,8,False
460,247,442,478,235,285,6,7,344,8,379,4,20,8,False
461,32,443,479,18,68,4,7,344,8,363,4,302,8,False
461,35,443,479,21,71,4,7,344,8,363,4,302,8,False
461,601,443,479,588,638,5,7,344,7,188,4,302,7,False
461,613,443,479,600,650,5,7,344,7,311,4,302,7,False
461,641,443,479,627,677,4,7,344,11,113,4,302,11,True
462,25,444,480,11,61,4,7,344,8,363,4,210,8,False
462,64,444,480,50,100,4,7,344,7,279,4,210,7,False
463,555,445,481,541,591,4,7,344,7,476,4,211,7,False
463,591,445,481,577,627,4,7,344,7,35,4,211,7,False
463,636,445,481,622,672,4,7,344,8,277,4,211,8,False
464,212,446,482,198,248,4,7,344,7,557,4,212,7,False
464,653,446,482,639,689,4,7,344,11,113,4,212,11,True
466,164,448,484,150,200,4,7,344,7,611,4,135,7,False
471,201,453,489,187,237,4,6,210,8,43,4,15,8,False
471,345,453,489,332,382,5,6,210,9,313,5,15,9,False
471,619,453,489,605,655,4,6,210,7,311,4,15,7,False
472,193,454,490,179,229,4,6,210,8,43,4,16,8,False
472,269,454,490,256,306,5,6,210,8,467,5,313,8,False
473,197,455,491,183,233,4,6,210,8,43,4,188,8,False
474,596,456,492,582,632,4,7,275,7,35,4,315,7,False
475,76,457,493,62,112,4,8,275,11,107,4,82,11,True
475,331,457,493,317,367,4,8,275,9,313,4,82,9,False
475,571,457,493,557,607,4,8,275,7,476,4,82,8,False
476,118,458,494,104,154,4,8,275,7,101,4,83,8,False
476,242,458,494,229,279,5,8,275,8,379,5,317,8,False
476,661,458,494,649,699,6,8,275,9,115,6,584,9,False
476,670,458,494,656,706,4,8,275,7,317,4,83,8,False
477,120,459,495,106,156,4,8,275,9,510,4,12,9,False
477,143,459,495,129,179,4,8,275,10,510,4,12,10,True
477,182,459,495,168,218,4,8,275,8,43,4,12,8,False
477,585,459,495,573,623,6,8,275,7,35,6,585,8,False
477,672,459,495,658,708,4,8,275,7,317,4,12,8,False
478,50,460,496,36,86,4,8,275,7,374,4,50,8,False
478,296,460,496,282,332,4,8,275,11,470,4,50,11,True
479,103,461,497,91,141,6,9,311,11,665,5,120,11,True
479,109,461,497,97,147,6,9,311,9,667,5,120,9,False
479,318,461,497,304,354,4,9,311,7,155,4,120,9,False
479,321,461,497,307,357,4,9,311,7,155,4,120,9,False
479,360,461,497,346,396,4,9,311,8,554,4,120,9,False
480,70,462,498,57,107,5,10,311,7,524,5,176,10,True
480,115,462,498,102,152,5,10,311,7,101,5,176,10,True
480,130,462,498,117,167,5,10,311,10,510,5,176,10,True
480,280,462,498,267,317,5,10,311,6,54,5,176,10,True
480,667,462,498,654,704,5,10,311,7,317,5,176,10,True
481,163,463,499,149,199,4,11,311,7,611,4,123,11,True
482,339,464,500,325,375,4,11,311,9,313,4,173,11,True
482,354,464,500,340,390,4,11,311,8,42,4,173,11,True
483,203,465,501,189,239,4,11,311,7,557,4,150,11,True
484,45,466,502,31,81,4,11,311,8,283,4,79,11,True
484,53,466,502,40,90,5,11,311,7,279,5,151,11,True
484,207,466,502,193,243,4,11,311,7,557,4,79,11,True
484,284,466,502,271,321,5,11,311,10,470,5,151,11,True
484,366,466,502,352,402,4,11,311,8,554,4,79,11,True
485,176,467,503,165,215,7,11,311,8,43,6,9,11,True
485,271,467,503,258,308,5,11,311,8,664,5,152,11,True
485,308,467,503,294,344,4,11,311,11,517,4,152,11,True
487,123,469,505,109,159,4,11,311,10,510,4,10,11,True
487,172,469,505,158,208,4,11,311,7,611,4,10,11,True
487,200,469,505,186,236,4,11,311,8,43,4,10,11,True
487,349,469,505,335,385,4,11,311,9,313,4,10,11,True
488,120,470,506,107,157,5,11,311,10,510,5,11,11,True
488,169,470,506,155,205,4,11,311,7,611,4,11,11,True
488,581,470,506,567,617,4,11,311,7,553,4,11,11,True
489,143,471,507,129,179,4,10,312,10,510,4,12,10,True
489,181,471,507,168,218,5,10,312,8,43,5,12,10,True
489,242,471,507,228,278,4,10,312,8,379,4,12,10,True
489,587,471,507,573,623,4,10,312,7,35,4,12,10,True
489,662,471,507,648,698,4,10,312,10,114,4,12,10,True
489,672,471,507,658,708,4,10,312,7,317,4,12,10,True
493,369,475,511,355,405,4,7,584,8,262,4,97,8,False
494,98,476,512,84,134,4,8,9,11,665,4,98,11,True
495,301,477,513,287,337,4,9,9,11,470,4,33,11,True
496,260,478,514,247,297,5,9,9,8,467,5,37,9,False
498,52,480,516,38,88,4,9,9,7,374,4,147,9,False
498,283,480,516,269,319,4,9,9,8,470,4,147,9,False
500,174,482,518,160,210,4,9,9,7,611,4,353,9,False
500,351,482,518,337,387,4,9,9,9,313,4,353,9,False
500,384,482,518,370,420,4,9,9,7,272,4,353,9,False
503,201,485,521,187,237,4,9,9,8,43,4,15,9,False
503,346,485,521,332,382,4,9,9,9,313,4,15,9,False
503,619,485,521,605,655,4,9,9,7,311,4,15,9,False
504,183,486,522,169,219,4,9,9,8,43,4,223,9,False
504,225,486,522,211,261,4,9,9,7,378,4,223,9,False
504,588,486,522,574,624,4,9,9,7,35,4,223,9,False
507,203,489,525,189,239,4,7,95,7,557,4,150,7,False
508,45,490,526,31,81,4,7,95,8,283,4,79,8,False
508,52,490,526,40,90,6,7,95,7,279,6,232,7,False
508,207,490,526,193,243,4,7,95,7,557,4,79,7,False
508,283,490,526,271,321,6,7,95,10,470,6,232,10,True
508,366,490,526,352,402,4,7,95,8,554,4,79,8,False
509,179,491,527,165,215,4,7,95,8,43,4,152,8,False
509,272,491,527,258,308,4,7,95,8,664,4,152,8,False
509,308,491,527,294,344,4,7,95,11,517,4,152,11,True
509,398,491,527,384,434,4,7,95,7,451,4,152,7,False
511,148,493,529,134,184,4,6,36,7,375,4,148,7,False
511,265,493,529,251,301,4,6,36,8,467,4,148,8,False
511,382,493,529,368,418,4,6,36,7,272,4,148,7,False
513,203,495,531,189,239,4,7,149,7,557,4,150,7,False
514,45,496,532,31,81,4,7,149,8,283,4,79,8,False
514,53,496,532,40,90,5,7,149,7,279,5,151,7,False
514,207,496,532,193,243,4,7,149,7,557,4,79,7,False
514,284,496,532,271,321,5,7,149,10,470,5,151,10,True
514,366,496,532,352,402,4,7,149,8,554,4,79,8,False
515,178,497,533,165,215,5,7,149,8,43,5,152,8,False
515,269,497,533,258,308,7,7,149,8,664,5,152,8,False
515,308,497,533,294,344,4,7,149,11,517,4,152,11,True
515,398,497,533,384,434,4,7,149,7,451,4,152,7,False
517,193,499,535,179,229,4,8,262,8,43,4,16,8,False
517,345,499,535,331,381,4,8,262,9,313,4,16,9,False
518,197,500,536,183,233,4,8,262,8,43,4,188,8,False
520,76,502,538,62,112,4,10,147,11,107,4,82,11,True
520,331,502,538,317,367,4,10,147,9,313,4,82,10,True
520,415,502,538,401,451,4,10,147,7,546,4,82,10,True
521,118,503,539,104,154,4,10,147,7,101,4,83,10,True
521,241,503,539,229,279,6,10,147,8,379,6,317,10,True
521,662,503,539,649,699,5,10,147,9,115,5,317,10,True
521,670,503,539,656,706,4,10,147,7,317,4,83,10,True
522,117,504,540,106,156,7,10,147,9,510,6,318,10,True
522,142,504,540,129,179,5,10,147,10,510,5,318,10,True
522,182,504,540,168,218,4,10,147,8,43,4,12,10,True
522,669,504,540,658,708,7,10,147,7,317,6,318,10,True
524,243,506,542,229,279,4,10,147,8,379,4,83,10,True
524,663,506,542,649,699,4,10,147,9,115,4,83,10,True
525,28,507,543,15,65,5,10,147,8,363,5,29,10,True
525,84,507,543,70,120,4,10,147,9,10,4,29,10,True
525,166,507,543,154,204,6,10,147,7,611,6,84,10,True
525,224,507,543,210,260,4,10,147,7,378,4,29,10,True
525,411,507,543,397,447,4,10,147,7,546,4,29,10,True
527,289,509,545,276,326,5,10,147,11,470,5,674,11,True
527,324,509,545,310,360,4,10,147,7,449,4,86,10,True
527,645,509,545,631,681,4,10,147,11,113,4,86,11,True
531,416,513,549,402,452,4,11,313,7,546,4,126,11,True
532,643,514,550,629,679,4,11,313,11,113,4,88,11,True
535,298,517,553,284,334,4,11,313,11,470,4,659,11,True
535,322,517,553,308,358,4,11,313,7,155,4,659,11,True
536,295,518,554,281,331,4,10,314,11,470,4,51,11,True
538,201,520,556,189,239,6,8,316,7,557,4,150,8,False
540,346,522,558,332,382,4,7,83,9,313,4,15,9,False
540,403,522,558,389,439,4,7,83,7,546,4,15,7,False
542,140,524,560,126,176,4,7,83,10,510,3,2,10,True
542,157,524,560,144,194,5,7,83,6,411,4,597,7,False
542,328,524,560,315,365,5,7,83,9,313,4,597,9,False
542,334,524,560,321,371,5,7,83,9,313,4,597,9,False
542,431,524,560,417,467,4,7,83,7,344,3,2,7,False
544,260,526,562,247,297,5,6,673,8,467,5,37,8,False
549,324,531,567,311,361,5,5,126,7,449,4,159,7,False
550,165,532,568,152,202,5,5,407,7,611,5,679,7,False
550,290,532,568,276,326,4,5,407,11,470,4,86,11,True
550,645,532,568,631,681,4,5,407,11,113,4,86,11,True
551,58,533,569,45,95,5,5,407,7,279,5,617,7,False
551,154,533,569,141,191,5,5,407,6,220,5,617,6,False
551,326,533,569,312,362,4,5,407,7,449,4,134,7,False
551,376,533,569,363,413,5,5,407,7,272,5,617,7,False
555,211,537,573,197,247,4,7,429,7,557,4,372,7,False
557,260,539,575,246,296,4,7,429,8,467,4,8,8,False
558,178,540,576,164,214,4,7,429,8,43,4,9,8,False
558,271,540,576,257,307,4,7,429,8,467,4,9,8,False
559,183,541,577,169,219,4,7,429,8,43,4,223,8,False
559,224,541,577,211,261,5,7,429,7,378,5,223,7,False
559,446,541,577,433,483,5,7,429,11,311,5,223,11,True
560,28,542,578,15,65,5,7,429,8,363,5,29,8,False
560,84,542,578,70,120,4,7,429,9,10,4,29,9,False
560,117,542,578,103,153,4,7,429,7,101,4,29,7,False
560,167,542,578,154,204,5,7,429,7,611,5,29,7,False
560,411,542,578,397,447,4,7,429,7,546,4,29,7,False
560,669,542,578,655,705,4,7,429,7,317,4,29,7,False
563,260,545,581,246,296,4,8,371,8,467,4,8,8,False
566,52,548,584,39,89,5,8,371,7,279,5,233,8,False
566,179,548,584,165,215,4,8,371,8,43,4,152,8,False
566,272,548,584,258,308,4,8,371,8,664,4,152,8,False
566,281,548,584,270,320,7,8,371,9,470,5,233,9,False
566,308,548,584,294,344,4,8,371,11,517,4,152,11,True
566,398,548,584,384,434,4,8,371,7,451,4,152,8,False
568,71,550,586,58,108,5,8,371,7,524,4,121,8,False
568,216,550,586,202,252,4,8,371,7,557,3,6,8,False
568,437,550,586,424,474,5,8,371,7,344,4,121,8,False
569,104,551,587,90,140,4,8,371,11,665,4,121,11,True
569,110,551,587,96,146,4,8,371,10,666,4,121,10,True
569,116,551,587,102,152,4,8,371,7,101,4,121,8,False
569,131,551,587,117,167,4,8,371,10,510,4,121,10,True
569,668,551,587,654,704,4,8,371,7,317,4,121,8,False
571,82,553,589,68,118,4,8,371,11,109,4,76,11,True
571,214,553,589,200,250,4,8,371,7,557,4,76,8,False
571,316,553,589,302,352,4,8,371,7,155,4,76,8,False
571,358,553,589,344,394,4,8,371,8,42,4,76,8,False
571,409,553,589,395,445,4,8,371,7,546,4,76,8,False
572,87,554,590,73,123,4,8,371,10,665,4,77,10,True
573,61,555,591,48,98,5,7,372,7,279,5,60,7,False
573,133,555,591,119,169,4,7,372,10,510,4,60,10,True
573,236,555,591,222,272,4,7,372,8,379,4,60,8,False
573,391,555,591,377,427,4,7,372,7,272,4,60,7,False
574,351,556,592,338,388,5,7,221,8,314,5,352,8,False
574,421,556,592,407,457,4,7,221,7,546,4,61,7,False
575,174,557,593,160,210,4,7,221,7,611,4,353,7,False
575,382,557,593,370,420,6,7,221,7,272,4,353,7,False
576,148,558,594,135,185,5,6,222,7,375,4,148,7,False
576,265,558,594,252,302,5,6,222,8,467,4,148,8,False
576,439,558,594,425,475,4,6,222,8,275,3,138,8,False
579,353,561,597,339,389,4,6,144,8,42,4,174,8,False
579,422,561,597,408,458,4,6,144,7,546,4,174,7,False
580,131,562,598,118,168,5,6,426,10,510,5,175,10,True
580,390,562,598,376,426,4,6,426,7,272,4,175,7,False
581,71,563,599,57,107,4,6,426,7,524,4,121,7,False
581,104,563,599,90,140,4,6,426,11,665,4,121,11,True
581,110,563,599,96,146,4,6,426,10,666,4,121,10,True
581,116,563,599,102,152,4,6,426,7,101,4,121,7,False
581,281,563,599,267,317,4,6,426,6,54,4,121,6,False
581,437,563,599,423,473,4,6,426,7,344,4,121,7,False
581,668,563,599,654,704,4,6,426,7,317,4,121,7,False
584,118,566,602,104,154,4,6,382,7,101,4,83,7,False
584,242,566,602,229,279,5,6,382,8,379,5,317,8,False
584,670,566,602,656,706,4,6,382,7,317,4,83,7,False
585,120,567,603,106,156,4,6,382,9,510,4,12,9,False
585,143,567,603,129,179,4,6,382,10,510,4,12,10,True
585,182,567,603,168,218,4,6,382,8,43,4,12,8,False
585,477,567,603,465,515,6,6,382,9,9,6,477,9,False
585,672,567,603,658,708,4,6,382,7,317,4,12,7,False
586,50,568,604,36,86,4,6,382,7,374,4,50,7,False
586,296,568,604,282,332,4,6,382,11,470,4,50,11,True
586,386,568,604,372,422,4,6,382,7,272,4,50,7,False
587,105,569,605,91,141,4,6,382,11,665,4,120,11,True
587,111,569,605,97,147,4,6,382,9,667,4,120,9,False
587,318,569,605,304,354,4,6,382,7,155,4,120,7,False
587,321,569,605,307,357,4,6,382,7,155,4,120,7,False
587,360,569,605,346,396,4,6,382,8,554,4,120,8,False
588,223,570,606,209,259,4,6,382,7,378,4,183,7,False
588,445,570,606,431,481,4,6,382,11,311,4,183,11,True
591,211,573,609,197,247,4,7,476,7,557,4,372,7,False
591,463,573,609,449,499,4,7,476,11,311,4,372,11,True
595,229,577,613,215,265,4,7,476,7,189,4,229,7,False
596,315,578,614,301,351,4,7,476,7,155,3,77,7,False
596,357,578,614,343,393,4,7,476,8,42,3,77,8,False
596,408,578,614,394,444,4,7,476,7,546,3,77,7,False
596,474,578,614,460,510,4,7,476,9,9,3,77,9,False
597,157,579,615,143,193,4,7,476,6,8,4,543,7,False
597,328,579,615,314,364,4,7,476,9,313,4,543,9,False
597,334,579,615,320,370,4,7,476,9,313,4,543,9,False
598,261,580,616,247,297,4,7,476,8,467,4,37,8,False
601,210,583,619,196,246,4,7,476,7,557,4,25,7,False
601,461,583,619,448,498,5,7,476,11,311,5,190,11,True
602,301,584,620,288,338,5,7,476,11,470,5,32,11,True
604,259,586,622,247,297,6,7,553,8,467,6,286,8,False
606,306,588,624,293,343,5,7,553,11,470,4,288,11,True
606,394,588,624,383,433,7,7,553,7,451,4,288,7,False
609,145,591,627,131,181,4,7,35,8,512,3,261,8,False
609,160,591,627,146,196,4,7,35,7,611,3,261,7,False
609,219,591,627,206,256,5,7,35,7,378,4,67,7,False
611,196,593,629,183,233,5,7,35,8,43,5,188,8,False
611,268,593,629,255,305,5,7,35,8,467,5,188,8,False
613,210,595,631,196,246,4,7,35,7,557,4,25,7,False
613,461,595,631,448,498,5,7,35,11,311,5,190,11,True
614,300,596,632,288,338,6,7,35,11,470,5,32,11,True
616,78,598,634,64,114,4,7,35,13,107,3,34,13,True
616,154,598,634,142,192,6,7,35,6,220,5,551,7,False
616,231,598,634,217,267,4,7,35,7,189,3,34,7,False
616,326,598,634,313,363,5,7,35,8,472,4,134,8,False
616,333,598,634,319,369,4,7,35,9,313,3,34,9,False
616,376,598,634,364,414,6,7,35,7,272,5,551,7,False
617,58,599,635,45,95,5,7,35,7,279,5,551,7,False
617,165,599,635,151,201,4,7,35,7,611,4,134,7,False
619,15,601,637,1,51,4,7,35,8,363,4,201,8,False
619,17,601,637,4,54,5,7,35,8,363,5,346,8,False
619,68,601,637,55,105,5,7,35,7,524,5,346,7,False
619,102,601,637,88,138,4,7,35,11,665,4,201,11,True
619,108,601,637,94,144,4,7,35,11,665,4,201,11,True
619,114,601,637,100,150,4,7,35,7,278,4,201,7,False
619,129,601,637,115,165,4,7,35,10,510,4,201,10,True
619,279,601,637,265,315,4,7,35,8,52,4,201,8,False
619,312,601,637,298,348,4,7,35,8,520,4,201,8,False
619,441,601,637,430,480,7,7,35,10,311,6,346,10,True
619,471,601,637,457,507,4,7,35,9,9,4,201,9,False
619,503,601,637,489,539,4,7,35,11,313,4,201,11,True
620,41,602,638,27,77,4,7,35,8,283,4,74,8,False
620,290,602,638,279,329,7,7,35,11,470,5,347,11,True
621,186,603,639,173,223,5,7,188,8,43,4,198,8,False
622,436,604,640,422,472,4,7,188,7,344,4,136,7,False
623,166,605,641,152,202,4,7,188,7,611,4,86,7,False
623,324,605,641,310,360,4,7,188,7,449,4,86,7,False
630,201,612,648,187,237,4,6,189,8,43,4,15,8,False
630,345,612,648,332,382,5,6,189,9,313,5,15,9,False
630,403,612,648,389,439,4,6,189,7,546,4,15,7,False
630,448,612,648,434,484,4,6,189,11,311,4,15,11,True
630,450,612,648,437,487,5,6,189,11,311,5,15,11,True
631,193,613,649,179,229,4,6,601,8,43,4,16,8,False
631,269,613,649,256,306,5,6,601,8,467,5,313,8,False
632,197,614,650,183,233,4,6,346,8,43,4,188,8,False
636,211,618,654,197,247,4,7,311,7,557,4,372,7,False
636,463,618,654,449,499,4,7,311,11,311,4,372,11,True
638,59,620,656,45,95,4,7,311,7,279,4,134,7,False
638,155,620,656,141,191,4,7,311,6,220,4,134,7,False
638,165,620,656,151,201,4,7,311,7,611,4,134,7,False
638,325,620,656,312,362,5,7,311,7,449,5,392,7,False
638,377,620,656,363,413,4,7,311,7,272,4,134,7,False
640,27,622,658,13,63,4,7,311,8,363,4,31,8,False
640,66,622,658,52,102,4,7,311,7,524,4,31,7,False
640,435,622,658,421,471,4,7,311,7,344,4,31,7,False
641,302,623,659,288,338,4,7,311,11,470,4,32,11,True
641,461,623,659,447,497,4,7,311,11,311,4,32,11,True
643,86,625,661,74,124,6,7,311,11,665,5,323,11,True
643,127,625,661,113,163,4,7,311,10,510,3,94,10,True
643,532,625,661,518,568,4,7,311,8,371,3,94,8,False
645,527,627,663,513,563,4,7,311,8,371,4,166,8,False
646,219,628,664,205,255,4,7,311,7,378,4,67,7,False
647,273,629,665,259,309,4,7,311,8,664,3,17,8,False
647,399,629,665,385,435,4,7,311,7,451,3,17,7,False
648,44,630,666,30,80,4,6,312,8,283,4,80,8,False
648,92,630,666,78,128,4,6,312,11,665,4,80,11,True
648,206,630,666,192,242,4,6,312,7,557,4,80,7,False
648,365,630,666,351,401,4,6,312,8,554,4,80,8,False
650,195,632,668,181,231,4,6,255,8,43,3,25,8,False
650,267,632,668,253,303,4,6,255,8,467,3,25,8,False
652,258,634,670,244,294,4,5,256,8,379,4,706,8,False
653,212,635,671,198,248,4,5,371,7,557,4,212,7,False
653,464,635,671,450,500,4,5,371,11,311,4,212,11,True
654,416,636,672,402,452,4,5,392,7,546,4,126,7,False
656,92,638,674,79,129,5,5,392,11,665,4,80,11,True
656,180,638,674,166,216,4,5,392,8,43,3,14,8,False
656,309,638,674,295,345,4,5,392,11,517,3,14,11,True
657,44,639,675,30,80,4,5,432,8,283,4,80,8,False
657,206,639,675,192,242,4,5,432,7,557,4,80,7,False
657,365,639,675,351,401,4,5,432,8,554,4,80,8,False
659,296,641,677,284,334,6,5,323,11,470,4,535,11,True
659,322,641,677,308,358,4,5,323,7,155,4,535,7,False
660,386,642,678,373,423,5,5,323,7,272,4,297,7,False
661,50,643,679,36,86,4,5,323,7,374,4,50,7,False
661,476,643,679,464,514,6,5,323,9,9,5,478,9,False
662,105,644,680,91,141,4,5,323,11,665,4,120,11,True
662,111,644,680,97,147,4,5,323,9,667,4,120,9,False
662,317,644,680,304,354,5,5,323,7,155,5,242,7,False
662,320,644,680,307,357,5,5,323,7,155,5,242,7,False
662,359,644,680,346,396,5,5,323,8,554,5,242,8,False
662,489,644,680,475,525,4,5,323,10,147,4,120,10,True
662,521,644,680,508,558,5,5,323,7,429,5,242,7,False
663,83,645,681,69,119,4,5,212,10,110,4,118,10,True
663,215,645,681,201,251,4,5,212,7,557,4,118,7,False
663,389,645,681,375,425,4,5,212,7,272,4,118,7,False
663,410,645,681,396,446,4,5,212,7,546,4,118,7,False
663,524,645,681,510,560,4,5,212,7,429,4,118,7,False
666,200,648,684,187,237,5,5,212,8,43,5,69,8,False
666,346,648,684,332,382,4,5,212,9,313,4,15,9,False
666,402,648,684,389,439,5,5,212,7,546,5,69,7,False
666,448,648,684,434,484,4,5,212,11,311,4,15,11,True
666,451,648,684,437,487,4,5,212,11,311,4,15,11,True
667,123,649,685,109,159,4,5,212,10,510,4,10,10,True
667,172,649,685,158,208,4,5,212,7,611,4,10,7,False
667,176,649,685,163,213,5,5,212,8,43,5,10,8,False
667,349,649,685,335,385,4,5,212,9,313,4,10,9,False
667,480,649,685,467,517,5,5,212,9,9,5,10,9,False
668,121,650,686,107,157,4,6,242,10,510,4,11,10,True
668,168,650,686,155,205,5,6,242,7,611,5,116,7,False
668,410,650,686,398,448,6,6,242,7,546,6,116,7,False
669,29,651,687,15,65,4,6,242,8,363,4,29,8,False
669,83,651,687,70,120,5,6,242,9,10,5,117,9,False
669,117,651,687,103,153,4,6,242,7,101,4,29,7,False
669,224,651,687,210,260,4,6,242,7,378,4,29,7,False
669,446,651,687,432,482,4,6,242,11,311,4,29,11,True
669,522,651,687,511,561,7,6,242,7,429,7,117,7,False
669,560,651,687,546,596,4,6,242,7,476,4,29,7,False
670,215,652,688,201,251,4,6,242,7,557,4,118,7,False
670,317,652,688,303,353,4,6,242,7,155,4,118,7,False
670,318,652,688,306,356,6,6,242,7,155,6,118,7,False
670,359,652,688,345,395,4,6,242,8,42,4,118,8,False
670,388,652,688,375,425,5,6,242,7,272,5,118,7,False
670,476,652,688,462,512,4,6,242,9,9,4,118,9,False
670,521,652,688,507,557,4,6,242,7,429,4,118,7,False
671,458,653,689,444,494,4,7,277,11,311,4,119,11,True
672,105,654,690,91,141,4,8,277,11,665,4,120,11,True
672,111,654,690,97,147,4,8,277,9,667,4,120,9,False
672,321,654,690,307,357,4,8,277,7,155,4,120,8,False
672,360,654,690,346,396,4,8,277,8,554,4,120,8,False
672,477,654,690,463,513,4,8,277,9,9,4,120,9,False
672,489,654,690,475,525,4,8,277,10,147,4,120,10,True
673,28,655,691,14,64,4,8,277,8,363,4,30,8,False
673,166,655,691,153,203,5,8,277,7,611,5,85,8,False
674,289,656,692,276,326,5,9,113,11,470,5,527,11,True
674,324,656,692,310,360,4,9,113,7,449,4,86,9,False
676,41,658,694,28,78,5,11,113,8,283,5,343,11,True
676,90,658,694,76,126,4,11,113,11,665,4,343,11,True
676,363,658,694,349,399,4,11,113,8,554,4,343,11,True
677,17,659,695,3,53,4,11,113,8,363,4,74,11,True
677,67,659,695,54,104,5,11,113,7,524,5,218,11,True
677,293,659,695,279,329,4,11,113,11,470,4,74,11,True
677,443,659,695,429,479,4,11,113,9,311,4,74,11,True
679,165,661,697,152,202,5,11,113,7,611,5,550,11,True
679,290,661,697,276,326,4,11,113,11,470,4,86,11,True
679,324,661,697,310,360,4,11,113,7,449,4,86,11,True
680,59,662,698,45,95,4,11,113,7,279,4,134,11,True
680,155,662,698,141,191,4,11,113,6,220,4,134,11,True
680,326,662,698,312,362,4,11,113,7,449,4,134,11,True
680,377,662,698,363,413,4,11,113,7,272,4,134,11,True
683,118,665,701,104,154,4,11,113,7,101,4,83,11,True
683,241,665,701,229,279,6,11,113,8,379,6,317,11,True
684,118,666,702,106,156,6,10,114,9,510,6,318,10,True
684,142,666,702,129,179,5,10,114,10,510,5,318,10,True
684,182,666,702,168,218,4,10,114,8,43,4,12,10,True
684,479,666,702,465,515,4,10,114,9,9,4,12,10,True
686,243,668,704,229,279,4,8,116,8,379,4,83,8,False
687,175,669,705,161,211,4,7,117,7,611,4,132,7,False
687,580,669,705,566,616,4,7,117,7,476,4,132,7,False
688,47,670,706,34,84,5,6,118,8,283,4,26,8,False
688,420,670,706,406,456,4,6,118,7,546,3,7,7,False
689,26,671,707,12,62,4,6,142,8,363,4,26,8,False
689,65,671,707,51,101,4,6,142,7,279,4,26,7,False
689,209,671,707,195,245,4,6,142,7,557,4,26,7,False
689,433,671,707,420,470,5,6,142,7,344,5,26,7,False
690,31,672,708,17,67,4,7,317,8,363,4,0,8,False
691,219,673,709,205,255,4,7,317,7,378,4,67,7,False
692,197,674,710,183,233,4,7,317,8,43,4,188,8,False
692,269,674,710,255,305,4,7,317,8,467,4,188,8,False
