pair,pair_label,len_x,a_start,a_end,b_start,b_end,a_subs,a_breaks,a_effective,b_subs,b_breaks,b_effective,worst_effective,n_designs,best_combined,best_f2,best_f2_gain,best_engarm
419/157/4,A@419 B->157 x4,4,419,455,107,157,10,9,0.9,18,16,0.8889,0.8889,21,64.7,5.47356334625898,0.5629890000000001,
428/65/4,A@428 B->65 x4,4,428,464,15,65,14,12,0.8571,15,12,0.8,0.8,7,57.9,5.362978850355987,0.5411009999999999,
491/344/4,A@491 B->344 x4,4,491,527,294,344,14,11,0.7857,16,13,0.8125,0.7857,104,71.5,84.1677900997618,0.6480981442105931,0.9985
306/586/5,A@306 B->586 x5,5,306,342,536,586,12,9,0.75,17,14,0.8235,0.75,27,62.8,35.29741196436148,0.517163,
306/710/4,A@306 B->710 x4,4,306,342,660,710,12,9,0.75,20,15,0.75,0.75,40,60.8,9.1266014065442,0.5151670268730887,0.9999
548/344/4,A@548 B->344 x4,4,548,584,294,344,12,9,0.75,16,13,0.8125,0.75,24,60.0,7.282146752416413,0.501108,
413/578/4,A@413 B->578 x4,4,413,449,528,578,8,8,1.0,16,12,0.75,0.75,33,58.7,5.721661040194114,0.52139,
105/523/4,A@105 B->523 x4,4,105,141,473,523,13,12,0.9231,20,15,0.75,0.75,6,44.6,4.036115761779479,0.368126,
548/434/4,A@548 B->434 x4,4,548,584,384,434,12,9,0.75,19,14,0.7368,0.7368,15,68.5,4.398599407879755,0.4775440000000001,
491/434/4,A@491 B->434 x4,4,491,527,384,434,14,11,0.7857,19,14,0.7368,0.7368,66,67.4,85.10419590028428,0.6043281898526808,0.9998
270/433/4,A@270 B->433 x4,4,270,306,383,433,13,10,0.7692,19,14,0.7368,0.7368,27,64.5,3.6935306023027814,0.4823881748627431,0.6652
303/708/4,A@303 B->708 x4,4,303,339,658,708,11,8,0.7273,20,15,0.75,0.7273,44,77.6,9.572074783980447,0.7205231846886024,0.9998
303/515/4,A@303 B->515 x4,4,303,339,465,515,11,8,0.7273,19,15,0.7895,0.7273,82,76.9,9.063648536995355,0.7279089999999999,
386/77/4,A@386 B->77 x4,4,386,422,27,77,14,10,0.7143,14,11,0.7857,0.7143,6,50.7,1.564618149146451,0.09426299999999999,
69/608/4,A@69 B->608 x4,4,69,105,558,608,14,10,0.7143,17,12,0.7059,0.7059,7,48.5,4.483585183639943,0.5343749999999999,
368/514/4,A@368 B->514 x4,4,368,404,464,514,13,9,0.6923,19,15,0.7895,0.6923,9,71.8,5.591579822926747,0.5740989999999999,
645/446/4,A@645 B->446 x4,4,645,681,396,446,16,11,0.6875,15,11,0.7333,0.6875,15,83.8,65.34496402877699,0.68935,
368/697/5,A@368 B->697 x5,5,368,404,647,697,13,9,0.6923,19,13,0.6842,0.6842,15,69.6,4.723421666441817,0.5488712862338609,0.7732
69/266/4,A@69 B->266 x4,4,69,105,216,266,14,10,0.7143,19,13,0.6842,0.6842,16,55.3,5.94775388694065,0.5998122683382109,0.9997
43/610/5,A@43 B->610 x5,5,43,79,560,610,12,8,0.6667,17,12,0.7059,0.6667,16,90.2,7.13605742288569,0.514625,
219/362/4,A@219 B->362 x4,4,219,255,312,362,14,10,0.7143,21,14,0.6667,0.6667,10,84.7,8.895719024148299,0.6623359999999999,
251/554/7,A@251 B->554 x7,7,251,287,504,554,15,10,0.6667,19,13,0.6842,0.6667,25,82.4,9.125606301440738,0.6088165352781447,0.7769
491/215/4,A@491 B->215 x4,4,491,527,165,215,14,11,0.7857,18,12,0.6667,0.6667,76,76.6,79.95436359224458,0.6476498574603055,0.9985
55/330/5,A@55 B->330 x5,5,55,91,280,330,12,8,0.6667,15,11,0.7333,0.6667,56,75.2,6.265462598739966,0.668258,
303/623/4,A@303 B->623 x4,4,303,339,573,623,11,8,0.7273,18,12,0.6667,0.6667,30,69.2,7.5162737850393375,0.655665,
307/675/5,A@307 B->675 x5,5,307,343,625,675,11,9,0.8182,18,12,0.6667,0.6667,43,60.2,11.505824025432398,0.5007976238465143,0.9998
93/623/4,A@93 B->623 x4,4,93,129,573,623,13,11,0.8462,18,12,0.6667,0.6667,16,59.8,12.575621352269783,0.759627,
522/439/4,A@522 B->439 x4,4,522,558,389,439,12,8,0.6667,16,12,0.75,0.6667,19,55.4,3.77301086348037,0.38043800000000005,
68/681/6,A@68 B->681 x6,6,68,104,631,681,13,9,0.6923,20,13,0.65,0.65,14,60.5,4.943302555026608,0.5435740547860911,0.8818
53/605/5,A@53 B->605 x5,5,53,89,555,605,12,8,0.6667,17,11,0.6471,0.6471,53,74.3,9.640904955899222,0.6554040000000001,
306/563/4,A@306 B->563 x4,4,306,342,513,563,12,9,0.75,17,11,0.6471,0.6471,68,62.8,32.01433649010496,0.5163952203930432,0.9808
66/260/4,A@66 B->260 x4,4,66,102,210,260,13,9,0.6923,17,11,0.6471,0.6471,13,61.6,9.358875316270733,0.5302595635747285,0.9962
598/267/4,A@598 B->267 x4,4,598,634,217,267,14,9,0.6429,19,13,0.6842,0.6429,23,72.2,7.05444463756452,0.5048641542268579,0.9019
601/54/5,A@601 B->54 x5,5,601,637,4,54,14,9,0.6429,17,15,0.8824,0.6429,23,71.7,15.031260624064737,0.5342919467172117,0.9942
366/536/4,A@366 B->536 x4,4,366,402,486,536,14,9,0.6429,19,14,0.7368,0.6429,17,70.4,4.101581981506187,0.496100301874066,0.883
602/329/7,A@602 B->329 x7,7,602,638,279,329,14,9,0.6429,15,11,0.7333,0.6429,19,70.0,60.23159038260888,0.6294608170416122,0.9521
602/77/4,A@602 B->77 x4,4,602,638,27,77,14,9,0.6429,14,11,0.7857,0.6429,15,69.4,77.38293768545995,0.629843,
196/607/4,A@196 B->607 x4,4,196,232,557,607,14,9,0.6429,17,12,0.7059,0.6429,6,40.7,4.375945757187755,0.464044,
224/513/5,A@224 B->513 x5,5,224,260,463,513,11,7,0.6364,19,15,0.7895,0.6364,7,70.8,4.127715049444209,0.428253,
517/334/4,A@517 B->334 x4,4,517,553,284,334,11,7,0.6364,15,11,0.7333,0.6364,20,59.6,77.1345668072041,0.5362030013630452,0.9991
454/229/4,A@454 B->229 x4,4,454,490,179,229,12,9,0.75,19,12,0.6316,0.6316,9,42.9,4.694453717392341,0.46481400000000006,
303/218/4,A@303 B->218 x4,4,303,339,168,218,11,8,0.7273,18,11,0.6111,0.6111,69,70.6,10.014133466114906,0.7173687322155917,0.9999
486/261/4,A@486 B->261 x4,4,486,522,211,261,15,12,0.8,18,11,0.6111,0.6111,10,60.2,9.268877229661383,0.5812391006180627,0.8999
427/261/6,A@427 B->261 x6,6,427,463,211,261,14,12,0.8571,18,11,0.6111,0.6111,9,55.5,8.559610996125883,0.569783,
147/674/4,A@147 B->674 x4,4,147,183,624,674,14,11,0.7857,17,10,0.5882,0.5882,19,60.8,9.699771716279738,0.5795106839216976,0.9997
251/668/5,A@251 B->668 x5,5,251,287,618,668,15,10,0.6667,19,11,0.5789,0.5789,16,80.9,8.49848676879399,0.575074680945847,0.7765
423/658/7,A@423 B->658 x7,7,423,459,608,658,14,12,0.8571,19,11,0.5789,0.5789,107,78.0,119.16314091072068,0.659114,
306/659/4,A@306 B->659 x4,4,306,342,609,659,12,9,0.75,19,11,0.5789,0.5789,81,61.2,9.138656056522393,0.5156614666976677,0.9999
507/65/5,A@507 B->65 x5,5,507,543,15,65,14,8,0.5714,15,12,0.8,0.5714,228,92.5,105.53641123274632,0.8179860000000001,
507/260/4,A@507 B->260 x4,4,507,543,210,260,14,8,0.5714,17,11,0.6471,0.5714,101,90.4,383.5673695619898,0.8222388683767108,0.9997
605/360/4,A@605 B->360 x4,4,605,641,310,360,14,8,0.5714,21,14,0.6667,0.5714,7,74.6,6.081229013567553,0.6350480000000001,
612/439/4,A@612 B->439 x4,4,612,648,389,439,14,8,0.5714,16,12,0.75,0.5714,14,67.2,82.02125655859007,0.602231,
625/124/6,A@625 B->124 x6,6,625,661,74,124,11,5,0.4545,19,15,0.7895,0.4545,40,75.3,47.6675969756396,0.7978517728126537,0.9997
