pair_1,pair_2,clash_nt,T0_recoded,T0_pair1,T0_pair2,T1_recoded,T1_pair1,T1_pair2,T2_recoded,T2_pair1,T2_pair2,T3_recoded,T3_pair1,T3_pair2
303/515/4,507/65/5,8,(none),11,11,1B,10,01,1A 2B,01,10,1A 1B 2B,00,00
303/515/4,605/360/4,29,(none),11,11,1A,01,10,1B 2A,10,01,1A 1B 2A,00,00
303/515/4,219/362/4,27,(none),11,11,1A,01,10,1B 2A,10,01,1A 1B 2A,00,00
303/515/4,548/344/4,36,(none),11,11,1A,01,10,1B 2A,10,01,1A 1B 2A,00,00
303/515/4,55/330/5,27,(none),11,11,1A,01,10,1B 2A,10,01,1A 1B 2A,00,00
303/515/4,454/229/4,25,(none),11,11,1B,10,01,1A 2B,01,10,1A 1B 2B,00,00
303/515/4,602/329/7,26,(none),11,11,1A,01,10,1B 2A,10,01,1A 1B 2A,00,00
303/515/4,507/260/4,8,(none),11,11,1B,10,01,1A 2B,01,10,1A 1B 2B,00,00
303/515/4,517/334/4,31,(none),11,11,1A,01,10,1B 2A,10,01,1A 1B 2A,00,00
303/515/4,491/434/4,24,(none),11,11,1B,10,01,1A 2B,01,10,1A 1B 2B,00,00
303/515/4,486/261/4,29,(none),11,11,1B,10,01,1A 2B,01,10,1A 1B 2B,00,00
303/515/4,491/344/4,36,(none),11,11,1A,01,10,1B,10,01,1A 1B,00,00
303/515/4,491/215/4,24,(none),11,11,1B,10,01,1A 2B,01,10,1A 1B 2B,00,00
306/586/5,522/439/4,22,(none),11,11,1B,10,01,1A 2B,01,10,1A 1B 2B,00,00
306/586/5,507/65/5,7,(none),11,11,1B,10,01,1A 2B,01,10,1A 1B 2B,00,00
306/586/5,605/360/4,32,(none),11,11,1A,01,10,1B 2A,10,01,1A 1B 2A,00,00
306/586/5,219/362/4,30,(none),11,11,1A,01,10,1B 2A,10,01,1A 1B 2A,00,00
306/586/5,548/344/4,36,(none),11,11,1A,01,10,1B,10,01,1A 1B,00,00
306/586/5,548/434/4,36,(none),11,11,1B,10,01,1A 2B,01,10,1A 1B 2B,00,00
306/586/5,55/330/5,24,(none),11,11,1A,01,10,1B 2A,10,01,1A 1B 2A,00,00
306/586/5,602/329/7,23,(none),11,11,1A,01,10,1B 2A,10,01,1A 1B 2A,00,00
306/586/5,507/260/4,7,(none),11,11,1B,10,01,1A 2B,01,10,1A 1B 2B,00,00
306/586/5,517/334/4,28,(none),11,11,1A,01,10,1B,10,01,1A 1B,00,00
306/586/5,491/344/4,36,(none),11,11,1A,01,10,1B 2A,10,01,1A 1B 2A,00,00
522/439/4,368/514/4,15,(none),11,11,1B,10,01,1A 2B,01,10,1A 1B 2B,00,00
522/439/4,105/523/4,1,(none),11,11,1A 2A,01,01,1B 2B,10,10,1A 1B 2A 2B,00,00
522/439/4,386/77/4,33,(none),11,11,1B,10,01,1A 2B,01,10,1A 1B 2B,00,00
522/439/4,196/607/4,1,(none),11,11,1A,01,10,1B 2A,10,01,1A 1B 2A,00,00
522/439/4,423/658/7,16,(none),11,11,1B,10,01,1A 2B,01,10,1A 1B 2B,00,00
522/439/4,53/605/5,3,(none),11,11,1A,01,10,1B 2A,10,01,1A 1B 2A,00,00
522/439/4,413/578/4,30,(none),11,11,1A,01,10,1B,10,01,1A 1B,00,00
522/439/4,419/157/4,20,(none),11,11,1B,10,01,1A 2B,01,10,1A 1B 2B,00,00
522/439/4,427/261/6,12,(none),11,11,1B,10,01,1A 2B,01,10,1A 1B 2B,00,00
522/439/4,428/65/4,11,(none),11,11,1B,10,01,1A 2B,01,10,1A 1B 2B,00,00
522/439/4,306/563/4,36,(none),11,11,1A,01,10,1B 2A,10,01,1A 1B 2A,00,00
522/439/4,251/554/7,32,(none),11,11,1A,01,10,1B 2A,10,01,1A 1B 2A,00,00
522/439/4,368/697/5,15,(none),11,11,1B,10,01,1A 2B,01,10,1A 1B 2B,00,00
522/439/4,366/536/4,14,(none),11,11,1A,01,10,1B,10,01,1A 1B,00,00
507/65/5,368/514/4,7,(none),11,11,1A,01,10,1B 2A,10,01,1A 1B 2A,00,00
507/65/5,224/513/5,6,(none),11,11,1A,01,10,1B 2A,10,01,1A 1B 2A,00,00
507/65/5,105/523/4,16,(none),11,11,1A,01,10,1B 2A,10,01,1A 1B 2A,00,00
507/65/5,53/605/5,12,(none),11,11,1B,10,01,1A 2B,01,10,1A 1B 2B,00,00
507/65/5,413/578/4,15,(none),11,11,1A,01,10,1B 2A,10,01,1A 1B 2A,00,00
507/65/5,43/610/5,22,(none),11,11,1B,10,01,1A 2B,01,10,1A 1B 2B,00,00
507/65/5,55/330/5,10,(none),11,11,1B,10,01,1A 2B,01,10,1A 1B 2B,00,00
507/65/5,306/563/4,30,(none),11,11,1A,01,10,1B 2A,10,01,1A 1B 2A,00,00
507/65/5,251/554/7,36,(none),11,11,1A,01,10,1B 2A,10,01,1A 1B 2A,00,00
507/65/5,366/536/4,29,(none),11,11,1A,01,10,1B 2A,10,01,1A 1B 2A,00,00
602/77/4,303/623/4,21,(none),11,11,1A,01,10,1B 2A,10,01,1A 1B 2A,00,00
602/77/4,93/623/4,21,(none),11,11,1A,01,10,1B 2A,10,01,1A 1B 2A,00,00
602/77/4,69/608/4,8,(none),11,11,1A,01,10,1B,10,01,1A 1B,00,00
602/77/4,196/607/4,5,(none),11,11,1A,01,10,1B 2A,10,01,1A 1B 2A,00,00
602/77/4,423/658/7,30,(none),11,11,1A,01,10,1B 2A,10,01,1A 1B 2A,00,00
602/77/4,53/605/5,24,(none),11,11,1B,10,01,2B,01,10,1B 2B,00,00
602/77/4,43/610/5,34,(none),11,11,1A,01,10,1B,10,01,1A 1B,00,00
602/77/4,55/330/5,22,(none),11,11,1B,10,01,1A 2B,01,10,1A 1B 2B,00,00
602/77/4,147/674/4,14,(none),11,11,1A,01,10,1B 2A,10,01,1A 1B 2A,00,00
602/77/4,307/675/5,13,(none),11,11,1A,01,10,1B 2A,10,01,1A 1B 2A,00,00
602/77/4,306/659/4,29,(none),11,11,1A,01,10,1B 2A,10,01,1A 1B 2A,00,00
602/77/4,69/266/4,8,(none),11,11,1B,10,01,1A 2B,01,10,1A 1B 2B,00,00
602/77/4,66/260/4,11,(none),11,11,1B,10,01,1A 2B,01,10,1A 1B 2B,00,00
602/77/4,68/681/6,9,(none),11,11,1A,01,10,1B,10,01,1A 1B,00,00
602/77/4,251/668/5,20,(none),11,11,1A,01,10,1B 2A,10,01,1A 1B 2A,00,00
368/514/4,612/439/4,15,(none),11,11,1A,01,10,1B 2A,10,01,1A 1B 2A,00,00
368/514/4,645/446/4,8,(none),11,11,1A,01,10,1B 2A,10,01,1A 1B 2A,00,00
368/514/4,548/434/4,20,(none),11,11,1A,01,10,1B 2A,10,01,1A 1B 2A,00,00
368/514/4,454/229/4,26,(none),11,11,1B,10,01,1A 2B,01,10,1A 1B 2B,00,00
368/514/4,507/260/4,7,(none),11,11,1B,10,01,1A 2B,01,10,1A 1B 2B,00,00
368/514/4,491/434/4,23,(none),11,11,1A,01,10,1B,10,01,1A 1B,00,00
368/514/4,270/433/4,21,(none),11,11,1A,01,10,1B 2A,10,01,1A 1B 2A,00,00
368/514/4,486/261/4,28,(none),11,11,1B,10,01,1A 2B,01,10,1A 1B 2B,00,00
368/514/4,491/344/4,23,(none),11,11,1B,10,01,1A 2B,01,10,1A 1B 2B,00,00
368/514/4,491/215/4,23,(none),11,11,1B,10,01,1A 2B,01,10,1A 1B 2B,00,00
303/623/4,605/360/4,29,(none),11,11,1A,01,10,1B,10,01,1A 1B,00,00
303/623/4,219/362/4,27,(none),11,11,1A,01,10,1B 2A,10,01,1A 1B 2A,00,00
303/623/4,612/439/4,11,(none),11,11,1B,10,01,1A 2B,01,10,1A 1B 2B,00,00
303/623/4,548/344/4,36,(none),11,11,1A,01,10,1B,10,01,1A 1B,00,00
303/623/4,548/434/4,11,(none),11,11,1B,10,01,1A 2B,01,10,1A 1B 2B,00,00
303/623/4,55/330/5,27,(none),11,11,1A,01,10,1B 2A,10,01,1A 1B 2A,00,00
303/623/4,601/54/5,22,(none),11,11,1B,10,01,1A 2B,01,10,1A 1B 2B,00,00
303/623/4,602/329/7,26,(none),11,11,1A,01,10,1B,10,01,1A 1B,00,00
303/623/4,517/334/4,31,(none),11,11,1A,01,10,1B 2A,10,01,1A 1B 2A,00,00
303/623/4,598/267/4,25,(none),11,11,1B,10,01,1A 2B,01,10,1A 1B 2B,00,00
303/623/4,491/344/4,36,(none),11,11,1A,01,10,1B 2A,10,01,1A 1B 2A,00,00
605/360/4,93/623/4,18,(none),11,11,1A,01,10,1B 2A,10,01,1A 1B 2A,00,00
605/360/4,69/608/4,3,(none),11,11,2B,01,10,1B 2A,10,01,1B 2A 2B,00,00
605/360/4,196/607/4,2,(none),11,11,2B,01,10,1B 2A,10,01,1B 2A 2B,00,00
605/360/4,423/658/7,33,(none),11,11,1A,01,10,1B 2A,10,01,1A 1B 2A,00,00
605/360/4,43/610/5,5,(none),11,11,1A,01,10,1B 2A,10,01,1A 1B 2A,00,00
605/360/4,147/674/4,17,(none),11,11,1A,01,10,1B 2A,10,01,1A 1B 2A,00,00
605/360/4,307/675/5,33,(none),11,11,1A,01,10,1B,10,01,1A 1B,00,00
605/360/4,306/563/4,32,(none),11,11,1B,10,01,1A 2B,01,10,1A 1B 2B,00,00
605/360/4,306/659/4,32,(none),11,11,1A,01,10,1B,10,01,1A 1B,00,00
605/360/4,306/710/4,32,(none),11,11,1B,10,01,1A 2B,01,10,1A 1B 2B,00,00
605/360/4,303/218/4,29,(none),11,11,1B,10,01,1A 2B,01,10,1A 1B 2B,00,00
605/360/4,303/708/4,29,(none),11,11,1B,10,01,1A 2B,01,10,1A 1B 2B,00,00
605/360/4,68/681/6,10,(none),11,11,1A,01,10,1B 2A,10,01,1A 1B 2A,00,00
605/360/4,251/668/5,23,(none),11,11,1A,01,10,1B 2A,10,01,1A 1B 2A,00,00
93/623/4,612/439/4,11,(none),11,11,1B,10,01,1A 2B,01,10,1A 1B 2B,00,00
93/623/4,548/344/4,11,(none),11,11,1B,10,01,1A 2B,01,10,1A 1B 2B,00,00
93/623/4,419/157/4,22,(none),11,11,1A,01,10,1B 2A,10,01,1A 1B 2A,00,00
93/623/4,548/434/4,11,(none),11,11,1B,10,01,1A 2B,01,10,1A 1B 2B,00,00
93/623/4,601/54/5,22,(none),11,11,1B,10,01,1A 2B,01,10,1A 1B 2B,00,00
93/623/4,602/329/7,21,(none),11,11,1B,10,01,1A 2B,01,10,1A 1B 2B,00,00
93/623/4,625/124/6,31,(none),11,11,1A,01,10,1B 2A,10,01,1A 1B 2A,00,00
93/623/4,598/267/4,25,(none),11,11,1B,10,01,1A 2B,01,10,1A 1B 2B,00,00
224/513/5,427/261/6,36,(none),11,11,1A,01,10,1B 2A,10,01,1A 1B 2A,00,00
224/513/5,428/65/4,1,(none),11,11,1A 2A,01,01,1B 2B,10,10,1A 1B 2A 2B,00,00
224/513/5,454/229/4,27,(none),11,11,1A,01,10,1B,10,01,1A 1B,00,00
224/513/5,507/260/4,36,(none),11,11,1A,01,10,1B,10,01,1A 1B,00,00
224/513/5,598/267/4,36,(none),11,11,1A,01,10,1B 2A,10,01,1A 1B 2A,00,00
224/513/5,491/434/4,22,(none),11,11,1B,10,01,1A 2B,01,10,1A 1B 2B,00,00
224/513/5,69/266/4,36,(none),11,11,1A,01,10,1B 2A,10,01,1A 1B 2A,00,00
224/513/5,486/261/4,36,(none),11,11,1A,01,10,1B,10,01,1A 1B,00,00
224/513/5,66/260/4,36,(none),11,11,1A,01,10,1B 2A,10,01,1A 1B 2A,00,00
224/513/5,491/344/4,22,(none),11,11,1B,10,01,1A 2B,01,10,1A 1B 2B,00,00
224/513/5,491/215/4,22,(none),11,11,1B,10,01,1A 2B,01,10,1A 1B 2B,00,00
219/362/4,427/261/6,36,(none),11,11,1A,01,10,1B 2A,10,01,1A 1B 2A,00,00
219/362/4,454/229/4,10,(none),11,11,1A,01,10,1B 2A,10,01,1A 1B 2A,00,00
219/362/4,307/675/5,31,(none),11,11,1B,10,01,1A 2B,01,10,1A 1B 2B,00,00
219/362/4,306/563/4,30,(none),11,11,1B,10,01,1A 2B,01,10,1A 1B 2B,00,00
219/362/4,306/659/4,30,(none),11,11,1B,10,01,1A 2B,01,10,1A 1B 2B,00,00
219/362/4,507/260/4,36,(none),11,11,1A,01,10,1B 2A,10,01,1A 1B 2A,00,00
219/362/4,306/710/4,30,(none),11,11,1B,10,01,1A 2B,01,10,1A 1B 2B,00,00
219/362/4,303/218/4,27,(none),11,11,1B,10,01,1A 2B,01,10,1A 1B 2B,00,00
219/362/4,598/267/4,36,(none),11,11,1A,01,10,1B 2A,10,01,1A 1B 2A,00,00
219/362/4,69/266/4,36,(none),11,11,1A,01,10,1B 2A,10,01,1A 1B 2A,00,00
219/362/4,486/261/4,36,(none),11,11,1A,01,10,1B 2A,10,01,1A 1B 2A,00,00
219/362/4,303/708/4,27,(none),11,11,1B,10,01,1A 2B,01,10,1A 1B 2B,00,00
219/362/4,66/260/4,36,(none),11,11,1A,01,10,1B 2A,10,01,1A 1B 2A,00,00
105/523/4,419/157/4,34,(none),11,11,1A,01,10,1B 2A,10,01,1A 1B 2A,00,00
105/523/4,454/229/4,17,(none),11,11,1B,10,01,1A 2B,01,10,1A 1B 2B,00,00
105/523/4,625/124/6,19,(none),11,11,1A,01,10,1B 2A,10,01,1A 1B 2A,00,00
105/523/4,507/260/4,16,(none),11,11,1B,10,01,1A 2B,01,10,1A 1B 2B,00,00
105/523/4,517/334/4,6,(none),11,11,1B,10,01,1A 2B,01,10,1A 1B 2B,00,00
105/523/4,491/434/4,32,(none),11,11,1B,10,01,1A 2B,01,10,1A 1B 2B,00,00
105/523/4,486/261/4,36,(none),11,11,1B,10,01,1A 2B,01,10,1A 1B 2B,00,00
105/523/4,491/344/4,32,(none),11,11,1B,10,01,1A 2B,01,10,1A 1B 2B,00,00
105/523/4,491/215/4,32,(none),11,11,1B,10,01,1A 2B,01,10,1A 1B 2B,00,00
612/439/4,386/77/4,33,(none),11,11,1B,10,01,1A 2B,01,10,1A 1B 2B,00,00
612/439/4,423/658/7,36,(none),11,11,1A,01,10,1B,10,01,1A 1B,00,00
612/439/4,413/578/4,26,(none),11,11,1B,10,01,1A 2B,01,10,1A 1B 2B,00,00
612/439/4,419/157/4,20,(none),11,11,1B,10,01,1A 2B,01,10,1A 1B 2B,00,00
612/439/4,427/261/6,12,(none),11,11,1B,10,01,1A 2B,01,10,1A 1B 2B,00,00
612/439/4,428/65/4,11,(none),11,11,1B,10,01,1A 2B,01,10,1A 1B 2B,00,00
612/439/4,147/674/4,24,(none),11,11,1A,01,10,1B 2A,10,01,1A 1B 2A,00,00
612/439/4,307/675/5,23,(none),11,11,1A,01,10,1B 2A,10,01,1A 1B 2A,00,00
612/439/4,306/659/4,36,(none),11,11,1A,01,10,1B 2A,10,01,1A 1B 2A,00,00
612/439/4,368/697/5,15,(none),11,11,1A,01,10,1B,10,01,1A 1B,00,00
612/439/4,68/681/6,17,(none),11,11,1A,01,10,1B 2A,10,01,1A 1B 2A,00,00
612/439/4,366/536/4,13,(none),11,11,1B,10,01,1A 2B,01,10,1A 1B 2B,00,00
612/439/4,251/668/5,30,(none),11,11,1A,01,10,1B 2A,10,01,1A 1B 2A,00,00
69/608/4,386/77/4,8,(none),11,11,1A,01,10,1B 2A,10,01,1A 1B 2A,00,00
69/608/4,548/344/4,26,(none),11,11,1B,10,01,1A 2B,01,10,1A 1B 2B,00,00
69/608/4,548/434/4,26,(none),11,11,1B,10,01,1A 2B,01,10,1A 1B 2B,00,00
69/608/4,601/54/5,7,(none),11,11,1B,10,01,1A 2B,01,10,1A 1B 2B,00,00
69/608/4,602/329/7,6,(none),11,11,1B,10,01,1A 2B,01,10,1A 1B 2B,00,00
69/608/4,625/124/6,31,(none),11,11,1A,01,10,1B 2A,10,01,1A 1B 2A,00,00
69/608/4,598/267/4,10,(none),11,11,1B,10,01,1A 2B,01,10,1A 1B 2B,00,00
645/446/4,386/77/4,26,(none),11,11,1B,10,01,1A 2B,01,10,1A 1B 2B,00,00
645/446/4,423/658/7,23,(none),11,11,1A,01,10,1B,10,01,1A 1B,00,00
645/446/4,413/578/4,33,(none),11,11,1B,10,01,1A 2B,01,10,1A 1B 2B,00,00
645/446/4,419/157/4,27,(none),11,11,1B,10,01,1A 2B,01,10,1A 1B 2B,00,00
645/446/4,427/261/6,19,(none),11,11,1B,10,01,1A 2B,01,10,1A 1B 2B,00,00
645/446/4,428/65/4,18,(none),11,11,1B,10,01,1A 2B,01,10,1A 1B 2B,00,00
645/446/4,147/674/4,29,(none),11,11,1A,01,10,1B 2A,10,01,1A 1B 2A,00,00
645/446/4,307/675/5,30,(none),11,11,1A,01,10,1B 2A,10,01,1A 1B 2A,00,00
645/446/4,306/659/4,14,(none),11,11,1A,01,10,1B 2A,10,01,1A 1B 2A,00,00
645/446/4,306/710/4,21,(none),11,11,1A,01,10,1B 2A,10,01,1A 1B 2A,00,00
645/446/4,303/708/4,23,(none),11,11,1A,01,10,1B 2A,10,01,1A 1B 2A,00,00
645/446/4,368/697/5,34,(none),11,11,1A,01,10,1B,10,01,1A 1B,00,00
645/446/4,68/681/6,36,(none),11,11,1A,01,10,1B 2A,10,01,1A 1B 2A,00,00
645/446/4,366/536/4,6,(none),11,11,1B,10,01,1A 2B,01,10,1A 1B 2B,00,00
645/446/4,251/668/5,23,(none),11,11,1A,01,10,1B 2A,10,01,1A 1B 2A,00,00
386/77/4,53/605/5,24,(none),11,11,1B,10,01,1A 2B,01,10,1A 1B 2B,00,00
386/77/4,43/610/5,34,(none),11,11,1B,10,01,1A 2B,01,10,1A 1B 2B,00,00
386/77/4,548/434/4,36,(none),11,11,1A,01,10,1B 2A,10,01,1A 1B 2A,00,00
386/77/4,55/330/5,22,(none),11,11,1B,10,01,1A 2B,01,10,1A 1B 2B,00,00
386/77/4,491/434/4,36,(none),11,11,1A,01,10,1B 2A,10,01,1A 1B 2A,00,00
386/77/4,270/433/4,36,(none),11,11,1A,01,10,1B 2A,10,01,1A 1B 2A,00,00
386/77/4,69/266/4,8,(none),11,11,1B,10,01,1A 2B,01,10,1A 1B 2B,00,00
386/77/4,66/260/4,11,(none),11,11,1B,10,01,1A 2B,01,10,1A 1B 2B,00,00
386/77/4,68/681/6,9,(none),11,11,1B,10,01,1A 2B,01,10,1A 1B 2B,00,00
196/607/4,548/344/4,27,(none),11,11,1B,10,01,1A 2B,01,10,1A 1B 2B,00,00
196/607/4,548/434/4,27,(none),11,11,1B,10,01,1A 2B,01,10,1A 1B 2B,00,00
196/607/4,427/261/6,21,(none),11,11,1A,01,10,1B 2A,10,01,1A 1B 2A,00,00
196/607/4,454/229/4,33,(none),11,11,1A,01,10,1B 2A,10,01,1A 1B 2A,00,00
196/607/4,601/54/5,6,(none),11,11,1B,10,01,1A 2B,01,10,1A 1B 2B,00,00
196/607/4,602/329/7,5,(none),11,11,1B,10,01,1A 2B,01,10,1A 1B 2B,00,00
196/607/4,507/260/4,22,(none),11,11,1A,01,10,1B 2A,10,01,1A 1B 2A,00,00
196/607/4,303/218/4,22,(none),11,11,1A,01,10,1B 2A,10,01,1A 1B 2A,00,00
196/607/4,598/267/4,15,(none),11,11,1A,01,10,1B,10,01,1A 1B,00,00
196/607/4,69/266/4,16,(none),11,11,1A,01,10,1B 2A,10,01,1A 1B 2A,00,00
196/607/4,486/261/4,21,(none),11,11,1A,01,10,1B 2A,10,01,1A 1B 2A,00,00
196/607/4,66/260/4,22,(none),11,11,1A,01,10,1B 2A,10,01,1A 1B 2A,00,00
196/607/4,491/215/4,19,(none),11,11,1A,01,10,1B 2A,10,01,1A 1B 2A,00,00
423/658/7,548/434/4,11,(none),11,11,1A,01,10,1B 2A,10,01,1A 1B 2A,00,00
423/658/7,601/54/5,29,(none),11,11,1B,10,01,1A 2B,01,10,1A 1B 2B,00,00
423/658/7,602/329/7,30,(none),11,11,1B,10,01,1A 2B,01,10,1A 1B 2B,00,00
423/658/7,625/124/6,33,(none),11,11,1B,10,01,1A 2B,01,10,1A 1B 2B,00,00
423/658/7,598/267/4,26,(none),11,11,1B,10,01,1A 2B,01,10,1A 1B 2B,00,00
423/658/7,491/434/4,11,(none),11,11,1A,01,10,1B 2A,10,01,1A 1B 2A,00,00
423/658/7,270/433/4,10,(none),11,11,1A,01,10,1B 2A,10,01,1A 1B 2A,00,00
53/605/5,548/344/4,29,(none),11,11,1B,10,01,1A 2B,01,10,1A 1B 2B,00,00
53/605/5,548/434/4,29,(none),11,11,1B,10,01,1A 2B,01,10,1A 1B 2B,00,00
53/605/5,428/65/4,12,(none),11,11,1A,01,10,1B 2A,10,01,1A 1B 2A,00,00
53/605/5,601/54/5,4,(none),11,11,1B,10,01,2B,01,10,1B 2B,00,00
53/605/5,602/329/7,3,(none),11,11,1B,10,01,1A 2B,01,10,1A 1B 2B,00,00
53/605/5,625/124/6,15,(none),11,11,1A,01,10,1B 2A,10,01,1A 1B 2A,00,00
53/605/5,598/267/4,7,(none),11,11,1B,10,01,1A 2B,01,10,1A 1B 2B,00,00
413/578/4,548/344/4,30,(none),11,11,1B,10,01,1A 2B,01,10,1A 1B 2B,00,00
413/578/4,548/434/4,30,(none),11,11,1A,01,10,1B,10,01,1A 1B,00,00
413/578/4,507/260/4,15,(none),11,11,1B,10,01,1A 2B,01,10,1A 1B 2B,00,00
413/578/4,517/334/4,25,(none),11,11,1B,10,01,1A 2B,01,10,1A 1B 2B,00,00
413/578/4,491/434/4,21,(none),11,11,1A,01,10,1B 2A,10,01,1A 1B 2A,00,00
413/578/4,270/433/4,20,(none),11,11,1A,01,10,1B 2A,10,01,1A 1B 2A,00,00
548/344/4,43/610/5,24,(none),11,11,1A,01,10,1B 2A,10,01,1A 1B 2A,00,00
548/344/4,307/675/5,36,(none),11,11,1B,10,01,1A 2B,01,10,1A 1B 2B,00,00
548/344/4,306/563/4,36,(none),11,11,1A,01,10,1B,10,01,1A 1B,00,00
548/344/4,306/659/4,36,(none),11,11,1B,10,01,1A 2B,01,10,1A 1B 2B,00,00
548/344/4,306/710/4,36,(none),11,11,1B,10,01,1A 2B,01,10,1A 1B 2B,00,00
548/344/4,303/218/4,36,(none),11,11,1B,10,01,1A 2B,01,10,1A 1B 2B,00,00
548/344/4,270/433/4,12,(none),11,11,1B,10,01,1A 2B,01,10,1A 1B 2B,00,00
548/344/4,303/708/4,36,(none),11,11,1B,10,01,1A 2B,01,10,1A 1B 2B,00,00
548/344/4,251/554/7,6,(none),11,11,1A,01,10,1B 2A,10,01,1A 1B 2A,00,00
419/157/4,548/434/4,15,(none),11,11,1A,01,10,1B 2A,10,01,1A 1B 2A,00,00
419/157/4,147/674/4,10,(none),11,11,1B,10,01,1A 2B,01,10,1A 1B 2B,00,00
419/157/4,491/434/4,15,(none),11,11,1A,01,10,1B 2A,10,01,1A 1B 2A,00,00
419/157/4,270/433/4,14,(none),11,11,1A,01,10,1B 2A,10,01,1A 1B 2A,00,00
43/610/5,548/434/4,24,(none),11,11,1B,10,01,1A 2B,01,10,1A 1B 2B,00,00
43/610/5,428/65/4,22,(none),11,11,1A,01,10,1B 2A,10,01,1A 1B 2A,00,00
43/610/5,601/54/5,11,(none),11,11,1A,01,10,1B,10,01,1A 1B,00,00
43/610/5,602/329/7,8,(none),11,11,1B,10,01,1A 2B,01,10,1A 1B 2B,00,00
43/610/5,625/124/6,5,(none),11,11,1A,01,10,1B 2A,10,01,1A 1B 2A,00,00
43/610/5,598/267/4,12,(none),11,11,1B,10,01,1A 2B,01,10,1A 1B 2B,00,00
548/434/4,427/261/6,7,(none),11,11,1B,10,01,1A 2B,01,10,1A 1B 2B,00,00
548/434/4,428/65/4,6,(none),11,11,1B,10,01,1A 2B,01,10,1A 1B 2B,00,00
548/434/4,306/563/4,15,(none),11,11,1A,01,10,1B 2A,10,01,1A 1B 2A,00,00
548/434/4,251/554/7,6,(none),11,11,1A,01,10,1B 2A,10,01,1A 1B 2A,00,00
548/434/4,368/697/5,20,(none),11,11,1B,10,01,1A 2B,01,10,1A 1B 2B,00,00
548/434/4,366/536/4,18,(none),11,11,1B,10,01,1A 2B,01,10,1A 1B 2B,00,00
427/261/6,491/434/4,7,(none),11,11,1A,01,10,1B 2A,10,01,1A 1B 2A,00,00
427/261/6,270/433/4,6,(none),11,11,1A,01,10,1B 2A,10,01,1A 1B 2A,00,00
427/261/6,251/554/7,10,(none),11,11,1B,10,01,1A 2B,01,10,1A 1B 2B,00,00
427/261/6,251/668/5,10,(none),11,11,1B,10,01,1A 2B,01,10,1A 1B 2B,00,00
55/330/5,428/65/4,10,(none),11,11,1A,01,10,1B 2A,10,01,1A 1B 2A,00,00
55/330/5,307/675/5,23,(none),11,11,1B,10,01,1A 2B,01,10,1A 1B 2B,00,00
55/330/5,306/563/4,24,(none),11,11,1B,10,01,1A 2B,01,10,1A 1B 2B,00,00
55/330/5,625/124/6,17,(none),11,11,1A,01,10,1B 2A,10,01,1A 1B 2A,00,00
55/330/5,306/659/4,24,(none),11,11,1B,10,01,1A 2B,01,10,1A 1B 2B,00,00
55/330/5,306/710/4,24,(none),11,11,1B,10,01,1A 2B,01,10,1A 1B 2B,00,00
55/330/5,303/218/4,27,(none),11,11,1B,10,01,1A 2B,01,10,1A 1B 2B,00,00
55/330/5,270/433/4,26,(none),11,11,1B,10,01,1A 2B,01,10,1A 1B 2B,00,00
55/330/5,303/708/4,27,(none),11,11,1B,10,01,1A 2B,01,10,1A 1B 2B,00,00
55/330/5,251/554/7,7,(none),11,11,1B,10,01,1A 2B,01,10,1A 1B 2B,00,00
55/330/5,251/668/5,7,(none),11,11,1B,10,01,1A 2B,01,10,1A 1B 2B,00,00
428/65/4,491/434/4,6,(none),11,11,1A,01,10,1B 2A,10,01,1A 1B 2A,00,00
428/65/4,270/433/4,5,(none),11,11,1A,01,10,1B 2A,10,01,1A 1B 2A,00,00
454/229/4,147/674/4,4,(none),11,11,1B,10,01,1A 2B,01,10,1A 1B 2B,00,00
454/229/4,366/536/4,4,(none),11,11,1A,01,10,1B 2A,10,01,1A 1B 2A,00,00
601/54/5,147/674/4,13,(none),11,11,1A,01,10,1B 2A,10,01,1A 1B 2A,00,00
601/54/5,307/675/5,12,(none),11,11,1A,01,10,1B 2A,10,01,1A 1B 2A,00,00
601/54/5,306/659/4,28,(none),11,11,1A,01,10,1B 2A,10,01,1A 1B 2A,00,00
601/54/5,68/681/6,6,(none),11,11,1A,01,10,1B 2A,10,01,1A 1B 2A,00,00
601/54/5,251/668/5,19,(none),11,11,1A,01,10,1B 2A,10,01,1A 1B 2A,00,00
147/674/4,602/329/7,14,(none),11,11,1B,10,01,1A 2B,01,10,1A 1B 2B,00,00
147/674/4,625/124/6,36,(none),11,11,1B,10,01,1A 2B,01,10,1A 1B 2B,00,00
147/674/4,303/218/4,15,(none),11,11,1A,01,10,1B 2A,10,01,1A 1B 2A,00,00
147/674/4,598/267/4,10,(none),11,11,1B,10,01,1A 2B,01,10,1A 1B 2B,00,00
147/674/4,491/215/4,18,(none),11,11,1A,01,10,1B 2A,10,01,1A 1B 2A,00,00
307/675/5,602/329/7,22,(none),11,11,1A,01,10,1B,10,01,1A 1B,00,00
307/675/5,625/124/6,36,(none),11,11,1B,10,01,1A 2B,01,10,1A 1B 2B,00,00
307/675/5,517/334/4,27,(none),11,11,1A,01,10,1B 2A,10,01,1A 1B 2A,00,00
307/675/5,598/267/4,9,(none),11,11,1B,10,01,1A 2B,01,10,1A 1B 2B,00,00
307/675/5,491/344/4,36,(none),11,11,1A,01,10,1B 2A,10,01,1A 1B 2A,00,00
306/563/4,602/329/7,23,(none),11,11,1A,01,10,1B 2A,10,01,1A 1B 2A,00,00
306/563/4,507/260/4,30,(none),11,11,1B,10,01,1A 2B,01,10,1A 1B 2B,00,00
306/563/4,517/334/4,36,(none),11,11,1A,01,10,1B,10,01,1A 1B,00,00
306/563/4,491/434/4,14,(none),11,11,1B,10,01,1A 2B,01,10,1A 1B 2B,00,00
306/563/4,486/261/4,9,(none),11,11,1B,10,01,1A 2B,01,10,1A 1B 2B,00,00
306/563/4,491/344/4,36,(none),11,11,1A,01,10,1B,10,01,1A 1B,00,00
306/563/4,491/215/4,14,(none),11,11,1B,10,01,1A 2B,01,10,1A 1B 2B,00,00
602/329/7,306/659/4,29,(none),11,11,1A,01,10,1B,10,01,1A 1B,00,00
602/329/7,306/710/4,23,(none),11,11,1B,10,01,1A 2B,01,10,1A 1B 2B,00,00
602/329/7,303/218/4,26,(none),11,11,1B,10,01,1A 2B,01,10,1A 1B 2B,00,00
602/329/7,270/433/4,27,(none),11,11,1B,10,01,1A 2B,01,10,1A 1B 2B,00,00
602/329/7,303/708/4,26,(none),11,11,1B,10,01,1A 2B,01,10,1A 1B 2B,00,00
602/329/7,251/554/7,8,(none),11,11,1B,10,01,1A 2B,01,10,1A 1B 2B,00,00
602/329/7,68/681/6,7,(none),11,11,1A,01,10,1B 2A,10,01,1A 1B 2A,00,00
602/329/7,251/668/5,20,(none),11,11,1A,01,10,1B,10,01,1A 1B,00,00
625/124/6,306/659/4,34,(none),11,11,1A,01,10,1B 2A,10,01,1A 1B 2A,00,00
625/124/6,306/710/4,1,(none),11,11,2B,01,10,1B 2A,10,01,1B 2A 2B,00,00
625/124/6,69/266/4,31,(none),11,11,1B,10,01,1A 2B,01,10,1A 1B 2B,00,00
625/124/6,303/708/4,3,(none),11,11,1A,01,10,1B 2A,10,01,1A 1B 2A,00,00
625/124/6,368/697/5,14,(none),11,11,1A,01,10,1B 2A,10,01,1A 1B 2A,00,00
625/124/6,66/260/4,28,(none),11,11,1B,10,01,1A 2B,01,10,1A 1B 2B,00,00
625/124/6,68/681/6,30,(none),11,11,1A,01,10,1B,10,01,1A 1B,00,00
625/124/6,251/668/5,36,(none),11,11,1A,01,10,1B 2A,10,01,1A 1B 2A,00,00
306/659/4,517/334/4,28,(none),11,11,1A,01,10,1B 2A,10,01,1A 1B 2A,00,00
306/659/4,598/267/4,25,(none),11,11,1B,10,01,1A 2B,01,10,1A 1B 2B,00,00
306/659/4,491/344/4,36,(none),11,11,1A,01,10,1B 2A,10,01,1A 1B 2A,00,00
507/260/4,251/554/7,36,(none),11,11,1A,01,10,1B,10,01,1A 1B,00,00
507/260/4,366/536/4,29,(none),11,11,1A,01,10,1B 2A,10,01,1A 1B 2A,00,00
507/260/4,251/668/5,9,(none),11,11,1B,10,01,1A 2B,01,10,1A 1B 2B,00,00
306/710/4,517/334/4,28,(none),11,11,1A,01,10,1B 2A,10,01,1A 1B 2A,00,00
306/710/4,491/344/4,36,(none),11,11,1A,01,10,1B 2A,10,01,1A 1B 2A,00,00
517/334/4,303/218/4,31,(none),11,11,1B,10,01,1A 2B,01,10,1A 1B 2B,00,00
517/334/4,270/433/4,22,(none),11,11,1B,10,01,1A 2B,01,10,1A 1B 2B,00,00
517/334/4,303/708/4,31,(none),11,11,1B,10,01,1A 2B,01,10,1A 1B 2B,00,00
517/334/4,251/554/7,36,(none),11,11,1A,01,10,2A,10,01,1A 2A,00,00
517/334/4,366/536/4,19,(none),11,11,1A,01,10,1B 2A,10,01,1A 1B 2A,00,00
517/334/4,251/668/5,3,(none),11,11,2A,10,01,1A 2B,01,10,1A 2A 2B,00,00
303/218/4,491/344/4,36,(none),11,11,1A,01,10,1B 2A,10,01,1A 1B 2A,00,00
598/267/4,251/554/7,16,(none),11,11,1B,10,01,1A 2B,01,10,1A 1B 2B,00,00
598/267/4,68/681/6,3,(none),11,11,1A,01,10,1B 2A,10,01,1A 1B 2A,00,00
598/267/4,251/668/5,16,(none),11,11,1A,01,10,1B,10,01,1A 1B,00,00
491/434/4,251/554/7,23,(none),11,11,1A,01,10,1B 2A,10,01,1A 1B 2A,00,00
491/434/4,368/697/5,20,(none),11,11,1B,10,01,1A 2B,01,10,1A 1B 2B,00,00
491/434/4,366/536/4,36,(none),11,11,1A,01,10,1B,10,01,1A 1B,00,00
270/433/4,368/697/5,21,(none),11,11,1B,10,01,1A 2B,01,10,1A 1B 2B,00,00
270/433/4,491/344/4,12,(none),11,11,1A,01,10,1B 2A,10,01,1A 1B 2A,00,00
270/433/4,366/536/4,19,(none),11,11,1B,10,01,1A 2B,01,10,1A 1B 2B,00,00
69/266/4,251/554/7,15,(none),11,11,1B,10,01,1A 2B,01,10,1A 1B 2B,00,00
69/266/4,251/668/5,15,(none),11,11,1B,10,01,1A 2B,01,10,1A 1B 2B,00,00
486/261/4,251/554/7,18,(none),11,11,1A,01,10,1B,10,01,1A 1B,00,00
486/261/4,366/536/4,36,(none),11,11,1A,01,10,1B 2A,10,01,1A 1B 2A,00,00
486/261/4,251/668/5,10,(none),11,11,1B,10,01,1A 2B,01,10,1A 1B 2B,00,00
303/708/4,491/344/4,36,(none),11,11,1A,01,10,1B 2A,10,01,1A 1B 2A,00,00
251/554/7,66/260/4,9,(none),11,11,1A,01,10,1B 2A,10,01,1A 1B 2A,00,00
251/554/7,491/344/4,23,(none),11,11,1B,10,01,1A 2B,01,10,1A 1B 2B,00,00
251/554/7,491/215/4,23,(none),11,11,1B,10,01,1A 2B,01,10,1A 1B 2B,00,00
66/260/4,251/668/5,9,(none),11,11,1B,10,01,1A 2B,01,10,1A 1B 2B,00,00
491/344/4,366/536/4,36,(none),11,11,1A,01,10,1B 2A,10,01,1A 1B 2A,00,00
366/536/4,491/215/4,36,(none),11,11,1B,10,01,1A 2B,01,10,1A 1B 2B,00,00
