x_start,xstar_start,len_x,stems_on_front,scheme,lock_energy,ddg_pref,assembly_faults,main_hairpin,dG_open_00,A_M_00,aug_00,dG_open_01,A_M_01,aug_01,dG_open_10,A_M_10,aug_10,dG_open_11,A_M_11,aug_11,separation,dG_bind_B,separation_no_state_10,d10_11,d10_11_in_ulps
436,136,4,185,unlocked,3.9000000953674316,33.799999713897705,-,UGGUCUUCUUCUGCAUUAAGACAAGAACAGAGGAGAUAGUGCAUGAGAAGACCA,18.039180755615234,0.072481837916546,0.3647231422983413,15.9791259765625,0.07185545512394571,0.3647228954669847,4.014579772949219,0.4714543106871709,0.3822392751968631,4.0145721435546875,0.47145431068716803,0.3822392751968598,7.62939453125e-06,-73.22280693054199,11.964553833007812,7.62939453125e-06,0.2461095010080645
581,281,4,154,unlocked,-1.5,26.100000381469727,-,AGCUGCACGGGCUUCUUGAGACAAGAACAGAGGAGACAAGAAAUGCGUGCAGCU,20.24383163452148,0.12928368026011877,0.7123475192753504,20.259536743164062,0.12928357124000328,0.7123476390433227,8.960594177246094,0.45538302637516537,0.39706182739320006,8.960601806640625,0.45538302637516487,0.39706182739319945,-7.62939453125e-06,-80.93647861480713,11.283229827880856,-7.62939453125e-06,-0.2461095010080645
207,484,4,118,unlocked,-1.100000023841858,31.100000739097595,-,CUGAGGGGACAGGAUGUCAGACAAGAACAGAGGAGAGACAUCAUGUCCCCUCAG,22.841873168945316,0.06214898698718595,0.3597974668839387,25.49314880371094,0.06199446406563336,0.3597974653773566,9.74627685546875,0.31588111331927077,0.45278181150503477,9.74627685546875,0.3158811133192725,0.4527818115050361,0.0,-83.73548316955566,13.095596313476566,0.0,0.0
623,324,4,151,unlocked,2.299999952316284,33.09999918937683,-,GAGGUGAUGUCCAACUUGAGACAAGAACAGAGGAGACAAGUUAUGCAUCACCUC,15.694686889648438,0.11951443664816523,0.6735538378090018,15.7523193359375,0.12004584703390038,0.6735538050047012,5.3714447021484375,0.552743411440864,0.7053115046770438,5.3714447021484375,0.5527434114408644,0.7053115046770441,0.0,-83.62810516357422,10.3232421875,0.0,0.0
68,344,4,87,unlocked,1.7999999523162842,30.000000715255737,-,AUGUGCACCUUGAAGCGCAGACAAGAACAGAGGAGAGCGCUUAUGGGUGCACAU,20.067157745361328,0.12492187794023311,0.6735423254771131,21.297981262207028,0.14466891636640222,0.6735423239013129,8.249809265136719,0.437144353796999,0.7547471529687072,8.24981689453125,0.4371443537969969,0.7547471529687062,-7.62939453125e-06,-78.56433296203613,11.817340850830078,-7.62939453125e-06,-0.2461095010080645
197,473,4,79,B-anchored,-1.899999976158142,25.200000405311584,-,AGGAUGUCCCAGGCGAAGAGACAAGAACAGAGGAGACUUCGCAUGGGACAUCCU,20.426708221435547,0.06598443747410136,0.36003722204387056,23.253570556640625,0.06373523169496788,0.36003175736403276,6.9886016845703125,0.4947475884572686,0.878428531264082,6.9886016845703125,0.49474758845726696,0.8784285312640816,0.0,-81.97494220733643,13.438106536865234,0.0,0.0
557,260,4,116,unlocked,-0.20000000298023224,25.69999961555004,upstream_aug,UAGGUGGUCUUGACCUCAAGACAAGAACAGAGGAGAUGAGGUAUGGACCACCUA,17.049686431884766,0.13487137124337342,0.6743493298335199,16.780181884765625,0.13839872166681852,0.6743492836784943,5.762016296386719,0.5044884782506226,0.6232202534706781,5.762008666992188,0.5044884782506233,0.6232202534706787,7.629394530361822e-06,-66.83380126953125,11.018173217773438,7.629394530361822e-06,0.2461095009794136
389,663,4,75,unlocked,1.2999999523162842,23.40000033378601,-,CGCAGCUUCACCUUGUAGAGACAAGAACAGAGGAGACUACAAAUGGAAGCUGCG,10.981311798095703,0.33860408425762667,0.8826043776379943,14.047927856445312,0.18117669357482452,0.9640878655803541,5.8392486572265625,0.5879810615063165,0.717912221938969,5.8392486572265625,0.5879810615063146,0.7179122219389678,0.0,-76.70802116394043,5.142063140869141,0.0,0.0
477,182,4,35,unlocked,-7.5,25.0,-,GUCCUCGGGGUACAUCCGAGACAAGAACAGAGGAGACGGGUGAUGCCCGAGGAC,17.562950134277344,0.1131163861703941,0.6589406086761372,16.838363647460938,0.11339439134028309,0.6572789577731903,11.011650085449219,0.3939538724513935,0.3837566987770482,11.01165771484375,0.3939538724513935,0.3837566987770482,-7.62939453125e-06,-81.42742252349854,5.8267059326171875,-7.62939453125e-06,-0.2461095010080645
97,369,4,309,unlocked,6.900000095367432,33.799999713897705,upstream_aug,CGAACUCGUGGCCGUUCAAGACAAGAACAGAGGAGAUGAACGAUGACGAGUUCG,17.790149688720703,0.1255557783115243,0.7087904092992711,19.543746948242188,0.1255516921619203,0.7087903545830367,6.84880828857422,0.4681758718079926,0.9984281596732045,6.8488006591796875,0.4681758718079926,0.9984281596732045,7.629394532138178e-06,-75.9220085144043,10.941349029541016,7.629394532138178e-06,0.24610950103671542
566,272,4,87,unlocked,4.5,26.100000381469727,-,UUGGCCUUGUAGGUGGUCAGACAAGAACAGAGGAGAGACCACAUGCAAGGCCAA,18.958415985107422,0.07513174118854157,0.40516401942075514,23.5284423828125,0.07513034142723825,0.40516399974868517,4.831062316894531,0.5851478864922948,0.524609588045115,4.8310699462890625,0.5851478864922944,0.5246095880451147,-7.62939453125e-06,-71.94340324401855,14.12734603881836,-7.62939453125e-06,-0.2461095010080645
201,471,4,81,unlocked,4.300000190734863,32.09999942779541,-,GGACAGGAUGUCCCAGGCAGACAAGAACAGAGGAGAGCCUGGAUGAUCCUGUCC,16.442626953125,0.12639709007493286,0.7235636943263688,19.34674072265625,0.12633620605761797,0.7237128787233633,7.90557861328125,0.44290600709413047,0.49805230298296266,7.905593872070313,0.4429060070941279,0.4980523029829604,-1.525878906338818e-05,-82.25217819213867,8.537033081054688,-1.525878906338818e-05,-0.4922190020447799
657,365,4,91,unlocked,-8.5,20.5,-,GUACUGUUCCACGAUGGUAGACAAGAACAGAGGAGAACCAUCAUGGAACAGUAC,20.564659118652344,0.06160336544176723,0.33636463770598146,21.811363220214844,0.060189475568488936,0.3363646377082392,3.5157546997070312,0.6048931819150432,0.5746965222691696,3.5157470703125,0.6048931819150428,0.5746965222691692,7.62939453125e-06,-71.42636966705322,17.048912048339844,7.62939453125e-06,0.2461095010080645
328,597,4,84,unlocked,3.0,31.200000762939453,-,CCACGCCGCCGUCCUCGAAGACAAGAACAGAGGAGAUCGAGGAUGGCGGCGUGG,30.866882324218754,0.005289310436254808,0.0006452737180240679,32.49903106689453,0.004863939770544045,0.0006452737164239405,4.826927185058594,0.5692336045728793,0.7434726705942971,4.826934814453125,0.5692336045728781,0.7434726705942962,-7.62939453125e-06,-80.25793170928955,26.03994750976563,-7.62939453125e-06,-0.2461095010080645
352,61,4,99,B-anchored,1.2999999523162842,25.500000715255737,upstream_aug,GGGAGGAGUCCUGGGUCAAGACAAGAACAGAGGAGAUGACCCAUGACUCCUCCC,29.917266845703125,0.06353653533191189,0.3397700320313632,30.123260498046875,0.06353642516571206,0.3397700320313481,8.941268920898438,0.5221377828154306,0.7435027134873105,8.941268920898438,0.5221377828154293,0.7435027134873099,0.0,-72.58594703674316,20.975997924804688,0.0,0.0
169,437,4,68,unlocked,-0.5,21.0,upstream_aug,CACCCUUGGUCACCUUCAAGACAAGAACAGAGGAGAUGAAGGAUGCCAAGGGUG,17.465496063232422,0.12095525661626189,0.5430813306233668,18.923095703125,0.09770452794625956,0.5430792035804431,6.827980041503905,0.5509411243356415,0.4186271160137018,6.827972412109375,0.55094112433564,0.4186271160137,7.629394530361822e-06,-72.10597038269043,10.637523651123047,7.629394530361822e-06,0.2461095009794136
416,126,4,181,unlocked,5.099999904632568,40.30000066757202,-,GGGCCGUCGGAGGGGAAGAGACAAGAACAGAGGAGACUUCCCAUGCGACGGCCC,19.24404525756836,0.13246595623746582,0.7789421140204676,20.75724792480469,0.132450056867493,0.7798783555401859,8.886360168457031,0.3863866135975897,0.4090055000383211,8.886367797851562,0.38638661359758963,0.4090055000383211,-7.62939453125e-06,-77.14095687866211,10.357677459716797,-7.62939453125e-06,-0.2461095010080645
586,296,4,128,unlocked,4.800000190734863,30.699999809265137,-,CGGGCAGCUGCACGGGCUAGACAAGAACAGAGGAGAAGCCCGAUGAGCUGCCCG,22.043537139892578,0.0853284318871706,0.480354957573285,21.607681274414062,0.09701401391125619,0.4803602520789843,11.051048278808592,0.40436311284640164,0.3865142495862967,11.051055908203125,0.4043631128463989,0.3865142495862939,-7.629394533026357e-06,-84.51727104187012,10.556625366210938,-7.629394533026357e-06,-0.24610950106536633
321,587,4,154,unlocked,4.300000190734863,35.40000057220459,-,GCCGUCCUCGAAGUUCAUAGACAAGAACAGAGGAGAGUGAACAUGGAGGACGGC,20.933380126953125,0.12279874478494393,0.7082568440556624,17.517547607421875,0.12381661472248837,0.7077997826771449,2.9675064086914062,0.7182937299294666,0.8888739903713251,2.967498779296875,0.7182937299294662,0.8888739903713249,7.62939453125e-06,-76.56880569458008,14.550048828125,7.62939453125e-06,0.2461095010080645
558,271,4,124,unlocked,3.5999999046325684,24.899999141693115,-,GUAGGUGGUCUUGACCUCAGACAAGAACAGAGGAGAGAGGUCAUGACCACCUAC,26.916114807128906,0.058305370685118825,0.34737265824847885,24.51968383789063,0.058335909931168564,0.3473726582492826,6.178306579589844,0.5393215461551208,0.9870767160758293,6.178298950195313,0.5393215461551191,0.9870767160758293,7.629394530361822e-06,-64.92556762695312,18.341384887695316,7.629394530361822e-06,0.2461095009794136
183,445,4,100,unlocked,4.5,34.39999961853027,-,GAAGGGCAGGGGGCCACCAGACAAGAACAGAGGAGAGGUGGCAUGCUGCCCUUC,18.850929260253906,0.1308763110457991,0.7806466282083099,24.495559692382812,0.13087619344227988,0.7806466487111644,13.282699584960938,0.2632653981575412,0.7793604686455228,13.282699584960938,0.2632653981575382,0.7793604686455219,0.0,-76.9964714050293,5.568229675292969,0.0,0.0
176,437,4,101,unlocked,-2.5,19.0,-,AGGGGGCCACCCUUGGUCAGACAAGAACAGAGGAGAGACCAAAUGUGGCCCCCU,18.50179672241211,0.1168017066723257,0.666340674768596,21.765350341796875,0.11653908164786635,0.6673757096869193,7.5116729736328125,0.41385566765693776,0.7977200773653124,7.5116729736328125,0.41385566765693393,0.7977200773653109,0.0,-78.38374137878418,10.990123748779297,0.0,0.0
377,638,4,94,unlocked,2.5,25.600000381469727,-,UUGUAGAUGAACUCGCCGAGACAAGAACAGAGGAGACGGCGAAUGCAUCUACAA,11.950855255126953,0.16922625826382817,0.9562133649753388,19.809333801269528,0.16758117397237246,0.9562724293540555,4.32135009765625,0.573441109626744,0.5572074567129007,4.32135009765625,0.5734411096267416,0.5572074567128982,0.0,-80.0567274093628,7.629505157470703,0.0,0.0
616,333,4,134,unlocked,3.200000047683716,33.80000042915344,-,UGUCCAACUUGAUGUUGAAGACAAGAACAGAGGAGAUCAACAAUGAGUUGGACA,14.48089599609375,0.08604461288602314,0.43444680436638894,17.086883544921875,0.0816650962564962,0.4344465501407277,5.805145263671875,0.4483936157846793,0.9986843922161888,5.8051605224609375,0.44839361578467607,0.9986843922161888,-1.52587890625e-05,-82.09333992004395,8.675735473632812,-1.52587890625e-05,-0.492219002016129
648,365,4,102,unlocked,-0.5,28.5,-,CACGAUGGUGUAGUCCUCAGACAAGAACAGAGGAGAGAGGACAUGACCAUCGUG,18.938899993896484,0.14838256950229187,0.8722453573253838,24.164749145507812,0.1480181382185453,0.8722445321377158,5.676963806152344,0.38971630470008606,0.28374597217153297,5.6769561767578125,0.3897163047000828,0.283745972171529,7.62939453125e-06,-73.53736972808838,13.261943817138672,7.62939453125e-06,0.2461095010080645
