locus_tag,in_v1_input,in_v2_annotation,v1_qc_pass,v2_qc_pass,included_sequence_changed,v1_length_nt,v2_length_nt,v1_reason,v2_reason,v1_protein_id,v2_protein_id
PPA_RS00370,True,True,True,True,True,990,1011,included,included,WP_002530849.1,WP_007400941.1
PPA_RS01040,True,True,True,True,True,2871,2913,included,included,WP_023031435.1,WP_007400821.1
PPA_RS01710,True,True,True,True,True,822,873,included,included,WP_002523038.1,WP_032496486.1
PPA_RS02945,True,False,False,False,False,2777,,length_not_multiple_of_3,absent,,
PPA_RS03585,True,True,True,True,True,714,909,included,included,WP_002519151.1,WP_011183717.1
PPA_RS03650,True,True,True,True,True,594,696,included,included,WP_002520375.1,WP_002518238.1
PPA_RS03855,True,True,True,True,True,1500,1590,included,included,WP_002518243.1,WP_009640148.1
PPA_RS04535,True,True,True,True,True,1710,1743,included,included,WP_011183772.1,WP_479403888.1
PPA_RS04585,True,True,True,True,True,990,915,included,included,WP_002513816.1,WP_230606399.1
PPA_RS04705,True,True,False,True,False,1008,924,internal_stop,included,,WP_002513792.1
PPA_RS05145,True,True,True,True,True,1482,1452,included,included,WP_002524992.1,WP_007401032.1
PPA_RS05515,True,True,True,True,True,690,702,included,included,WP_002518978.1,WP_002515018.1
PPA_RS05710,True,True,True,False,False,498,444,included,partial_location;annotated_pseudogene;missing_terminal_stop,WP_002516612.1,
PPA_RS06020,True,True,True,True,True,2019,2010,included,included,WP_002531364.1,WP_014598861.1
PPA_RS06710,True,True,True,True,True,2697,2706,included,included,WP_002531327.1,WP_009639888.1
PPA_RS06835,True,True,True,True,True,780,711,included,included,WP_002519408.1,WP_002515339.1
PPA_RS07220,True,True,True,True,True,1485,1524,included,included,WP_002531117.1,WP_007400841.1
PPA_RS07750,True,True,True,True,True,768,807,included,included,WP_156197694.1,WP_002531087.1
PPA_RS07985,True,True,True,True,True,324,288,included,included,WP_002531067.1,WP_023031555.1
PPA_RS08055,True,True,True,True,True,762,744,included,included,WP_002531052.1,WP_225070240.1
PPA_RS08320,True,True,True,False,False,1827,1559,included,annotated_pseudogene;length_not_multiple_of_3,WP_011183896.1,
PPA_RS08595,True,True,True,True,True,921,690,included,included,WP_002522151.1,WP_459560448.1
PPA_RS09410,True,True,True,True,True,1569,1794,included,included,WP_002551223.1,WP_002516036.1
PPA_RS10600,True,True,True,True,True,414,477,included,included,WP_002528120.1,WP_007400997.1
PPA_RS11345,True,False,True,False,False,255,,included,absent,WP_002518499.1,
PPA_RS14385,True,False,False,False,False,651,,internal_stop,absent,,
PPA_RS14715,True,False,False,False,False,273,,partial_location,absent,,
PPA_RS14740,True,False,False,False,False,1603,,length_not_multiple_of_3,absent,,
PPA_RS14780,False,True,False,True,False,,1527,absent,included,,WP_011183700.1
PPA_RS14785,False,True,False,True,False,,1242,absent,included,,WP_446681950.1
PPA_RS14790,False,True,False,True,False,,519,absent,included,,WP_002530972.1
PPA_RS14795,False,True,False,True,False,,492,absent,included,,WP_251781728.1
PPA_RS14800,False,True,False,False,False,,267,absent,partial_location;annotated_pseudogene;missing_terminal_stop,,
PPA_RS14805,False,True,False,True,False,,600,absent,included,,WP_002531068.1
PPA_RS14810,False,True,False,True,False,,297,absent,included,,WP_002514528.1
PPA_RS14815,False,True,False,True,False,,408,absent,included,,WP_479404026.1
PPA_RS14820,False,True,False,True,False,,399,absent,included,,WP_002516465.1
