codon,amino_acid,published_2021_count,published_2021_weight,v2_ribosomal_count,v2_ribosomal_weight,weight_difference_v2_minus_published
AAA,K,47,0.07121212121212121,42,0.06287425149700598,-0.008337869715115229
AAC,N,214,1.0,203,1.0,0.0
AAG,K,660,1.0,668,1.0,0.0
AAT,N,70,0.32710280373831774,57,0.28078817733990147,-0.04631462639841627
ACA,T,25,0.07530120481927711,16,0.050314465408805034,-0.02498673941047208
ACC,T,332,1.0,318,1.0,0.0
ACG,T,66,0.19879518072289157,51,0.16037735849056603,-0.03841782223232554
ACT,T,104,0.3132530120481928,92,0.2893081761006289,-0.02394483594756386
AGA,R,8,0.02077922077922078,2,0.005333333333333333,-0.015445887445887447
AGC,S,85,0.5246913580246914,69,0.4825174825174825,-0.04217387550720886
AGG,R,20,0.05194805194805195,16,0.042666666666666665,-0.009281385281385286
AGT,S,20,0.12345679012345678,9,0.06293706293706294,-0.06051972718639384
ATA,I,5,0.015015015015015015,0,0.0016233766233766235,-0.013391638391638391
ATC,I,333,1.0,308,1.0,0.0
ATG,M,208,1.0,128,1.0,0.0
ATT,I,131,0.3933933933933934,112,0.36363636363636365,-0.029757029757029763
CAA,Q,25,0.09259259259259259,13,0.051181102362204724,-0.041411490230387864
CAC,H,144,1.0,135,1.0,0.0
CAG,Q,270,1.0,254,1.0,0.0
CAT,H,43,0.2986111111111111,40,0.2962962962962963,-0.002314814814814825
CCA,P,27,0.14285714285714285,19,0.10795454545454546,-0.03490259740259739
CCC,P,125,0.6613756613756614,115,0.6534090909090909,-0.007966570466570455
CCG,P,189,1.0,176,1.0,0.0
CCT,P,67,0.3544973544973545,52,0.29545454545454547,-0.05904280904280901
CGA,R,32,0.08311688311688312,21,0.056,-0.027116883116883116
CGC,R,385,1.0,375,1.0,0.0
CGG,R,46,0.11948051948051948,33,0.088,-0.031480519480519484
CGT,R,308,0.8,297,0.792,-0.008000000000000007
CTA,L,6,0.02575107296137339,3,0.014018691588785047,-0.011732381372588344
CTC,L,220,0.944206008583691,199,0.9299065420560748,-0.014299466527616156
CTG,L,233,1.0,214,1.0,0.0
CTT,L,82,0.351931330472103,62,0.2897196261682243,-0.062211704303878734
GAA,E,75,0.14395393474088292,53,0.11157894736842106,-0.03237498737246186
GAC,D,351,1.0,312,1.0,0.0
GAG,E,521,1.0,475,1.0,0.0
GAT,D,138,0.39316239316239315,97,0.3108974358974359,-0.08226495726495725
GCA,A,59,0.12910284463894967,43,0.10141509433962265,-0.02768775029932702
GCC,A,457,1.0,424,1.0,0.0
GCG,A,111,0.24288840262582057,89,0.2099056603773585,-0.032982742248462066
GCT,A,274,0.5995623632385121,250,0.589622641509434,-0.009939721729078088
GGA,G,89,0.26099706744868034,71,0.21981424148606812,-0.04118282596261222
GGC,G,341,1.0,323,1.0,0.0
GGG,G,70,0.20527859237536658,50,0.15479876160990713,-0.05047983076545945
GGT,G,281,0.8240469208211144,255,0.7894736842105263,-0.03457323661058809
GTA,V,17,0.041463414634146344,9,0.02406417112299465,-0.017399243511151692
GTC,V,410,1.0,374,1.0,0.0
GTG,V,210,0.5121951219512195,194,0.5187165775401069,0.006521455588887393
GTT,V,161,0.3926829268292683,133,0.35561497326203206,-0.037067953567236245
TAC,Y,153,1.0,144,1.0,0.0
TAT,Y,28,0.1830065359477124,20,0.1388888888888889,-0.04411764705882351
TCA,S,26,0.16049382716049382,15,0.1048951048951049,-0.05559872226538892
TCC,S,162,1.0,143,1.0,0.0
TCG,S,122,0.7530864197530864,114,0.7972027972027972,0.04411637744971075
TCT,S,53,0.3271604938271605,40,0.27972027972027974,-0.04744021410688076
TGC,C,41,1.0,34,1.0,0.0
TGG,W,63,1.0,52,1.0,0.0
TGT,C,16,0.3902439024390244,7,0.20588235294117646,-0.18436154949784794
TTA,L,10,0.04291845493562232,4,0.018691588785046728,-0.02422686615057559
TTC,F,166,1.0,145,1.0,0.0
TTG,L,55,0.23605150214592274,32,0.14953271028037382,-0.08651879186554892
TTT,F,35,0.21084337349397592,20,0.13793103448275862,-0.0729123390112173
