codon_dna,codon_rna,amino_acid,synonymous_family_size,gc_bases,v1_count,v2_qc_count,sampling_probability_v1,host_preference_v1,harmonization_midrank_v1,cai_reference_count,cai_weight,tai_classic_W,tai_classic_w,stai_W,stai_w
AAA,AAA,K,2,0,5565,5587,0.25734104046242773,0.34651307596513076,0.25,42,0.06287425149700598,1.0,0.7575757575757577,1.0,0.9995268749508738
AAC,AAC,N,2,1,12591,12642,0.6714125739881619,1.0,0.75,203,1.0,1.0,0.7575757575757577,1.0,0.9995268749508738
AAG,AAG,K,2,1,16060,16106,0.7426589595375722,1.0,0.75,668,1.0,1.3199999999999998,1.0,1.0004733490023963,1.0
AAT,AAU,N,2,0,6162,6164,0.3285874260118381,0.4893971884679533,0.25,57,0.28078817733990147,0.5900000000000001,0.4469696969696971,0.9814133710247053,0.9809490397753261
ACA,ACA,T,4,1,4031,4030,0.08678148546824542,0.17089197897235883,0.125,16,0.050314465408805034,1.0,0.7575757575757577,1.0,0.9995268749508738
ACC,ACC,T,4,2,23588,23651,0.5078148546824542,1.0,0.875,318,1.0,1.0,0.7575757575757577,1.0,0.9995268749508738
ACG,ACG,T,4,2,10603,10622,0.22826695371367062,0.44950822452094286,0.625,51,0.16037735849056603,1.3199999999999998,1.0,1.0004733490023963,1.0
ACT,ACU,T,4,1,8228,8247,0.1771367061356297,0.3488214346277768,0.375,92,0.2893081761006289,0.5900000000000001,0.4469696969696971,0.9814133710247053,0.9809490397753261
AGA,AGA,R,6,1,1661,1666,0.033143107989464446,0.09793632075471698,0.08333333333333333,2,0.005333333333333333,1.0,0.7575757575757577,1.0,0.9995268749508738
AGC,AGC,S,6,2,7189,7208,0.15907682775712514,0.5761801715155886,0.5833333333333334,69,0.4825174825174825,1.0,0.7575757575757577,1.0,0.9995268749508738
AGG,AGG,R,6,2,3287,3290,0.06558783621996966,0.19380896226415095,0.25,16,0.042666666666666665,1.3199999999999998,1.0,1.0004733490023963,1.0
AGT,AGU,S,6,1,3565,3565,0.07888564347672154,0.2857257353530496,0.08333333333333333,9,0.06293706293706294,0.5900000000000001,0.4469696969696971,0.9814133710247053,0.9809490397753261
ATA,AUA,I,3,0,1660,1663,0.0447680690399137,0.06533375314861462,0.16666666666666666,0,0.0016233766233766235,0.10999999999999999,0.08333333333333333,0.0009137683538866792,0.0009133360271893566
ATC,AUC,I,3,1,25408,25473,0.6852211434735707,1.0,0.8333333333333334,308,1.0,1.0,0.7575757575757577,1.0,0.9995268749508738
ATG,AUG,M,1,1,17854,17871,1.0,1.0,0.5,128,1.0,1.0,0.7575757575757577,1.0,0.9995268749508738
ATT,AUU,I,3,0,10012,10014,0.27001078748651564,0.39404911838790935,0.5,112,0.36363636363636365,0.5900000000000001,0.4469696969696971,0.9814133710247053,0.9809490397753261
CAA,CAA,Q,2,1,5441,5442,0.24075221238938052,0.31709307069176523,0.25,13,0.051181102362204724,1.0,0.7575757575757577,1.0,0.9995268749508738
CAC,CAC,H,2,2,12089,12127,0.6523311029570472,1.0,0.75,135,1.0,1.0,0.7575757575757577,1.0,0.9995268749508738
CAG,CAG,Q,2,2,17159,17183,0.7592477876106195,1.0,0.75,254,1.0,1.3199999999999998,1.0,1.0004733490023963,1.0
CAT,CAU,H,2,1,6443,6458,0.34766889704295273,0.532963851435189,0.25,40,0.2962962962962963,0.5900000000000001,0.4469696969696971,0.9814133710247053,0.9809490397753261
CCA,CCA,P,4,2,5691,5698,0.1478757957645836,0.3730335605663346,0.125,19,0.10795454545454546,1.0,0.7575757575757577,1.0,0.9995268749508738
CCC,CCC,P,4,3,11296,11326,0.2935169546576588,0.7404299947561616,0.625,115,0.6534090909090909,1.0,0.7575757575757577,1.0,0.9995268749508738
CCG,CCG,P,4,3,15256,15303,0.3964141873457191,1.0,0.875,176,1.0,1.3199999999999998,1.0,1.0004733490023963,1.0
CCT,CCU,P,4,2,6242,6244,0.16219306223203844,0.40915049816465654,0.375,52,0.29545454545454547,0.5900000000000001,0.4469696969696971,0.9814133710247053,0.9809490397753261
CGA,CGA,R,6,2,6346,6368,0.12662622715300503,0.3741745283018868,0.4166666666666667,21,0.056,9.999999999998899e-05,7.575757575756742e-05,0.6700102708969473,0.6696932722546141
CGC,CGC,R,6,3,16960,17002,0.3384148774842366,1.0,0.9166666666666666,375,1.0,0.72,0.5454545454545455,1.0,0.9995268749508738
CGG,CGG,R,6,3,9151,9166,0.18259637640673637,0.539563679245283,0.5833333333333334,33,0.088,1.0,0.7575757575757577,1.0,0.9995268749508738
CGT,CGU,R,6,2,12711,12737,0.25363157474658793,0.7494693396226415,0.75,297,0.792,1.0,0.7575757575757577,1.0,0.9995268749508738
CTA,CUA,L,6,1,4493,4494,0.06478450824045102,0.2004461298237787,0.25,3,0.014018691588785047,1.0,0.7575757575757577,1.0,0.9995268749508738
CTC,CUC,L,6,2,20443,20487,0.29476734964601387,0.9120231987508365,0.75,199,0.9299065420560748,1.0,0.7575757575757577,1.0,0.9995268749508738
CTG,CUG,L,6,2,22415,22470,0.3232015918561562,1.0,0.9166666666666666,214,1.0,1.3199999999999998,1.0,1.0004733490023963,1.0
CTT,CUU,L,6,1,9078,9089,0.13089556327772411,0.4049966540263217,0.4166666666666667,62,0.2897196261682243,0.5900000000000001,0.4469696969696971,0.9814133710247053,0.9809490397753261
GAA,GAA,E,2,1,11444,11462,0.2918866528936159,0.41220329215142454,0.25,53,0.11157894736842106,1.0,0.7575757575757577,1.0,0.9995268749508738
GAC,GAC,D,2,2,30515,30580,0.6601406165494862,1.0,0.75,312,1.0,1.0,0.7575757575757577,1.0,0.9995268749508738
GAG,GAG,E,2,2,27763,27823,0.7081133471063841,1.0,0.75,475,1.0,1.3199999999999998,1.0,1.0004733490023963,1.0
GAT,GAU,D,2,1,15710,15731,0.3398593834505138,0.5148287727347206,0.25,97,0.3108974358974359,0.5900000000000001,0.4469696969696971,0.9814133710247053,0.9809490397753261
GCA,GCA,A,4,2,10047,10045,0.12256175663311986,0.27905232751916453,0.125,43,0.10141509433962265,1.0,0.7575757575757577,1.0,0.9995268749508738
GCC,GCC,A,4,3,36004,36071,0.43920707532784387,1.0,0.875,424,1.0,1.0,0.7575757575757577,1.0,0.9995268749508738
GCG,GCG,A,4,3,16529,16560,0.20163464470875267,0.45908787912454174,0.375,89,0.2099056603773585,1.3199999999999998,1.0,1.0004733490023963,1.0
GCT,GCU,A,4,2,19395,19411,0.23659652333028364,0.5386901455393845,0.625,250,0.589622641509434,0.5900000000000001,0.4469696969696971,0.9814133710247053,0.9809490397753261
GGA,GGA,G,4,2,11717,11718,0.18541610621429588,0.5206629932456452,0.125,71,0.21981424148606812,1.0,0.7575757575757577,1.0,0.9995268749508738
GGC,GGC,G,4,3,22504,22548,0.3561153925276534,1.0,0.875,323,1.0,1.0,0.7575757575757577,1.0,0.9995268749508738
GGG,GGG,G,4,3,13002,13027,0.20575063693763548,0.5777639530750089,0.375,50,0.15479876160990713,1.3199999999999998,1.0,1.0004733490023963,1.0
GGT,GGU,G,4,2,15970,15991,0.2527178643204152,0.709651617490224,0.625,255,0.7894736842105263,0.5900000000000001,0.4469696969696971,0.9814133710247053,0.9809490397753261
GTA,GUA,V,4,1,4731,4736,0.07109688472115774,0.1592607554029489,0.125,9,0.02406417112299465,1.0,0.7575757575757577,1.0,0.9995268749508738
GTC,GUC,V,4,2,29706,29773,0.44641810558586176,1.0,0.875,374,1.0,1.0,0.7575757575757577,1.0,0.9995268749508738
GTG,GUG,V,4,2,20339,20380,0.30565198443111974,0.6846764963307076,0.625,194,0.5187165775401069,1.3199999999999998,1.0,1.0004733490023963,1.0
GTT,GUU,V,4,1,11767,11781,0.17683302526186076,0.3961152629098499,0.375,133,0.35561497326203206,0.5900000000000001,0.4469696969696971,0.9814133710247053,0.9809490397753261
TAC,UAC,Y,2,1,10481,10506,0.7068384138117075,1.0,0.75,144,1.0,1.0,0.7575757575757577,1.0,0.9995268749508738
TAT,UAU,Y,2,0,4347,4344,0.2931615861882924,0.4147505009064021,0.25,20,0.1388888888888889,0.5900000000000001,0.4469696969696971,0.9814133710247053,0.9809490397753261
TCA,UCA,S,6,1,4756,4764,0.10523986546291379,0.38118137372765887,0.25,15,0.1048951048951049,1.0,0.7575757575757577,1.0,0.9995268749508738
TCC,UCC,S,6,2,12477,12520,0.27608868826340943,1.0,0.9166666666666666,143,1.0,1.0,0.7575757575757577,1.0,0.9995268749508738
TCG,UCG,S,6,2,11502,11523,0.25451407328730746,0.921856215436403,0.75,114,0.7972027972027972,1.3199999999999998,1.0,1.0004733490023963,1.0
TCT,UCU,S,6,1,5703,5712,0.12619490175252257,0.4570810290935321,0.4166666666666667,40,0.27972027972027974,0.5900000000000001,0.4469696969696971,0.9814133710247053,0.9809490397753261
TGC,UGC,C,2,2,5146,5155,0.654041687849517,1.0,0.75,34,1.0,1.0,0.7575757575757577,1.0,0.9995268749508738
TGG,UGG,W,1,2,12050,12071,1.0,1.0,0.5,52,1.0,1.0,0.7575757575757577,1.0,0.9995268749508738
TGT,UGU,C,2,1,2722,2732,0.34595831215048295,0.5289545277885737,0.25,7,0.20588235294117646,0.5900000000000001,0.4469696969696971,0.9814133710247053,0.9809490397753261
TTA,UUA,L,6,0,2186,2190,0.031519905411445795,0.0975239794780281,0.08333333333333333,4,0.018691588785046728,1.0,0.7575757575757577,1.0,0.9995268749508738
TTC,UUC,F,2,1,16412,16466,0.756452802359882,1.0,0.75,145,1.0,1.0,0.7575757575757577,1.0,0.9995268749508738
TTG,UUG,L,6,1,10738,10747,0.15483108156820902,0.4790542047735891,0.5833333333333334,32,0.14953271028037382,1.3199999999999998,1.0,1.0004733490023963,1.0
TTT,UUU,F,2,0,5284,5286,0.243547197640118,0.3219595417986839,0.25,20,0.13793103448275862,0.5900000000000001,0.4469696969696971,0.9814133710247053,0.9809490397753261
