codon,amino_acid,v1_count,v2_qc_count,delta_v2_minus_v1,sampling_probability_v1,host_preference_v1,rscu_v1,harmonization_midrank_v1
AAA,K,5565,5587,22,0.25734104046242773,0.34651307596513076,0.5146820809248555,0.25
AAC,N,12591,12642,51,0.6714125739881619,1.0,1.3428251479763238,0.75
AAG,K,16060,16106,46,0.7426589595375722,1.0,1.4853179190751444,0.75
AAT,N,6162,6164,2,0.3285874260118381,0.4893971884679533,0.6571748520236762,0.25
ACA,T,4031,4030,-1,0.08678148546824542,0.17089197897235883,0.3471259418729817,0.125
ACC,T,23588,23651,63,0.5078148546824542,1.0,2.031259418729817,0.875
ACG,T,10603,10622,19,0.22826695371367062,0.44950822452094286,0.9130678148546825,0.625
ACT,T,8228,8247,19,0.1771367061356297,0.3488214346277768,0.7085468245425188,0.375
AGA,R,1661,1666,5,0.033143107989464446,0.09793632075471698,0.19885864793678665,0.08333333333333333
AGC,S,7189,7208,19,0.15907682775712514,0.5761801715155886,0.9544609665427509,0.5833333333333334
AGG,R,3287,3290,3,0.06558783621996966,0.19380896226415095,0.39352701731981804,0.25
AGT,S,3565,3565,0,0.07888564347672154,0.2857257353530496,0.4733138608603293,0.08333333333333333
ATA,I,1660,1663,3,0.0447680690399137,0.06533375314861462,0.1343042071197411,0.16666666666666666
ATC,I,25408,25473,65,0.6852211434735707,1.0,2.055663430420712,0.8333333333333334
ATG,M,17854,17871,17,1.0,1.0,1.0,0.5
ATT,I,10012,10014,2,0.27001078748651564,0.39404911838790935,0.8100323624595469,0.5
CAA,Q,5441,5442,1,0.24075221238938052,0.31709307069176523,0.48150442477876104,0.25
CAC,H,12089,12127,38,0.6523311029570472,1.0,1.3046622059140944,0.75
CAG,Q,17159,17183,24,0.7592477876106195,1.0,1.518495575221239,0.75
CAT,H,6443,6458,15,0.34766889704295273,0.532963851435189,0.6953377940859055,0.25
CCA,P,5691,5698,7,0.1478757957645836,0.3730335605663346,0.5915031830583344,0.125
CCC,P,11296,11326,30,0.2935169546576588,0.7404299947561616,1.1740678186306353,0.625
CCG,P,15256,15303,47,0.3964141873457191,1.0,1.5856567493828764,0.875
CCT,P,6242,6244,2,0.16219306223203844,0.40915049816465654,0.6487722489281538,0.375
CGA,R,6346,6368,22,0.12662622715300503,0.3741745283018868,0.7597573629180302,0.4166666666666667
CGC,R,16960,17002,42,0.3384148774842366,1.0,2.0304892649054196,0.9166666666666666
CGG,R,9151,9166,15,0.18259637640673637,0.539563679245283,1.0955782584404183,0.5833333333333334
CGT,R,12711,12737,26,0.25363157474658793,0.7494693396226415,1.5217894484795276,0.75
CTA,L,4493,4494,1,0.06478450824045102,0.2004461298237787,0.3887070494427062,0.25
CTC,L,20443,20487,44,0.29476734964601387,0.9120231987508365,1.7686040978760833,0.75
CTG,L,22415,22470,55,0.3232015918561562,1.0,1.9392095511369372,0.9166666666666666
CTT,L,9078,9089,11,0.13089556327772411,0.4049966540263217,0.7853733796663447,0.4166666666666667
GAA,E,11444,11462,18,0.2918866528936159,0.41220329215142454,0.5837733057872319,0.25
GAC,D,30515,30580,65,0.6601406165494862,1.0,1.3202812330989724,0.75
GAG,E,27763,27823,60,0.7081133471063841,1.0,1.4162266942127681,0.75
GAT,D,15710,15731,21,0.3398593834505138,0.5148287727347206,0.6797187669010276,0.25
GCA,A,10047,10045,-2,0.12256175663311986,0.27905232751916453,0.4902470265324794,0.125
GCC,A,36004,36071,67,0.43920707532784387,1.0,1.7568283013113755,0.875
GCG,A,16529,16560,31,0.20163464470875267,0.45908787912454174,0.8065385788350107,0.375
GCT,A,19395,19411,16,0.23659652333028364,0.5386901455393845,0.9463860933211345,0.625
GGA,G,11717,11718,1,0.18541610621429588,0.5206629932456452,0.7416644248571835,0.125
GGC,G,22504,22548,44,0.3561153925276534,1.0,1.4244615701106136,0.875
GGG,G,13002,13027,25,0.20575063693763548,0.5777639530750089,0.8230025477505419,0.375
GGT,G,15970,15991,21,0.2527178643204152,0.709651617490224,1.0108714572816608,0.625
GTA,V,4731,4736,5,0.07109688472115774,0.1592607554029489,0.284387538884631,0.125
GTC,V,29706,29773,67,0.44641810558586176,1.0,1.785672422343447,0.875
GTG,V,20339,20380,41,0.30565198443111974,0.6846764963307076,1.222607937724479,0.625
GTT,V,11767,11781,14,0.17683302526186076,0.3961152629098499,0.707332101047443,0.375
TAC,Y,10481,10506,25,0.7068384138117075,1.0,1.413676827623415,0.75
TAT,Y,4347,4344,-3,0.2931615861882924,0.4147505009064021,0.5863231723765848,0.25
TCA,S,4756,4764,8,0.10523986546291379,0.38118137372765887,0.6314391927774827,0.25
TCC,S,12477,12520,43,0.27608868826340943,1.0,1.6565321295804567,0.9166666666666666
TCG,S,11502,11523,21,0.25451407328730746,0.921856215436403,1.527084439723845,0.75
TCT,S,5703,5712,9,0.12619490175252257,0.4570810290935321,0.7571694105151354,0.4166666666666667
TGC,C,5146,5155,9,0.654041687849517,1.0,1.308083375699034,0.75
TGG,W,12050,12071,21,1.0,1.0,1.0,0.5
TGT,C,2722,2732,10,0.34595831215048295,0.5289545277885737,0.6919166243009659,0.25
TTA,L,2186,2190,4,0.031519905411445795,0.0975239794780281,0.18911943246867474,0.08333333333333333
TTC,F,16412,16466,54,0.756452802359882,1.0,1.512905604719764,0.75
TTG,L,10738,10747,9,0.15483108156820902,0.4790542047735891,0.9289864894092541,0.5833333333333334
TTT,F,5284,5286,2,0.243547197640118,0.3219595417986839,0.487094395280236,0.25
