start_index,initial_rho,final_rho,sweeps,evaluations_cumulative,termination,G_U,I_C,I_A,U_G,L_A
0,0.21220312815703268,0.23180953214648284,30,177,step_below_0.001,0.3965909877723642,0.0,0.9999,1.0,0.04941508510391675
1,-0.013673118013838258,0.23176132210442635,37,388,step_below_0.001,0.05761316872427985,0.0,0.6592223698820886,1.0,0.00202729460863833
2,0.12948712093386242,0.23174546641441418,32,594,step_below_0.001,0.40192729460863835,0.0,0.9999,1.0,0.02449682022543239
3,0.08697360354833511,0.231782766507236,28,776,step_below_0.001,0.10630417789922475,0.0,0.8709464893579691,1.0,0.008587431251257653
4,0.10727603088157486,0.2317994410664967,38,1007,step_below_0.001,0.2711584966022355,0.0018257747235288341,0.9968583737894119,1.0,0.0317610473675758
5,0.03336677482150139,0.23180776783126006,38,1229,step_below_0.001,0.10094879954299624,0.0,0.8565183315072653,1.0,0.010562479963756484
6,0.15171907604748514,0.24104102754618348,27,1377,step_below_0.001,0.0,0.0,0.0019117227270524229,1.0,0.03375046872222173
7,0.15643295069066493,0.23176608524115022,31,1575,step_below_0.001,0.18346673145885128,0.0,0.9749090283457298,1.0,0.006654948867262602
8,0.11363476678617225,0.23175078765085136,42,1812,step_below_0.001,0.014920506622829132,0.0,0.23911284948445743,1.0,0.00047334900239636444
9,0.19360698905833196,0.2317501858290407,34,2002,step_below_0.001,0.19368481683835714,0.0,0.9799582632714234,1.0,0.007394729477309043
10,0.05221229189687153,0.231787920570948,30,2173,step_below_0.001,0.013541663443806862,0.0,0.2198055763220886,1.0,0.001001796830468496
11,0.035485506447917405,0.2317776407342929,33,2387,step_below_0.001,0.08162569345849024,0.0,0.7879189819548914,1.0,0.00783620601898164
12,0.03890534335683475,0.24741681690543338,45,2651,step_below_0.001,0.012272116697276965,0.0,0.2305017387601485,0.9989982031695315,0.9897451402683127
13,0.0571183328680402,0.24743179558117695,42,2911,step_below_0.001,0.012272116697276965,0.0,0.2305934031432215,0.9989982031695315,0.9896844184292006
14,0.08956801614890535,0.2473768466358147,45,3176,step_below_0.001,0.016140396192084516,0.0,0.28774257841874584,1.0,0.9973492660465753
15,0.030662156819898954,0.23174728988306278,32,3376,step_below_0.001,0.13891190890814514,0.0,0.9304469623992633,1.0,0.0011646160517709554
16,0.028233371234989677,0.2317863542911074,33,3582,step_below_0.001,0.05761316872427985,0.0,0.6605105865318632,1.0,0.004535285462587944
17,0.013253718173988628,0.2472626548050701,61,3933,step_below_0.001,0.004951951999661589,0.0,0.10533692720274399,1.0,0.8174238175528111
18,0.040866912051015634,0.23178726731137572,32,4129,step_below_0.001,0.03988411847001583,0.0,0.5242048291945546,1.0,0.004492090485402256
19,0.11526236810718549,0.24736681370041524,41,4390,step_below_0.001,0.011052227128021579,0.0,0.2069387496076848,1.0,0.9832310215459282
20,0.12216372865883016,0.23171762829783807,34,4597,step_below_0.001,0.009405458355127183,0.0,0.15783995603472017,1.0,0.001001796830468496
21,0.12446531380676744,0.23178107420487948,38,4825,step_below_0.001,0.10072763358459469,0.0,0.8553181430075757,1.0,0.009971795507591495
22,0.12917875894465033,0.24739479069894768,39,5069,step_below_0.001,0.007459295867655431,0.0,0.14991244036739315,1.0,0.9368579798053611
23,0.1479593589948757,0.23176211167406688,35,5276,step_below_0.001,0.12552710797973024,0.0,0.9120559567942061,1.0,0.0030739313799932563
24,0.1532566484288687,0.23176912006908443,37,5493,step_below_0.001,0.32205238160589866,0.0,0.9991473809876465,1.0,0.013954419034114927
25,0.14857606687591907,0.23175439600982736,31,5677,step_below_0.001,0.03889706747348143,0.0,0.512737333861976,1.0,0.0008626785568673747
26,0.1350635267525051,0.23177810881792343,36,5899,step_below_0.001,0.24753127616801615,0.0,0.9943399327087694,1.0,0.018102166507308344
27,0.1013228354214479,0.23176738404463051,36,6116,step_below_0.001,0.3452507129966543,0.0,0.9995515462866273,1.0,0.01068195919106492
28,0.11165542377398592,0.23175900226137836,35,6343,step_below_0.001,0.1837687743433577,0.0,0.9748754024605676,1.0,0.00975161548455563
29,0.10671944345454616,0.231758572756069,35,6563,step_below_0.001,0.07428858518631419,0.0,0.7538211428403156,1.0,0.0027951609408624254
30,0.07248717688146125,0.2318119985871514,36,6781,step_below_0.001,0.08510389280951625,0.0,0.8027060162585765,1.0,0.008587431251257653
31,0.12473126245785578,0.2318100079457776,33,6990,step_below_0.001,0.08604751252532188,0.0,0.8061690489000726,1.0,0.009188631740114108
32,0.13488780507642287,0.23175443201626048,34,7199,step_below_0.001,0.060433068571968285,0.0,0.6710211075184197,1.0,0.0014629990462954304
33,0.11963951831325584,0.2474784367701552,36,7415,step_below_0.001,0.018586628975294672,0.0,0.32998972910305274,0.9995266509976036,0.9990862316461133
34,0.08109379176866677,0.23182369553413848,35,7617,step_below_0.001,0.17952956012077148,0.0,0.9729381963578885,1.0,0.02021762382253271
