codon,amino_acid,absolute_W,relative_w,imputed,model
AAA,K,1.0,0.9995268749508738,False,stai_dcbs_hillclimb_v1
AAC,N,1.0,0.9995268749508738,False,stai_dcbs_hillclimb_v1
AAG,K,1.0004733490023963,1.0,False,stai_dcbs_hillclimb_v1
AAT,N,0.9814133710247053,0.9809490397753261,False,stai_dcbs_hillclimb_v1
ACA,T,1.0,0.9995268749508738,False,stai_dcbs_hillclimb_v1
ACC,T,1.0,0.9995268749508738,False,stai_dcbs_hillclimb_v1
ACG,T,1.0004733490023963,1.0,False,stai_dcbs_hillclimb_v1
ACT,T,0.9814133710247053,0.9809490397753261,False,stai_dcbs_hillclimb_v1
AGA,R,1.0,0.9995268749508738,False,stai_dcbs_hillclimb_v1
AGC,S,1.0,0.9995268749508738,False,stai_dcbs_hillclimb_v1
AGG,R,1.0004733490023963,1.0,False,stai_dcbs_hillclimb_v1
AGT,S,0.9814133710247053,0.9809490397753261,False,stai_dcbs_hillclimb_v1
ATA,I,0.0009137683538866792,0.0009133360271893566,False,stai_dcbs_hillclimb_v1
ATC,I,1.0,0.9995268749508738,False,stai_dcbs_hillclimb_v1
ATG,M,1.0,0.9995268749508738,False,stai_dcbs_hillclimb_v1
ATT,I,0.9814133710247053,0.9809490397753261,False,stai_dcbs_hillclimb_v1
CAA,Q,1.0,0.9995268749508738,False,stai_dcbs_hillclimb_v1
CAC,H,1.0,0.9995268749508738,False,stai_dcbs_hillclimb_v1
CAG,Q,1.0004733490023963,1.0,False,stai_dcbs_hillclimb_v1
CAT,H,0.9814133710247053,0.9809490397753261,False,stai_dcbs_hillclimb_v1
CCA,P,1.0,0.9995268749508738,False,stai_dcbs_hillclimb_v1
CCC,P,1.0,0.9995268749508738,False,stai_dcbs_hillclimb_v1
CCG,P,1.0004733490023963,1.0,False,stai_dcbs_hillclimb_v1
CCT,P,0.9814133710247053,0.9809490397753261,False,stai_dcbs_hillclimb_v1
CGA,R,0.6700102708969473,0.6696932722546141,False,stai_dcbs_hillclimb_v1
CGC,R,1.0,0.9995268749508738,False,stai_dcbs_hillclimb_v1
CGG,R,1.0,0.9995268749508738,False,stai_dcbs_hillclimb_v1
CGT,R,1.0,0.9995268749508738,False,stai_dcbs_hillclimb_v1
CTA,L,1.0,0.9995268749508738,False,stai_dcbs_hillclimb_v1
CTC,L,1.0,0.9995268749508738,False,stai_dcbs_hillclimb_v1
CTG,L,1.0004733490023963,1.0,False,stai_dcbs_hillclimb_v1
CTT,L,0.9814133710247053,0.9809490397753261,False,stai_dcbs_hillclimb_v1
GAA,E,1.0,0.9995268749508738,False,stai_dcbs_hillclimb_v1
GAC,D,1.0,0.9995268749508738,False,stai_dcbs_hillclimb_v1
GAG,E,1.0004733490023963,1.0,False,stai_dcbs_hillclimb_v1
GAT,D,0.9814133710247053,0.9809490397753261,False,stai_dcbs_hillclimb_v1
GCA,A,1.0,0.9995268749508738,False,stai_dcbs_hillclimb_v1
GCC,A,1.0,0.9995268749508738,False,stai_dcbs_hillclimb_v1
GCG,A,1.0004733490023963,1.0,False,stai_dcbs_hillclimb_v1
GCT,A,0.9814133710247053,0.9809490397753261,False,stai_dcbs_hillclimb_v1
GGA,G,1.0,0.9995268749508738,False,stai_dcbs_hillclimb_v1
GGC,G,1.0,0.9995268749508738,False,stai_dcbs_hillclimb_v1
GGG,G,1.0004733490023963,1.0,False,stai_dcbs_hillclimb_v1
GGT,G,0.9814133710247053,0.9809490397753261,False,stai_dcbs_hillclimb_v1
GTA,V,1.0,0.9995268749508738,False,stai_dcbs_hillclimb_v1
GTC,V,1.0,0.9995268749508738,False,stai_dcbs_hillclimb_v1
GTG,V,1.0004733490023963,1.0,False,stai_dcbs_hillclimb_v1
GTT,V,0.9814133710247053,0.9809490397753261,False,stai_dcbs_hillclimb_v1
TAC,Y,1.0,0.9995268749508738,False,stai_dcbs_hillclimb_v1
TAT,Y,0.9814133710247053,0.9809490397753261,False,stai_dcbs_hillclimb_v1
TCA,S,1.0,0.9995268749508738,False,stai_dcbs_hillclimb_v1
TCC,S,1.0,0.9995268749508738,False,stai_dcbs_hillclimb_v1
TCG,S,1.0004733490023963,1.0,False,stai_dcbs_hillclimb_v1
TCT,S,0.9814133710247053,0.9809490397753261,False,stai_dcbs_hillclimb_v1
TGC,C,1.0,0.9995268749508738,False,stai_dcbs_hillclimb_v1
TGG,W,1.0,0.9995268749508738,False,stai_dcbs_hillclimb_v1
TGT,C,0.9814133710247053,0.9809490397753261,False,stai_dcbs_hillclimb_v1
TTA,L,1.0,0.9995268749508738,False,stai_dcbs_hillclimb_v1
TTC,F,1.0,0.9995268749508738,False,stai_dcbs_hillclimb_v1
TTG,L,1.0004733490023963,1.0,False,stai_dcbs_hillclimb_v1
TTT,F,0.9814133710247053,0.9809490397753261,False,stai_dcbs_hillclimb_v1
