codon,amino_acid,trna_locus_tag,anticodon_dna_5to3,pair_type,gene_copy_count,role,assumption,classic_s,classic_contribution
ATC,I,PPA_RS00100,GAT,WC,1,elongator,bacterial_wobble,0.0,1.0
ATT,I,PPA_RS00100,GAT,G_U,1,elongator,bacterial_wobble,0.41,0.5900000000000001
GCA,A,PPA_RS00620,TGC,WC,1,elongator,bacterial_wobble,0.0,1.0
GCG,A,PPA_RS00620,TGC,U_G,1,elongator,bacterial_wobble,0.68,0.31999999999999995
TCC,S,PPA_RS01055,GGA,WC,1,elongator,bacterial_wobble,0.0,1.0
TCT,S,PPA_RS01055,GGA,G_U,1,elongator,bacterial_wobble,0.41,0.5900000000000001
ACG,T,PPA_RS01300,CGT,WC,1,elongator,bacterial_wobble,0.0,1.0
ACA,T,PPA_RS02245,TGT,WC,1,elongator,bacterial_wobble,0.0,1.0
ACG,T,PPA_RS02245,TGT,U_G,1,elongator,bacterial_wobble,0.68,0.31999999999999995
AGG,R,PPA_RS02485,CCT,WC,1,elongator,bacterial_wobble,0.0,1.0
GCG,A,PPA_RS02535,CGC,WC,1,elongator,bacterial_wobble,0.0,1.0
CAA,Q,PPA_RS02710,TTG,WC,1,elongator,bacterial_wobble,0.0,1.0
CAG,Q,PPA_RS02710,TTG,U_G,1,elongator,bacterial_wobble,0.68,0.31999999999999995
TTA,L,PPA_RS02815,TAA,WC,1,elongator,bacterial_wobble,0.0,1.0
TTG,L,PPA_RS02815,TAA,U_G,1,elongator,bacterial_wobble,0.68,0.31999999999999995
TTG,L,PPA_RS03950,CAA,WC,1,elongator,bacterial_wobble,0.0,1.0
GCC,A,PPA_RS04275,GGC,WC,1,elongator,bacterial_wobble,0.0,1.0
GCT,A,PPA_RS04275,GGC,G_U,1,elongator,bacterial_wobble,0.41,0.5900000000000001
AAC,N,PPA_RS04845,GTT,WC,1,elongator,bacterial_wobble,0.0,1.0
AAT,N,PPA_RS04845,GTT,G_U,1,elongator,bacterial_wobble,0.41,0.5900000000000001
ATA,I,PPA_RS04905,CAT,L_A,1,elongator,Ile_CAT_lysidine,0.89,0.10999999999999999
GTC,V,PPA_RS05400,GAC,WC,1,elongator,bacterial_wobble,0.0,1.0
GTT,V,PPA_RS05400,GAC,G_U,1,elongator,bacterial_wobble,0.41,0.5900000000000001
TGC,C,PPA_RS05405,GCA,WC,1,elongator,bacterial_wobble,0.0,1.0
TGT,C,PPA_RS05405,GCA,G_U,1,elongator,bacterial_wobble,0.41,0.5900000000000001
GGC,G,PPA_RS05410,GCC,WC,1,elongator,bacterial_wobble,0.0,1.0
GGT,G,PPA_RS05410,GCC,G_U,1,elongator,bacterial_wobble,0.41,0.5900000000000001
GTG,V,PPA_RS05415,CAC,WC,1,elongator,bacterial_wobble,0.0,1.0
CCC,P,PPA_RS06105,GGG,WC,1,elongator,bacterial_wobble,0.0,1.0
CCT,P,PPA_RS06105,GGG,G_U,1,elongator,bacterial_wobble,0.41,0.5900000000000001
CGG,R,PPA_RS06350,CCG,WC,1,elongator,bacterial_wobble,0.0,1.0
GTA,V,PPA_RS06830,TAC,WC,1,elongator,bacterial_wobble,0.0,1.0
GTG,V,PPA_RS06830,TAC,U_G,1,elongator,bacterial_wobble,0.68,0.31999999999999995
GAG,E,PPA_RS06890,CTC,WC,1,elongator,bacterial_wobble,0.0,1.0
CAG,Q,PPA_RS06895,CTG,WC,1,elongator,bacterial_wobble,0.0,1.0
CTC,L,PPA_RS07200,GAG,WC,1,elongator,bacterial_wobble,0.0,1.0
CTT,L,PPA_RS07200,GAG,G_U,1,elongator,bacterial_wobble,0.41,0.5900000000000001
GGA,G,PPA_RS07945,TCC,WC,1,elongator,bacterial_wobble,0.0,1.0
GGG,G,PPA_RS07945,TCC,U_G,1,elongator,bacterial_wobble,0.68,0.31999999999999995
CCA,P,PPA_RS08160,TGG,WC,1,elongator,bacterial_wobble,0.0,1.0
CCG,P,PPA_RS08160,TGG,U_G,1,elongator,bacterial_wobble,0.68,0.31999999999999995
AGA,R,PPA_RS08285,TCT,WC,1,elongator,bacterial_wobble,0.0,1.0
AGG,R,PPA_RS08285,TCT,U_G,1,elongator,bacterial_wobble,0.68,0.31999999999999995
CAC,H,PPA_RS08300,GTG,WC,1,elongator,bacterial_wobble,0.0,1.0
CAT,H,PPA_RS08300,GTG,G_U,1,elongator,bacterial_wobble,0.41,0.5900000000000001
AAG,K,PPA_RS08370,CTT,WC,1,elongator,bacterial_wobble,0.0,1.0
CTA,L,PPA_RS08400,TAG,WC,1,elongator,bacterial_wobble,0.0,1.0
CTG,L,PPA_RS08400,TAG,U_G,1,elongator,bacterial_wobble,0.68,0.31999999999999995
TGG,W,PPA_RS09505,CCA,WC,1,elongator,bacterial_wobble,0.0,1.0
ATG,M,PPA_RS09535,CAT,WC,1,elongator_inferred,bacterial_wobble,0.0,1.0
ACC,T,PPA_RS09540,GGT,WC,1,elongator,bacterial_wobble,0.0,1.0
ACT,T,PPA_RS09540,GGT,G_U,1,elongator,bacterial_wobble,0.41,0.5900000000000001
TAC,Y,PPA_RS09545,GTA,WC,1,elongator,bacterial_wobble,0.0,1.0
TAT,Y,PPA_RS09545,GTA,G_U,1,elongator,bacterial_wobble,0.41,0.5900000000000001
AAA,K,PPA_RS09860,TTT,WC,1,elongator,bacterial_wobble,0.0,1.0
AAG,K,PPA_RS09860,TTT,U_G,1,elongator,bacterial_wobble,0.68,0.31999999999999995
GAA,E,PPA_RS09870,TTC,WC,1,elongator,bacterial_wobble,0.0,1.0
GAG,E,PPA_RS09870,TTC,U_G,1,elongator,bacterial_wobble,0.68,0.31999999999999995
GAC,D,PPA_RS09875,GTC,WC,1,elongator,bacterial_wobble,0.0,1.0
GAT,D,PPA_RS09875,GTC,G_U,1,elongator,bacterial_wobble,0.41,0.5900000000000001
TTC,F,PPA_RS09880,GAA,WC,1,elongator,bacterial_wobble,0.0,1.0
TTT,F,PPA_RS09880,GAA,G_U,1,elongator,bacterial_wobble,0.41,0.5900000000000001
GGG,G,PPA_RS10405,CCC,WC,1,elongator,bacterial_wobble,0.0,1.0
CTG,L,PPA_RS10775,CAG,WC,1,elongator,bacterial_wobble,0.0,1.0
CCG,P,PPA_RS10830,CGG,WC,1,elongator,bacterial_wobble,0.0,1.0
TCG,S,PPA_RS10985,CGA,WC,1,elongator,bacterial_wobble,0.0,1.0
CGA,R,PPA_RS11040,ACG,I_A,1,elongator,A34_to_I,0.9999,9.999999999998899e-05
CGC,R,PPA_RS11040,ACG,I_C,1,elongator,A34_to_I,0.28,0.72
CGT,R,PPA_RS11040,ACG,WC,1,elongator,A34_to_I,0.0,1.0
AGC,S,PPA_RS11050,GCT,WC,1,elongator,bacterial_wobble,0.0,1.0
AGT,S,PPA_RS11050,GCT,G_U,1,elongator,bacterial_wobble,0.41,0.5900000000000001
TCA,S,PPA_RS11085,TGA,WC,1,elongator,bacterial_wobble,0.0,1.0
TCG,S,PPA_RS11085,TGA,U_G,1,elongator,bacterial_wobble,0.68,0.31999999999999995
