gene_id,gene_symbol,log2fc,pvalue,padj
b1923,fliC,-5.716,,
b1889,motB,-5.527,,
b1881,cheZ,-5.051,,
b4109,yjdA,-4.78,,
b1566,flxA,-4.677,,
b4035,malK,-4.311,,
b3417,malP,-4.194,,
b1890,motA,-4.153,,
b3525,yhjH,-4.111,,
b1888,cheA,-3.996,,
b1887,cheW,-3.993,,
b1849,purT,3.891,,
b3686,ibpB,-3.884,,
b4034,malE,-3.811,,
b1883,cheB,-3.736,,
b4037,malM,-3.667,,
b4036,lamB,-3.643,,
b1882,cheY,-3.569,,
b3547,yhjX,-3.503,,
b4189,yjfO,3.435,,
b4355,tsr,-3.271,,
b2752,cysD,3.268,,
b1886,tar,-3.228,,
b1552,cspI,3.227,,
b2751,cysN,3.182,,
b2020,hisD,3.153,,
b3416,malQ,-3.081,,
b2056,wcaD,3.061,,
b1924,fliD,-3.047,,
b4188,yjfN,3.02,,
b4032,malG,-3.0,,
b3687,ibpA,-2.989,,
b1057,yceJ,2.978,,
b0473,htpG,-2.861,,
b1884,cheR,-2.823,,
b1194,ycgR,-2.816,,
b2675,nrdE,-2.68,,
b4033,malF,-2.673,,
b1588,ynfF,2.649,,
b2424,cysU,2.64,,
b1171,ymgD,2.634,,
b3728,pstS,-2.618,,
b4382,deoA,-2.611,,
b1375,ynaE,2.61,,
b2704,srlB,-2.598,,
b2592,clpB,-2.588,,
b2535,csiE,2.572,,
b4381,deoC,-2.572,,
b1535,ydeH,2.567,,
b0015,dnaJ,-2.474,,
b2703,srlE,-2.472,,
b1885,tap,-2.47,,
b1926,fliT,-2.446,,
b1455,yncH,2.413,,
b1138,ymfE,2.403,,
b3118,tdcA,2.381,,
b1691,ydiN,2.372,,
b1044,ymdA,-2.367,,
b2013,yeeE,2.35,,
b3932,hslV,-2.336,,
b2258,arnF,2.326,,
b1925,fliS,-2.296,,
b4143,groL,-2.294,,
b0287,yagU,-2.282,,
b3400,hslR,-2.28,,
b0014,dnaK,-2.275,,
b0400,phoR,-2.274,,
b2055,wcaE,2.269,,
b4026,yjbE,2.266,,
b1500,yneN,2.246,,
b3654,xanP,2.242,,
b1481,bdm,2.237,,
b3931,hslU,-2.236,,
b3484,yhhI,-2.225,,
b2750,cysC,2.205,,
b1846,yebE,2.204,,
b4383,deoB,-2.188,,
b0399,phoB,-2.175,,
b4133,cadC,-2.168,,
b4307,yjhQ,2.167,,
b1773,ydjI,-2.165,,
b1795,yeaQ,2.162,,
b0776,bioF,2.129,,
b2058,wcaB,2.104,,
b2943,galP,-2.101,,
b1424,opgD,2.1,,
b3401,hslO,-2.09,,
b1722,ydiY,-2.089,,
b2757,casD,-2.087,,
b2702,srlA,-2.085,,
b3371,frlB,-2.081,,
b3524,yhjG,-2.07,,
b0439,lon,-2.057,,
b1453,ansP,2.054,,
b2705,srlD,-2.04,,
b2642,yfjW,2.036,,
b1082,flgK,-2.035,,
b3127,garP,2.029,,
b2312,purF,2.016,,
b3727,pstC,-2.013,,
b1321,ycjX,-2.008,,
b1163,ycgF,1.994,,
b3225,nanA,-1.993,,
b4142,groS,-1.986,,
b1760,ynjH,-1.983,,
b0846,ybjK,1.934,,
b1872,torZ,-1.928,,
b1788,yoaI,1.922,,
b3110,yhaO,-1.913,,
b1904,yecR,-1.89,,
b1480,sra,1.883,,
b0953,rmf,1.858,,
b0719,ybgD,-1.855,,
b3497,yhiQ,-1.843,,
b0016,insL,-1.842,,
b0603,ybdO,1.839,,
b2614,grpE,-1.825,,
b0691,ybfG,-1.824,,
b2364,dsdC,-1.816,,
b2091,gatD,-1.815,,
b4110,yjcZ,-1.81,,
b3689,yidR,1.798,,
b3498,prlC,-1.793,,
b3238,yhcN,-1.782,,
b1384,feaR,1.779,,
b0492,ybbN,-1.779,,
b1322,ycjF,-1.767,,
b1071,flgM,-1.765,,
b1940,fliH,-1.762,,
b2035,rfc,1.761,,
b3263,yhdU,1.761,,
b1083,flgL,-1.756,,
b1070,flgN,-1.754,,
b1040,csgD,1.751,,
b0032,carA,1.745,,
b3831,udp,-1.745,,
b3714,purP,1.734,,
b1589,ynfG,1.73,,
b2851,ygeG,1.718,,
b3516,gadX,1.714,,
b2062,wza,1.712,,
b0346,mhpR,-1.698,,
b3379,php,1.691,,
b1045,ymdB,-1.69,,
b2365,dsdX,-1.689,,
b2418,pdxK,-1.688,,
b0124,gcd,-1.674,,
b1743,spy,1.663,,
b2143,cdd,-1.646,,
b2636,yfjS,-1.645,,
b1742,ves,-1.634,,
b2310,argT,1.632,,
b0561,tfaD,-1.631,,
b0586,entF,-1.628,,
b4384,deoD,-1.628,,
b1942,fliJ,-1.62,,
b4118,melR,1.614,,
b4288,fecD,-1.613,,
b3343,yheL,-1.613,,
b4290,fecB,-1.607,,
b2737,ygbK,-1.605,,
b4287,fecE,-1.6,,
b1499,ydeO,-1.599,,
b4140,fxsA,-1.596,,
b3507,dctR,1.594,,
b2023,hisH,1.591,,
b1409,ynbB,1.59,,
b2238,yfaH,1.583,,
b4317,fimD,-1.581,,
b2366,dsdA,-1.575,,
b1470,yddJ,1.575,,
b1113,ycfS,1.573,,
b2357,yfdN,1.573,,
b4217,ytfK,1.565,,
b3653,gltS,1.564,,
b1498,ydeN,-1.562,,
b2508,guaB,1.559,,
b4047,yjbL,1.559,,
b2036,glf,1.551,,
b1022,pgaC,-1.551,,
b1449,yncB,1.551,,
b1426,ydcH,1.548,,
b1937,fliE,-1.546,,
b2414,cysK,1.545,,
b4006,purH,1.543,,
b2423,cysW,1.539,,
b1601,tqsA,1.534,,
b2706,gutM,-1.529,,
b0943,ycbV,-1.528,,
b0512,allB,-1.521,,
b3117,tdcB,1.517,,
b3441,yhhY,1.515,,
b2507,guaA,1.51,,
b0532,sfmD,-1.506,,
b0559,ybcW,-1.505,,
b4291,fecA,-1.502,,
b4314,fimA,-1.498,,
b1557,cspB,1.495,,
b1938,fliF,-1.492,,
b3873,yihM,1.489,,
b4302,sgcA,-1.487,,
b2032,wbbK,1.485,,
b3829,metE,1.474,,
b2092,gatC,-1.47,,
b1315,ycjS,-1.469,,
b1943,fliK,-1.468,,
b2158,yeiH,-1.467,,
b2663,gabP,1.466,,
b2313,cvpA,1.465,,
b2141,yohJ,-1.459,,
b4187,aidB,-1.455,,
b2054,wcaF,1.454,,
b1921,fliZ,-1.446,,
b3774,ilvC,1.442,,
b1939,fliG,-1.437,,
b0135,yadC,-1.437,,
b2012,yeeD,1.436,,
b3418,malT,1.434,,
b0509,glxR,-1.424,,
b0700,rhsC,-1.421,,
b2848,yqeJ,1.42,,
b2499,purM,1.418,,
b1503,ydeR,1.414,,
b2363,yfdT,-1.405,,
b0226,dinJ,1.401,,
b3212,gltB,-1.397,,
b1056,yceI,1.389,,
b2352,gtrS,1.384,,
b0225,yafQ,1.384,,
b0573,cusF,-1.383,,
b1780,yeaD,-1.381,,
b2001,yeeR,-1.377,,
b3072,aer,-1.363,,
b3224,nanT,-1.362,,
b1949,fliQ,-1.357,,
b1391,paaD,-1.356,,
b1080,flgI,-1.355,,
b1843,yobB,1.355,,
b1062,pyrC,1.351,,
b3937,yiiX,-1.351,,
b4253,yjgL,1.351,,
b1283,osmB,1.349,,
b3751,rbsB,-1.348,,
b1139,lit,1.348,,
b1947,fliO,-1.342,,
b0279,yagM,-1.34,,
b0382,iraP,1.336,,
b0941,ycbT,-1.332,,
b0163,yaeH,1.33,,
b0273,argF,-1.33,,
b1077,flgF,-1.329,,
b2965,speC,1.326,,
b1946,fliN,-1.321,,
b2847,yqeI,1.321,,
b4312,fimB,-1.31,,
b0364,yaiS,-1.308,,
b2905,gcvT,1.308,,
b1729,ydjN,1.297,,
b0033,carB,1.291,,
b2625,yfjI,1.291,,
b3241,aaeA,-1.291,,
b3666,uhpT,-1.287,,
b1131,purB,1.287,,
b0775,bioB,1.284,,
b4106,phnC,1.283,,
b2021,hisC,1.282,,
b1410,ynbC,1.282,,
b2034,wbbI,1.282,,
b1036,ycdZ,-1.279,,
b1739,osmE,1.277,,
b1558,cspF,1.277,,
b3860,dsbA,1.277,,
b0368,tauD,-1.275,,
b0211,mltD,1.275,,
b1615,uidC,-1.273,,
b2760,casA,1.27,,
b1078,flgG,-1.267,,
b2938,speA,1.265,,
b2151,galS,1.264,,
b1018,efeO,-1.255,,
b1073,flgB,-1.252,,
b0727,sucB,-1.249,,
b1941,fliI,-1.244,,
b0729,sucD,-1.244,,
b2674,nrdI,-1.242,,
b1074,flgC,-1.241,,
b3661,nlpA,-1.237,,
b2682,ygaZ,1.236,,
b1945,fliM,-1.234,,
b2224,atoB,-1.232,,
b2844,yqeF,1.232,,
b1685,ydiH,1.231,,
b0565,ompT,-1.23,,
b2676,nrdF,-1.226,,
b1948,fliP,-1.226,,
b1880,flhB,-1.221,,
b1007,rutF,1.215,,
b4244,pyrI,1.215,,
b0336,codB,1.214,,
b3458,livK,-1.211,,
b4131,cadA,-1.209,,
b2045,wcaK,1.209,,
b0250,ykfB,-1.208,,
b3880,yihS,1.207,,
b3594,yibA,1.206,,
b2673,nrdH,-1.204,,
b3726,pstA,-1.204,,
b3872,yihL,1.202,,
b1817,manX,1.199,,
b1518,lsrG,1.199,,
b1783,yeaG,1.198,,
b1072,flgA,-1.195,,
b2551,glyA,1.194,,
b2976,glcB,-1.192,,
b2037,rfbX,1.191,,
b1922,fliA,-1.185,,
b0296,ykgM,-1.184,,
b1346,ydaQ,-1.183,,
b2980,glcC,1.182,,
b3153,yhbO,1.172,,
b1395,paaH,-1.168,,
b4297,yjhG,-1.166,,
b0112,aroP,-1.164,,
b3211,yhcC,-1.162,,
b2983,yghQ,-1.16,,
b0728,sucC,-1.16,,
b1944,fliL,-1.16,,
b1772,ydjH,-1.16,,
b0879,macB,-1.158,,
b2038,rfbC,1.157,,
b1702,pps,1.156,,
b2852,ygeH,1.155,,
b3748,rbsD,-1.153,,
b1081,flgJ,-1.153,,
b1061,dinI,1.151,,
b2756,casE,-1.148,,
b2442,intZ,1.148,,
b1422,ydcI,1.142,,
b1612,fumA,-1.139,,
b2937,speB,1.137,,
b3958,argC,1.136,,
b3624,rfaZ,1.136,,
b3725,pstB,-1.136,,
b2557,purL,1.136,,
b2467,nudK,1.136,,
b2019,hisG,1.135,,
b0529,folD,1.132,,
b0777,bioC,1.131,,
b2543,yphA,-1.13,,
b1896,otsA,1.13,,
b1845,ptrB,1.129,,
b0631,ybeD,-1.127,,
b2762,cysH,1.126,,
b3322,gspB,-1.126,,
b3448,yhhA,1.121,,
b2500,purN,1.119,,
b1580,rspB,-1.114,,
b3744,asnA,1.114,,
b4066,yjcF,1.114,,
b4084,alsK,-1.112,,
b3875,ompL,-1.112,,
b1037,csgG,1.112,,
b1639,mliC,1.112,,
b1380,ldhA,-1.111,,
b2354,yfdK,-1.109,,
b2939,yqgB,1.106,,
b0610,rnk,1.105,,
b4060,yjcB,-1.105,,
b0660,ybeZ,-1.104,,
b0453,ybaY,1.103,,
b0857,potI,1.1,,
b1254,yciB,1.095,,
b4085,alsE,-1.094,,
b0970,yccA,1.094,,
b3679,yidK,1.093,,
b3946,fsaB,-1.092,,
b3491,yhiM,1.092,,
b3960,argH,1.091,,
b0210,yafE,-1.091,,
b0411,tsx,-1.087,,
b1593,ynfK,1.086,,
b2497,uraA,1.085,,
b1251,yciI,1.082,,
b1878,flhE,-1.079,,
b2644,yfjY,1.074,,
b0828,iaaA,1.074,,
b0339,cynT,1.07,,
b0899,ycaM,1.067,,
b2915,yqfE,-1.066,,
b3213,gltD,-1.062,,
b1575,dicB,-1.062,,
b4064,yjcD,1.061,,
b1378,ydbK,1.061,,
b1076,flgE,-1.057,,
b0107,hofB,1.056,,
b0726,sucA,-1.056,,
b1075,flgD,-1.052,,
b1285,gmr,1.052,,
b1332,ynaJ,1.05,,
b1436,yncJ,1.047,,
b2471,yffB,-1.046,,
b2026,hisI,1.044,,
b3750,rbsC,-1.044,,
b2470,acrD,1.043,,
b0229,lfhA,1.041,,
b3511,hdeD,-1.037,,
b1064,grxB,1.036,,
b1495,yddB,-1.034,,
b0880,cspD,1.031,,
b4300,sgcR,1.03,,
b3618,yibB,1.03,,
b0659,ybeY,-1.028,,
b1581,rspA,1.026,,
b0778,bioD,1.024,,
b2152,yeiB,1.022,,
b0321,yahG,-1.021,,
b0650,hscC,1.019,,
b1799,yeaT,1.015,,
b1573,ydfC,-1.014,,
b0575,cusA,-1.011,,
b1976,mtfA,1.011,,
b3951,pflD,-1.011,,
b3492,yhiN,-1.009,,
b1255,yciC,1.007,,
b3623,waaU,1.003,,
b0531,sfmC,1.001,,
b0646,djlB,1.0,,
b0929,ompF,-0.999,,
b0218,yafU,0.998,,
b0733,cydA,0.998,,
b1172,ymgG,0.997,,
b0246,yafW,0.996,,
b2093,gatB,-0.995,,
b2369,evgA,0.995,,
b3512,gadE,-0.994,,
b2964,nupG,-0.992,,
b2028,ugd,0.989,,
b0292,matC,-0.987,,
b1562,hokD,0.985,,
b1060,bssS,-0.984,,
b4177,purA,0.983,,
b0454,ybaZ,0.981,,
b2344,fadL,0.981,,
b3671,ilvB,0.979,,
b1779,gapA,-0.979,,
b1594,dgsA,0.978,,
b1794,yeaP,0.977,,
b2422,cysA,0.977,,
b3906,rhaR,-0.977,,
b3081,fadH,0.974,,
b0141,yadN,0.974,,
b1796,yoaG,-0.973,,
b1616,uidB,-0.972,,
b3563,yiaB,0.972,,
b0485,ybaS,-0.97,,
b0877,ybjX,-0.968,,
b1513,lsrA,0.967,,
b1675,ydhZ,0.965,,
b1205,ychH,0.963,,
b1159,mcrA,0.962,,
b4392,slt,0.962,,
b0845,ybjJ,0.959,,
b0958,sulA,0.959,,
b0481,ybaK,-0.958,,
b2003,yeeT,-0.957,,
b3709,tnaB,0.957,,
b1777,yeaC,0.957,,
b1415,aldA,0.957,,
b0707,ybgA,0.956,,
b2317,dedA,0.956,,
b3126,garL,0.952,,
b0764,modB,-0.952,,
b3271,yhdZ,-0.951,,
b0438,clpX,-0.951,,
b0379,yaiY,0.951,,
b0874,ybjE,0.951,,
b0975,hyaD,0.949,,
b1350,recE,-0.949,,
b1916,sdiA,-0.949,,
b1584,speG,-0.948,,
b2472,dapE,-0.948,,
b1351,racC,0.948,,
b2378,lpxP,0.947,,
b0763,modA,-0.946,,
b3670,ilvN,0.945,,
b0340,cynS,0.944,,
b1895,uspC,-0.944,,
b0824,ybiY,-0.944,,
b2768,ygcP,0.939,,
b3059,plsY,0.936,,
b0461,tomB,0.935,,
b3993,thiE,0.933,,
b2302,yfcG,0.931,,
b1038,csgF,0.931,,
b2022,hisB,0.93,,
b3917,sbp,0.928,,
b3635,mutM,-0.927,,
b1043,csgC,-0.927,,
b0608,ybdR,-0.926,,
b0765,modC,-0.926,,
b1625,cnu,-0.926,,
b1658,purR,0.925,,
b0064,araC,0.925,,
b4354,yjiY,-0.925,,
b1586,ynfD,0.925,,
b1118,lolE,0.924,,
b3239,yhcO,0.924,,
b2425,cysP,0.923,,
b0406,tgt,0.923,,
b3732,atpD,0.923,,
b0757,galK,-0.92,,
b0756,galM,-0.92,,
b2545,yphC,-0.919,,
b2196,ccmF,0.919,,
b4289,fecC,-0.918,,
b2128,yehW,-0.917,,
b0781,moaA,-0.916,,
b0341,cynX,-0.915,,
b2461,eutP,0.911,,
b0348,mhpB,-0.91,,
b1820,yobD,0.91,,
b2460,eutQ,0.909,,
b1973,yodA,-0.909,,
b2539,hcaF,-0.908,,
b2661,gabD,0.907,,
b1079,flgH,-0.907,,
b1112,bhsA,-0.905,,
b2249,yfaY,-0.903,,
b4279,yjhB,0.903,,
b3544,dppA,0.902,,
b4315,fimI,-0.902,,
b0458,ylaC,-0.901,,
b2764,cysJ,0.9,,
b1167,ymgC,0.899,,
b4240,treB,0.898,,
b3133,agaV,-0.896,,
b1461,pptA,0.896,,
b3001,yghZ,0.895,,
b0268,yagE,-0.894,,
b2868,xdhC,-0.893,,
b3219,yhcF,-0.893,,
b3605,lldD,-0.892,,
b1560,ydfU,-0.892,,
b2161,nupX,-0.892,,
b3870,glnA,0.891,,
b1202,ycgV,-0.888,,
b2052,fcl,0.885,,
b4316,fimC,-0.883,,
b3014,yqhH,0.882,,
b4231,yjfF,0.882,,
b3628,rfaB,0.88,,
b3995,rsd,0.88,,
b0337,codA,0.878,,
b1034,ycdX,0.876,,
b3362,yhfG,0.876,,
b2584,yfiQ,0.874,,
b2156,lysP,0.872,,
b0916,ycaQ,0.871,,
b0872,hcr,-0.871,,
b1950,fliR,-0.871,,
b3221,yhcH,-0.869,,
b3270,yhdY,-0.866,,
b3028,mdaB,-0.866,,
b2559,tadA,-0.865,,
b4005,purD,0.863,,
b0954,fabA,0.863,,
b4281,yjhD,-0.862,,
b1393,paaF,-0.862,,
b1623,add,-0.861,,
b2221,atoD,-0.861,,
b1502,ydeQ,0.86,,
b3364,tsgA,-0.857,,
b2419,yfeK,-0.857,,
b2710,norV,-0.856,,
b0787,ybhM,-0.856,,
b3546,eptB,0.855,,
b0342,lacA,-0.855,,
b0199,metN,-0.855,,
b0836,bssR,-0.852,,
b3570,bax,0.851,,
b1774,ydjJ,-0.851,,
b1063,yceB,0.85,,
b0657,lnt,-0.849,,
b0277,yagK,-0.846,,
b0886,cydC,0.846,,
b1657,ydhP,0.845,,
b0965,yccU,0.844,,
b3449,ugpQ,-0.843,,
b4245,pyrB,0.842,,
b0178,skp,-0.842,,
b3859,rdoA,0.841,,
b1611,fumC,-0.841,,
b1801,yeaV,0.84,,
b3223,nanE,-0.839,,
b0734,cydB,0.838,,
b0044,fixX,-0.836,,
b1156,tfaE,-0.836,,
b3645,dinD,0.835,,
b1042,csgA,0.833,,
b2707,srlR,-0.832,,
b0263,afuB,0.832,,
b3553,ghrB,0.83,,
b2203,napB,-0.83,,
b0401,brnQ,0.83,,
b2370,evgS,0.829,,
b1879,flhA,-0.829,,
b0291,yagX,-0.829,,
b1682,sufC,-0.827,,
b4237,nrdG,0.826,,
b2181,yejG,-0.825,,
b1579,intQ,-0.825,,
b0885,aat,0.823,,
b0247,ykfG,0.822,,
b1396,paaI,-0.821,,
b2463,maeB,-0.821,,
b1175,minD,-0.82,,
b3399,yrfG,-0.82,,
b1310,ycjN,-0.819,,
b2977,glcG,-0.819,,
b2763,cysI,0.818,,
b2043,wcaM,0.818,,
b2666,yqaE,0.817,,
b2065,dcd,0.816,,
b2341,fadJ,0.816,,
b0983,gfcE,-0.816,,
b3877,yihP,-0.815,,
b4239,treC,0.814,,
b3715,yieH,0.814,,
b3471,yhhQ,-0.813,,
b3905,rhaS,0.812,,
b2562,yfhL,-0.811,,
b1198,dhaM,-0.811,,
b2420,yfeS,-0.81,,
b2040,rfbD,0.809,,
b3626,rfaJ,0.809,,
b3374,frlD,0.809,,
b2295,yfbV,0.809,,
b2903,gcvP,0.809,,
b1039,csgE,0.809,,
b2866,xdhA,-0.807,,
b3038,ygiC,0.805,,
b0936,ssuA,0.803,,
b0782,moaB,-0.803,,
b3381,yhfX,0.802,,
b3158,yhbU,0.799,,
b1394,paaG,-0.799,,
b1850,eda,-0.799,,
b1314,ycjR,-0.797,,
b0304,ykgC,-0.797,,
b3668,uhpB,0.796,,
b1643,ydhI,0.796,,
b0547,ybcN,0.795,,
b4114,eptA,0.794,,
b1576,ydfD,-0.793,,
b1927,amyA,-0.793,,
b0905,ycaO,0.793,,
b1288,fabI,0.792,,
b2758,casC,-0.792,,
b0645,ybeR,-0.791,,
b0554,essD,0.791,,
b1789,yeaL,0.791,,
b0437,clpP,-0.79,,
b2466,ypfG,0.79,,
b0122,yacC,0.789,,
b0706,ybfD,0.787,,
b2153,folE,0.785,,
b4002,zraP,0.785,,
b3088,alx,0.784,,
b3674,yidF,0.784,,
b2998,yghW,-0.783,,
b0721,sdhC,0.783,,
b3561,wecH,-0.782,,
b0569,nfrB,-0.779,,
b1902,ftnB,0.776,,
b3562,yiaA,0.774,,
b2248,yfaX,-0.774,,
b2665,ygaU,0.774,,
b3335,gspO,0.773,,
b2755,ygbT,-0.773,,
b2541,hcaB,-0.773,,
b0803,ybiI,-0.773,,
b1605,ydgI,0.773,,
b3764,yifE,-0.773,,
b3731,atpC,0.772,,
b3328,gspG,-0.772,,
b2650,ypjC,-0.772,,
b1275,cysB,0.772,,
b2766,ygcN,0.77,,
b0136,yadK,-0.768,,
b0551,quuD,0.767,,
b1547,stfQ,-0.766,,
b4156,yjeM,-0.764,,
b1182,hlyE,-0.763,,
b4045,yjbJ,0.763,,
b4087,alsA,0.761,,
b3325,gspD,-0.761,,
b2135,yohC,0.76,,
b2060,wzc,0.76,,
b3676,yidH,0.759,,
b3078,ygjI,0.759,,
b2739,ygbM,-0.759,,
b1447,ydcZ,0.758,,
b0998,torD,0.757,,
b3604,lldR,-0.756,,
b2250,yfaZ,-0.755,,
b4115,adiC,0.755,,
b2409,yfeR,-0.754,,
b4062,soxS,0.753,,
b0335,prpE,-0.753,,
b2753,iap,-0.752,,
b1876,argS,0.751,,
b3630,rfaP,0.75,,
b2332,yfcO,0.749,,
b3595,yibJ,-0.749,,
b0318,yahD,-0.748,,
b2485,hyfE,0.748,,
b2246,yfaV,-0.748,,
b3407,yhgF,-0.747,,
b3966,btuB,0.747,,
b3739,atpI,0.746,,
b2552,hmp,-0.745,,
b3055,ygiM,-0.745,,
b2797,sdaB,-0.744,,
b4208,cycA,-0.744,,
b0863,artI,0.743,,
b4238,nrdD,0.743,,
b3819,rarD,-0.742,,
b1894,insA,0.741,,
b0805,fiu,-0.741,,
b1150,ymfR,0.739,,
b3881,yihT,-0.738,,
b1157,stfE,0.738,,
b2094,gatA,-0.737,,
b1190,dadX,-0.737,,
b3477,nikB,-0.737,,
b4017,arpA,-0.736,,
b3020,ygiS,-0.736,,
b0826,moeB,0.736,,
b0365,tauA,-0.736,,
b4074,nrfE,0.734,,
b1360,ydaV,-0.734,,
b4278,insG,-0.734,,
b2086,yegS,0.731,,
b3513,mdtE,-0.731,,
b1825,yebO,0.73,,
b4353,yjiX,-0.729,,
b2899,yqfA,0.728,,
b3876,yihO,-0.728,,
b2372,yfdV,-0.728,,
b1988,nac,0.728,,
b1814,sdaA,0.727,,
b1571,ydfA,-0.726,,
b3952,pflC,-0.726,,
b1207,prs,0.725,,
b2009,sbmC,0.724,,
b0380,yaiZ,0.723,,
b1978,yeeJ,-0.723,,
b0040,caiT,0.722,,
b4213,cpdB,-0.72,,
b2724,hycB,-0.72,,
b1517,lsrF,-0.717,,
b1026,insF,0.717,,
b3874,yihN,0.717,,
b1008,rutE,0.716,,
b4337,mdtM,-0.715,,
b2563,acpS,-0.714,,
b0045,yaaU,-0.713,,
b1836,yebV,0.713,,
b0804,ybiX,-0.712,,
b0918,kdsB,0.712,,
b2476,purC,0.712,,
b3494,uspB,0.712,,
b0902,pflA,0.711,,
b1379,hslJ,-0.711,,
b0253,ykfA,0.711,,
b3502,arsB,0.71,,
b2421,cysM,0.71,,
b0556,rzpD,0.709,,
b4346,mcrB,-0.708,,
b2503,yfgF,0.707,,
b1125,potB,0.707,,
b1775,ydjK,-0.707,,
b1166,ariR,-0.706,,
b2288,nuoA,0.705,,
b2197,ccmE,-0.705,,
b3738,atpB,0.703,,
b2521,sseA,0.703,,
b1851,edd,-0.702,,
b0349,mhpC,-0.702,,
b0544,ybcK,-0.701,,
b3450,ugpC,-0.699,,
b0714,nei,-0.699,,
b0985,gfcC,-0.699,,
b2324,mnmC,0.696,,
b0497,rhsD,0.696,,
b0834,yliF,-0.694,,
b4203,rplI,0.694,,
b2318,truA,0.693,,
b2147,yeiA,-0.693,,
b3953,frwD,0.693,,
b2351,gtrB,0.692,,
b0598,cstA,0.692,,
b4183,yjfK,-0.691,,
b1019,efeB,-0.69,,
b3930,menA,-0.69,,
b1877,yecT,0.69,,
b2778,ygcG,0.689,,
b3927,glpF,0.689,,
b1956,yedQ,0.689,,
b1496,yddA,-0.689,,
b0294,matA,-0.688,,
b0720,gltA,-0.687,,
b1600,mdtJ,0.686,,
b0624,crcB,-0.686,,
b1390,paaC,-0.686,,
b0887,cydD,0.685,,
b1355,ydaG,0.684,,
b0042,fixB,-0.683,,
b2942,metK,-0.683,,
b3612,gpmM,-0.683,,
b2179,yejE,0.682,,
b3665,ade,-0.681,,
b2858,ygeN,0.681,,
b0041,fixA,0.681,,
b1186,nhaB,-0.681,,
b1987,cbl,0.679,,
b3361,fic,0.679,,
b2025,hisF,0.677,,
b1212,prmC,0.676,,
b1209,lolB,0.676,,
b3734,atpA,0.675,,
b2236,yfaE,0.675,,
b0109,nadC,0.674,,
b0080,fruR,0.674,,
b1620,malI,0.673,,
b3096,yqjB,0.673,,
b0928,aspC,0.673,,
b3823,rhtC,0.672,,
b0895,dmsB,0.672,,
b0567,ybcH,-0.671,,
b2716,ascB,-0.67,,
b0658,ybeX,-0.67,,
b2126,yehU,0.669,,
b1906,yecH,0.669,,
b3132,kbaZ,0.668,,
b3146,yraL,0.667,,
b0534,sfmF,0.667,,
b1376,uspF,0.667,,
b4182,yjfJ,-0.666,,
b4310,nanM,-0.666,,
b3413,gntX,-0.664,,
b1110,ycfJ,0.664,,
b1096,pabC,0.664,,
b3550,yiaC,0.664,,
b1216,chaA,0.664,,
b2076,mdtC,0.664,,
b2214,apbE,-0.663,,
b1029,ycdU,-0.663,,
b3555,yiaG,0.661,,
b0314,betT,0.66,,
b0239,frsA,0.659,,
b0316,yahB,0.658,,
b0878,macA,0.658,,
b0020,nhaR,0.657,,
b3710,mdtL,0.656,,
b3138,agaB,-0.655,,
b2392,mntH,-0.655,,
b0940,ycbS,-0.655,,
b2016,yeeZ,0.655,,
b0762,ybhT,0.654,,
b3332,gspK,-0.654,,
b4324,uxuR,-0.653,,
b1549,ydfO,-0.653,,
b2123,yehR,0.652,,
b0013,yaaI,-0.652,,
b0251,yafY,-0.651,,
b3733,atpG,0.651,,
b3355,prkB,0.651,,
b3538,bcsG,0.65,,
b3423,glpR,-0.649,,
b3226,nanR,0.648,,
b3552,yiaD,-0.647,,
b3912,cpxR,0.646,,
b0989,cspH,0.646,,
b3988,rpoC,0.646,,
b1695,ydiO,-0.645,,
b4046,zur,0.644,,
b3569,xylR,0.644,,
b0735,ybgE,0.643,,
b2894,xerD,-0.64,,
b4323,uxuB,-0.64,,
b0600,ybdL,-0.64,,
b0838,yliJ,0.639,,
b1311,ycjO,-0.639,,
b0024,yaaY,0.639,,
b1673,ydhV,-0.639,,
b1725,yniA,0.639,,
b3566,xylF,-0.638,,
b2465,tktB,0.637,,
b0392,ykiA,0.637,,
b4082,mdtN,0.637,,
b0986,gfcB,-0.636,,
b3330,gspI,-0.636,,
b0623,cspE,0.636,,
b3564,xylB,0.635,,
b0913,ycaI,0.633,,
b0240,crl,-0.633,,
b2162,rihB,-0.633,,
b0334,prpD,-0.633,,
b1520,yneE,-0.631,,
b1178,ycgK,-0.63,,
b3571,malS,-0.63,,
b1421,trg,-0.63,,
b0705,ybfL,0.629,,
b4111,proP,-0.629,,
b1539,ydfG,0.629,,
b2381,ypdB,0.629,,
b3753,rbsR,-0.628,,
b3048,yqiI,-0.628,,
b2448,yffQ,0.628,,
b1856,yebA,0.628,,
b3954,yijO,0.627,,
b0516,allC,-0.626,,
b3616,tdh,0.626,,
b1162,ycgE,0.625,,
b2339,yfcV,-0.624,,
b2210,mqo,-0.624,,
b1873,torY,-0.623,,
b1211,prfA,0.622,,
b2784,relA,0.622,,
b1800,yeaU,-0.622,,
b2805,fucR,0.622,,
b2643,yfjX,0.621,,
b3451,ugpE,-0.621,,
b3415,gntT,-0.619,,
b1213,ychQ,0.619,,
b0185,accA,-0.618,,
b1819,manZ,0.618,,
b2648,pinH,-0.618,,
b3558,insK,0.618,,
b2388,glk,0.618,,
b2024,hisA,0.617,,
b2410,yfeH,0.617,,
b0861,artM,0.616,,
b2742,nlpD,0.616,,
b0903,pflB,0.615,,
b2487,hyfG,0.614,,
b1737,chbC,0.614,,
b0783,moaC,-0.613,,
b4148,sugE,0.612,,
b2796,sdaC,-0.612,,
b2632,yfjP,-0.612,,
b0034,caiF,0.611,,
b3453,ugpB,-0.611,,
b3816,corA,0.611,,
b3430,glgC,-0.611,,
b3743,asnC,0.61,,
b4292,fecR,-0.61,,
b0207,dkgB,-0.609,,
b2573,rpoE,-0.609,,
b0093,ftsQ,-0.608,,
b0802,ybiJ,-0.608,,
b1241,adhE,-0.607,,
b1408,ynbA,-0.607,,
b2095,gatZ,-0.606,,
b1011,rutB,0.606,,
b2662,gabT,-0.606,,
b3051,yqiK,-0.605,,
b0522,purK,0.605,,
b0121,speE,0.605,,
b3629,rfaS,0.604,,
b0858,ybjO,-0.602,,
b2631,yfjO,0.602,,
b0290,yagW,-0.602,,
b4332,yjiJ,-0.602,,
b1607,ydgC,0.599,,
b0831,gsiC,0.599,,
b3079,ygjJ,0.599,,
b3909,kdgT,-0.598,,
b2835,lplT,0.598,,
b1356,racR,0.597,,
b0513,ybbY,0.597,,
b2985,yghS,-0.596,,
b0994,torT,-0.596,,
b0984,gfcD,-0.594,,
b0306,ykgE,-0.594,,
b3865,yihA,0.594,,
b1000,cbpA,-0.594,,
b1861,ruvA,0.593,,
b1428,ydcK,-0.592,,
b0788,ybhN,0.592,,
b1497,ydeM,-0.592,,
b2111,yehD,-0.592,,
b2963,mltC,-0.592,,
b3944,yijF,-0.59,,
b0685,ybfE,-0.59,,
b0154,hemL,0.589,,
b2462,eutS,0.589,,
b1257,yciE,0.588,,
b3532,bcsB,-0.588,,
b1448,yncA,0.587,,
b3701,dnaN,-0.586,,
b1677,lpp,-0.585,,
b4069,acs,-0.583,,
b1679,sufE,-0.583,,
b3922,yiiS,-0.582,,
b4000,hupA,-0.582,,
b0718,ybgQ,0.582,,
b2213,ada,-0.582,,
b2493,yfgO,0.582,,
b2389,yfeO,0.582,,
b2738,ygbL,-0.581,,
b2902,ygfF,0.581,,
b2417,crr,0.58,,
b2253,arnB,-0.579,,
b2449,yffR,-0.579,,
b2241,glpA,0.579,,
b4308,yjhR,-0.579,,
b2415,ptsH,0.579,,
b2446,yffO,-0.579,,
b1477,yddM,0.578,,
b1161,ycgX,-0.577,,
b1086,rluC,0.576,,
b4309,yjhS,-0.576,,
b2051,gmm,0.575,,
b1781,yeaE,0.574,,
b1716,rplT,0.572,,
b0252,yafZ,-0.571,,
b0982,etp,-0.57,,
b2957,ansB,0.57,,
b2208,napF,0.57,,
b1374,pinR,0.57,,
b4365,yjjQ,-0.57,,
b0232,yafN,0.569,,
b3209,elbB,-0.569,,
b3350,kefB,-0.568,,
b1816,yoaE,0.568,,
b1358,ydaT,-0.568,,
b2244,yfaD,0.568,,
b1353,sieB,0.566,,
b1225,narH,-0.566,,
b1661,cfa,-0.566,,
b4204,yjfZ,-0.566,,
b3160,yhbW,-0.566,,
b1286,rnb,0.565,,
b3517,gadA,-0.565,,
b0087,mraY,-0.564,,
b1490,yddV,-0.564,,
b3395,hofM,-0.563,,
b1803,yeaX,-0.563,,
b0909,ycaL,-0.563,,
b1200,dhaK,-0.562,,
b2432,yfeY,-0.562,,
b1333,uspE,0.561,,
b1511,lsrK,-0.56,,
b1818,manY,0.56,,
b4366,bglJ,0.56,,
b3457,livH,-0.559,,
b0504,allS,-0.559,,
b2300,yfcE,-0.559,,
b1619,hdhA,-0.559,,
b0862,artQ,0.558,,
b3070,yqjH,-0.558,,
b2225,yfaP,0.558,,
b1195,ymgE,-0.557,,
b1829,htpX,0.557,,
b2299,yfcD,-0.557,,
b4194,ulaB,-0.556,,
b1152,jayE,-0.556,,
b3625,rfaY,0.556,,
b1316,ycjT,-0.556,,
b0092,ddlB,-0.555,,
b1782,mipA,0.554,,
b1116,lolC,0.554,,
b2677,proV,0.554,,
b1482,osmC,0.553,,
b1684,sufA,-0.553,,
b1660,ydhC,-0.552,,
b0602,ybdN,-0.552,,
b2395,yfeA,-0.552,,
b2683,ygaH,0.552,,
b0019,nhaA,0.552,,
b4198,ulaF,-0.551,,
b1101,ptsG,0.551,,
b2732,ygbA,-0.55,,
b0897,ycaC,0.55,,
b3268,yhdW,-0.55,,
b2726,hypA,-0.55,,
b1761,gdhA,-0.55,,
b1033,ghrA,0.549,,
b2272,yfbM,0.549,,
b4099,phnI,-0.548,,
b0035,caiE,-0.548,,
b0390,aroM,-0.548,,
b2987,pitB,-0.548,,
b0496,ybbP,0.548,,
b4144,yjeI,0.548,,
b0990,cspG,0.546,,
b1024,pgaA,-0.546,,
b3426,glpD,0.545,,
b1678,ynhG,-0.545,,
b1468,narZ,-0.545,,
b1841,yobA,0.545,,
b1583,ynfB,-0.544,,
b1100,ycfH,0.543,,
b3857,mobA,0.542,,
b0926,ycbK,0.542,,
b0517,allD,-0.542,,
b1087,yceF,0.542,,
b1196,ycgY,-0.542,,
b3990,thiH,0.541,,
b1252,tonB,-0.541,,
b0113,pdhR,-0.541,,
b0695,kdpD,-0.54,,
b0479,fsr,-0.54,,
b0841,ybjG,-0.539,,
b3663,yicN,0.539,,
b0530,sfmA,-0.539,,
b0221,fadE,-0.539,,
b2085,yegR,-0.538,,
b1427,rimL,0.538,,
b3577,yiaM,-0.537,,
b2544,yphB,-0.537,,
b0495,ybbA,0.537,,
b3493,pitA,0.537,,
b2686,emrB,-0.537,,
b2359,yfdP,-0.536,,
b2042,galF,0.536,,
b0980,appA,0.536,,
b2956,yggM,-0.536,,
b1197,treA,-0.535,,
b4352,yjiA,-0.535,,
b2730,hypE,-0.534,,
b0597,entH,-0.534,,
b4088,alsB,-0.534,,
b2398,yfeC,0.533,,
b3093,exuT,-0.532,,
b1201,dhaR,-0.532,,
b1443,ydcV,-0.531,,
b1177,ycgJ,-0.531,,
b4340,yjiR,-0.529,,
b4395,ytjC,0.529,,
b3611,yibN,0.529,,
b3152,yraR,0.529,,
b2380,ypdA,0.529,,
b2633,yfjQ,-0.528,,
b1559,quuQ,-0.528,,
b0924,mukB,-0.527,,
b2468,aegA,-0.526,,
b3820,yigI,-0.525,,
b0864,artP,0.524,,
b2000,flu,-0.524,,
b3675,yidG,0.523,,
b1741,cho,0.523,,
b3365,nirB,-0.522,,
b1261,trpB,0.522,,
b3961,oxyR,0.522,,
b3736,atpF,0.521,,
b1751,ydjY,-0.52,,
b1015,putP,-0.519,,
b3366,nirD,0.519,,
b2444,yffM,-0.518,,
b2293,yfbT,0.518,,
b1985,yeeO,-0.518,,
b2672,ygaM,0.517,,
b4254,argI,-0.517,,
b0613,citG,-0.517,,
b3902,rhaD,-0.516,,
b3116,tdcC,0.515,,
b3119,tdcR,0.514,,
b2668,ygaP,0.513,,
b1215,kdsA,0.513,,
b2734,pphB,-0.513,,
b1732,katE,0.513,,
b0850,ybjC,-0.513,,
b4311,nanC,0.512,,
b1456,rhsE,0.512,,
b2166,psuK,-0.511,,
b0114,aceE,0.511,,
b1840,yebZ,0.511,,
b0315,yahA,0.51,,
b0505,allA,-0.509,,
b4079,fdhF,-0.509,,
b3323,gspA,-0.509,,
b4080,mdtP,0.508,,
b1907,tyrP,0.508,,
b1839,yebY,0.507,,
b3455,livG,-0.507,,
b3467,yhhM,-0.507,,
b1442,ydcU,0.507,,
b1002,agp,-0.506,,
b0151,fhuC,-0.506,,
b2597,raiA,0.506,,
b0840,deoR,-0.506,,
b2893,dsbC,-0.506,,
b3598,yibI,-0.505,,
b2413,cysZ,0.505,,
b3267,yhdV,-0.505,,
b1220,ychO,-0.505,,
b1905,ftnA,-0.504,,
b2504,yfgG,0.504,,
b0111,ampE,0.503,,
b4319,fimG,-0.503,,
b1674,ydhY,-0.503,,
b1123,potD,0.503,,
b0022,insA,0.503,,
b1445,ydcX,-0.503,,
b0679,nagE,-0.502,,
b0083,ftsL,-0.502,,
b0011,yaaW,-0.501,,
b1223,narK,-0.501,,
b4108,yjdM,0.5,,
b2145,yeiS,-0.5,,
b3459,yhhK,-0.499,,
b3884,yihW,-0.499,,
b1006,rutG,-0.499,,
b0699,ybfA,-0.499,,
b2399,yfeD,0.498,,
b3659,setC,0.498,,
b4056,yjbQ,0.498,,
b3652,recG,-0.497,,
b3974,coaA,0.496,,
b2064,asmA,0.496,,
b0515,ylbA,0.495,,
b1724,ydiZ,0.495,,
b2146,yeiT,-0.495,,
b3115,tdcD,0.495,,
b1967,hchA,-0.494,,
b2946,rsmE,-0.494,,
b3383,yhfZ,0.494,,
b1793,yoaF,-0.494,,
b4255,rraB,0.493,,
b3349,slyD,0.493,,
b1111,ycfQ,-0.493,,
b2176,rtn,0.493,,
b1274,topA,-0.493,,
b0955,ycbZ,0.492,,
b1224,narG,-0.492,,
b4186,yjfC,-0.491,,
b1683,sufB,-0.491,,
b0754,aroG,-0.491,,
b3945,gldA,-0.49,,
b3867,hemN,0.49,,
b3269,yhdX,-0.49,,
b2924,mscS,-0.49,,
b0827,moeA,0.489,,
b3446,yrhB,0.489,,
b2041,rfbB,0.488,,
b0457,ylaB,-0.488,,
b2447,yffP,-0.488,,
b0682,ybfN,-0.488,,
b0796,ybiH,0.487,,
b1046,ymdC,-0.486,,
b0917,ycaR,0.486,,
b2721,hycE,-0.484,,
b3100,yqjK,0.483,,
b3188,sfsB,0.483,,
b3233,yhcB,0.483,,
b0587,fepE,-0.482,,
b3588,aldB,0.482,,
b0407,yajC,0.482,,
b2305,yfcI,-0.482,,
b1527,yneK,0.481,,
b0128,yadH,0.481,,
b0784,moaD,-0.48,,
b1634,tppB,-0.48,,
b4259,holC,-0.479,,
b4199,yjfY,-0.479,,
b0209,yafD,0.479,,
b1628,rsxB,-0.479,,
b0717,ybgP,-0.478,,
b1959,yedA,-0.478,,
b0343,lacY,-0.478,,
b2333,yfcP,-0.478,,
b0224,yafK,0.477,,
b3302,rpmD,0.477,,
b4313,fimE,0.477,,
b3752,rbsK,-0.476,,
b0162,cdaR,0.476,,
b0460,hha,0.475,,
b0120,speD,0.475,,
b4128,yjdK,-0.474,,
b3429,glgA,-0.474,,
b1457,ydcD,0.474,,
b2838,lysA,0.474,,
b1117,lolD,0.473,,
b3024,ygiW,0.473,,
b0269,yagF,-0.473,,
b3105,yhaJ,0.473,,
b3592,yibF,0.473,,
b3633,waaA,0.473,,
b3702,dnaA,-0.472,,
b2455,eutE,0.472,,
b1263,trpD,0.47,,
b1531,marA,-0.47,,
b1828,yebQ,0.469,,
b3456,livM,-0.469,,
b2801,fucP,0.469,,
b0927,ycbL,0.469,,
b3989,yjaZ,-0.469,,
b4318,fimF,-0.468,,
b3918,cdh,-0.467,,
b0945,pyrD,0.467,,
b3593,rhsA,-0.467,,
b0722,sdhD,0.467,,
b0139,htrE,-0.466,,
b4322,uxuA,-0.466,,
b0043,fixC,-0.466,,
b3722,bglF,-0.465,,
b0153,fhuB,-0.465,,
b3312,rpmC,0.465,,
b1999,yeeP,-0.464,,
b1179,ycgL,0.464,,
b0039,caiA,-0.463,,
b2121,yehP,0.463,,
b0179,lpxD,-0.463,,
b4196,ulaD,-0.462,,
b3729,glmS,0.461,,
b2794,queF,0.461,,
b0345,lacI,0.461,,
b0713,ybgL,-0.461,,
b2475,ypfJ,-0.461,,
b0067,thiP,-0.46,,
b0367,tauC,-0.459,,
b2536,hcaT,0.459,,
b1243,oppA,0.458,,
b3360,pabA,0.458,,
b2561,yfhH,-0.458,,
b3534,yhjQ,-0.458,,
b1618,uidR,0.457,,
b1912,pgsA,0.457,,
b3043,ygiL,0.457,,
b3173,yhbX,-0.457,,
b0967,rlmI,0.457,,
b4137,cutA,0.457,,
b0352,mhpE,-0.457,,
b2748,ftsB,-0.456,,
b1853,yebK,0.456,,
b0925,ycbB,0.456,,
b1821,yebN,-0.456,,
b1521,uxaB,0.456,,
b2572,rseA,-0.456,,
b2188,yejM,0.456,,
b4195,ulaC,-0.455,,
b2110,yehC,-0.455,,
b1778,msrB,0.455,,
b3724,phoU,-0.455,,
b2717,hycI,-0.455,,
b2520,yfhM,0.455,,
b2836,aas,-0.454,,
b0696,kdpC,-0.454,,
b1597,asr,-0.453,,
b4072,nrfC,0.452,,
b2206,napA,0.452,,
b1561,rem,-0.452,,
b2997,hybO,-0.451,,
b3556,cspA,0.451,,
b3737,atpE,0.45,,
b2641,yfjV,0.45,,
b3257,yhdT,0.45,,
b2790,yqcA,0.45,,
b2984,yghR,0.45,,
b1528,ydeA,-0.449,,
b2845,yqeG,0.449,,
b0157,yadS,-0.449,,
b1730,ydjO,0.449,,
b3074,ygjH,-0.448,,
b1957,yodC,0.448,,
b3012,dkgA,-0.448,,
b0614,citX,-0.448,,
b1187,fadR,0.447,,
b3410,feoC,-0.447,,
b3647,ligB,0.447,,
b2701,mltB,-0.447,,
b0233,yafO,0.447,,
b3037,ygiB,0.447,,
b4167,yjeF,-0.447,,
b3220,yhcG,-0.447,,
b1928,yedD,-0.447,,
b2488,hyfH,-0.446,,
b0946,ycbW,0.445,,
b0604,dsbG,-0.445,,
b1508,hipB,-0.445,,
b0231,dinB,0.444,,
b2586,yfiM,0.444,,
b2451,eutA,0.443,,
b4184,yjfL,-0.442,,
b2492,focB,-0.441,,
b0844,ybjI,0.441,,
b2481,hyfA,0.441,,
b4325,yjiC,-0.44,,
b2070,yegI,-0.44,,
b3597,yibH,-0.44,,
b0385,adrA,-0.44,,
b0356,frmA,-0.439,,
b3698,yidB,-0.439,,
b4284,insI,-0.439,,
b1596,ynfM,0.439,,
b2229,yfaT,-0.438,,
b2159,nfo,0.438,,
b3723,bglG,-0.437,,
b1698,ydiR,-0.437,,
b3324,gspC,-0.437,,
b1891,flhC,-0.436,,
b0445,ybaE,-0.436,,
b0523,purE,0.436,,
b2787,gudD,-0.436,,
b2053,gmd,0.435,,
b0648,ybeU,-0.435,,
b0767,pgl,-0.435,,
b3334,gspM,-0.435,,
b3691,dgoT,0.435,,
b2786,barA,0.435,,
b2659,csiD,0.435,,
b3590,selB,-0.435,,
b2276,nuoN,-0.435,,
b4326,iraD,-0.434,,
b0770,ybhI,-0.434,,
b2699,recA,0.434,,
b1419,ydcA,0.434,,
b2580,ung,-0.431,,
b2039,rfbA,0.431,,
b2439,eutL,-0.431,,
b1343,dbpA,0.431,,
b0694,kdpE,-0.43,,
b3843,ubiD,0.429,,
b0944,ycbF,-0.429,,
b1234,rssA,0.429,,
b3256,accC,0.429,,
b3807,cyaY,-0.429,,
b0521,ybcF,-0.429,,
b1487,ddpA,-0.429,,
b0758,galT,-0.428,,
b0245,ykfI,-0.428,,
b2975,glcA,0.428,,
b1493,gadB,0.428,,
b2727,hypB,-0.428,,
b3893,fdoH,-0.428,,
b0865,ybjP,0.428,,
b3949,frwC,-0.427,,
b0855,potG,-0.427,,
b4286,yjhV,-0.427,,
b0852,rimK,-0.427,,
b4219,msrA,0.427,,
b3408,feoA,-0.427,,
b1342,ydaN,0.426,,
b1339,abgR,0.426,,
b0923,mukE,-0.426,,
b0799,dinG,0.425,,
b3627,rfaI,0.425,,
b3049,glgS,0.425,,
b2560,yfhB,-0.425,,
b3460,livJ,-0.424,,
b3861,yihF,-0.424,,
b1785,yeaI,-0.424,,
b1431,ydcL,0.424,,
b1968,yedV,0.423,,
b0860,artJ,0.423,,
b4377,yjjU,-0.423,,
b3391,hofQ,-0.423,,
b1563,relE,0.422,,
b1340,ydaL,0.422,,
b1454,yncG,0.422,,
b1158,pinE,-0.422,,
b1653,lhr,-0.422,,
b2889,idi,-0.421,,
b2870,ygeW,-0.421,,
b2949,yqgF,0.421,,
b1897,otsB,0.42,,
b3717,cbrC,-0.42,,
b1572,ydfB,-0.42,,
b4216,ytfJ,0.42,,
b3982,nusG,-0.419,,
b2074,mdtA,0.419,,
b3541,dppD,-0.419,,
b0090,murG,-0.418,,
b0535,fimZ,0.418,,
b3708,tnaA,0.418,,
b1035,ycdY,0.418,,
b0404,acpH,0.418,,
b4130,yjdL,-0.418,,
b0482,ybaP,0.418,,
b3664,yicO,0.417,,
b0081,mraZ,-0.416,,
b0937,ssuE,0.416,,
b1831,proQ,0.416,,
b0063,araB,0.416,,
b4126,yjdI,0.416,,
b0606,ahpF,-0.415,,
b3098,yqjD,0.415,,
b1537,ydeJ,-0.415,,
b4139,aspA,0.415,,
b3901,rhaM,-0.415,,
b4212,ytfH,0.415,,
b0630,lipB,-0.414,,
b1505,ydeT,0.414,,
b0686,ybfF,0.414,,
b2777,ygcF,0.413,,
b0969,yccK,0.413,,
b3836,tatA,0.413,,
b1681,sufD,-0.413,,
b2266,elaB,0.413,,
b3104,yhaI,0.412,,
b3749,rbsA,-0.412,,
b2459,eutT,0.411,,
b0409,secF,0.411,,
b2049,cpsB,0.411,,
b2882,xanQ,-0.411,,
b0329,yahO,-0.411,,
b2450,yffS,-0.41,,
b2670,ygaW,-0.41,,
b2806,ygdE,-0.41,,
b3716,cbrB,0.41,,
b0308,ykgG,-0.409,,
b0674,asnB,0.409,,
b1244,oppB,0.409,,
b2265,menF,-0.409,,
b0436,tig,0.408,,
b0351,mhpF,-0.408,,
b2688,gshA,-0.408,,
b3011,yqhD,-0.407,,
b2243,glpC,0.406,,
b2962,yggX,-0.406,,
b3384,trpS,0.406,,
b3669,uhpA,0.406,,
b2200,ccmB,-0.406,,
b3886,yihY,0.405,,
b3326,gspE,0.405,,
b3369,yhfL,-0.405,,
b0791,ybhQ,0.405,,
b4004,zraR,-0.405,,
b0402,proY,0.404,,
b3871,typA,0.404,,
b1174,minE,-0.404,,
b2517,rlmN,0.404,,
b0832,gsiD,0.404,,
b2068,alkA,-0.403,,
b2271,yfbL,-0.403,,
b3468,yhhN,0.402,,
b3243,aaeR,-0.402,,
b1728,ydjM,-0.402,,
b4221,ytfN,-0.402,,
b2921,ygfI,-0.402,,
b2971,yghG,-0.402,,
b1335,ogt,0.402,,
b2749,ygbE,-0.401,,
b4092,phnP,-0.401,,
b1256,ompW,0.401,,
b1908,yecA,0.4,,
b3899,frvB,0.4,,
b1766,sppA,0.4,,
b2537,hcaR,0.4,,
b0265,insA,0.4,,
b3987,rpoB,0.399,,
b3409,feoB,-0.399,,
b1047,opgC,0.399,,
b0353,mhpT,-0.399,,
b3657,yicJ,-0.398,,
b4011,yjaA,-0.398,,
b3923,uspD,-0.398,,
b3838,tatB,0.398,,
b2871,ygeX,-0.397,,
b0594,entE,-0.397,,
b0934,ssuC,-0.397,,
b1025,ycdT,-0.397,,
b3678,yidJ,0.396,,
b2137,yohF,-0.396,,
b3052,rfaE,0.396,,
b3470,sirA,-0.396,,
b4320,fimH,-0.396,,
b1833,yebS,0.395,,
b0572,cusC,-0.395,,
b0486,ybaT,-0.395,,
b1690,ydiM,-0.394,,
b0094,ftsA,-0.394,,
b0421,ispA,0.394,,
b2308,hisQ,0.394,,
b3907,rhaT,-0.394,,
b3304,rplR,0.393,,
b0740,tolB,0.393,,
b3040,zupT,0.393,,
b0716,ybgO,0.393,,
b3697,yidA,0.393,,
b0915,lpxK,0.392,,
b1862,yebB,-0.392,,
b0384,psiF,-0.392,,
b0164,yaeI,-0.392,,
b2828,lgt,0.392,,
b0835,rimO,0.392,,
b2491,hyfR,0.392,,
b2994,hybC,0.392,,
b3421,rtcB,-0.391,,
b2892,recJ,-0.391,,
b0234,yafP,-0.39,,
b3898,frvX,0.39,,
b3600,mtlD,-0.39,,
b2306,hisP,-0.389,,
b1164,ycgZ,-0.388,,
b2328,mepA,0.388,,
b1199,dhaL,-0.388,,
b0773,ybhB,0.387,,
b1268,yciQ,0.387,,
b0031,dapB,-0.386,,
b1914,uvrY,0.386,,
b3615,yibD,0.386,,
b2788,gudX,-0.386,,
b4351,mrr,-0.385,,
b1168,ycgG,0.385,,
b3422,rtcR,0.385,,
b0684,fldA,0.385,,
b1920,fliY,-0.385,,
b1452,yncE,0.385,,
b1638,pdxH,0.384,,
b2821,ptrA,-0.384,,
b0859,rumB,-0.384,,
b2131,osmF,0.383,,
b0077,ilvI,0.383,,
b1689,ydiL,0.383,,
b3648,gmk,-0.383,,
b3509,hdeB,-0.383,,
b0774,bioA,0.383,,
b1834,yebT,0.382,,
b0622,pagP,0.382,,
b0378,yaiW,-0.382,,
b3581,yiaQ,-0.382,,
b3142,yraH,0.382,,
b4043,lexA,0.382,,
b0637,ybeB,-0.381,,
b2007,yeeX,-0.38,,
b3846,fadB,-0.38,,
b0881,clpS,-0.38,,
b0108,ppdD,0.379,,
b2570,rseC,-0.379,,
b0772,ybhC,-0.379,,
b1399,paaX,0.379,,
b1515,lsrD,0.379,,
b3019,parC,0.378,,
b0651,rihA,0.378,,
b2373,oxc,-0.378,,
b3741,mnmG,-0.378,,
b2187,yejL,0.378,,
b1412,azoR,-0.378,,
b1305,pspB,-0.377,,
b1115,ycfT,0.377,,
b2440,eutC,-0.377,,
b1114,mfd,-0.377,,
b1598,ydgD,0.377,,
b1610,tus,-0.377,,
b1663,mdtK,0.376,,
b4362,dnaT,-0.376,,
b2072,yegK,-0.376,,
b0636,rlmH,-0.374,,
b1719,thrS,0.374,,
b3095,yqjA,0.374,,
b0169,rpsB,0.374,,
b3683,glvC,0.374,,
b2604,yfiN,0.374,,
b0974,hyaC,0.374,,
b3862,yihG,0.373,,
b1287,yciW,0.373,,
b1326,mpaA,0.372,,
b3356,yhfA,0.372,,
b0755,gpmA,-0.372,,
b3092,uxaC,-0.371,,
b1313,ycjQ,-0.371,,
b0914,msbA,0.37,,
b3187,ispB,0.37,,
b3693,dgoK,0.37,,
b3780,rhlB,0.37,,
b0284,yagR,0.37,,
b0137,yadL,-0.369,,
b4150,ampC,-0.369,,
b1020,phoH,-0.369,,
b2484,hyfD,0.369,,
b0689,ybfP,0.368,,
b4145,yjeJ,-0.368,,
b4155,poxA,-0.368,,
b1759,nudG,-0.367,,
b3375,frlR,-0.367,,
b1009,rutD,0.367,,
b3345,yheN,-0.367,,
b0085,murE,-0.366,,
b3056,cca,-0.366,,
b3424,glpG,-0.366,,
b3575,yiaK,0.366,,
b2063,yegH,-0.366,,
b3740,rsmG,0.366,,
b0091,murC,-0.366,,
b3479,nikD,-0.365,,
b1058,yceO,0.365,,
b4215,ytfI,0.365,,
b2587,kgtP,-0.365,,
b3800,aslB,0.365,,
b4350,hsdR,-0.365,,
b4294,insA,0.365,,
b1433,ydcO,0.365,,
b1533,eamA,0.364,,
b1446,ydcY,-0.364,,
b2132,bglX,0.364,,
b1768,pncA,0.364,,
b3431,glgX,-0.364,,
b2297,pta,0.364,,
b1614,ydgA,-0.364,,
b3614,yibQ,0.363,,
b0236,prfH,-0.363,,
b1053,mdtG,0.363,,
b3967,murI,-0.363,,
b3779,gpp,0.363,,
b3474,yhhT,0.363,,
b4241,treR,-0.362,,
b0160,dgt,0.362,,
b0601,ybdM,0.362,,
b2906,visC,-0.362,,
b1193,emtA,0.361,,
b2839,lysR,-0.361,,
b2846,yqeH,-0.361,,
b0596,entA,-0.361,,
b3234,degQ,0.361,,
b2416,ptsI,0.36,,
b2554,qseF,-0.359,,
b1507,hipA,-0.359,,
b2453,eutG,-0.359,,
b0907,serC,0.359,,
b2490,hyfJ,-0.358,,
b2382,ypdC,0.358,,
b0605,ahpC,0.358,,
b0271,yagH,-0.358,,
b3161,mtr,0.358,,
b2349,intS,-0.358,,
b1320,ycjW,-0.358,,
b3771,ilvD,0.358,,
b2298,yfcC,0.358,,
b1269,rluB,-0.357,,
b1857,znuA,0.357,,
b3054,ygiF,-0.357,,
b2697,alaS,-0.357,,
b1538,dcp,0.356,,
b1749,xthA,0.356,,
b3437,gntK,-0.356,,
b0785,moaE,-0.355,,
b2379,yfdZ,-0.355,,
b2374,frc,-0.354,,
b4029,yjbH,-0.354,,
b1762,ynjI,-0.354,,
b3769,ilvM,0.354,,
b2457,eutM,0.354,,
b3786,rffE,-0.354,,
b3892,fdoI,-0.354,,
b2904,gcvH,0.354,,
b1272,sohB,0.354,,
b1624,ydgJ,0.354,,
b1385,feaB,-0.353,,
b0999,cbpM,-0.353,,
b1245,oppC,0.353,,
b2992,hybE,-0.353,,
b4218,ytfL,0.353,,
b1550,gnsB,0.353,,
b0649,djlC,0.352,,
b3136,agaS,-0.352,,
b4267,idnD,-0.352,,
b4333,yjiK,-0.351,,
b3964,yijD,0.351,,
b3403,pck,0.35,,
b2096,gatY,-0.35,,
b1961,dcm,0.35,,
b0446,cof,-0.35,,
b1553,rzpQ,0.35,,
b1637,tyrS,0.35,,
b3526,kdgK,-0.35,,
b0387,yaiI,0.349,,
b1397,paaJ,-0.349,,
b2623,yfjH,0.349,,
b2077,mdtD,0.349,,
b0961,yccF,0.348,,
b1650,nemA,0.348,,
b3580,lyxK,-0.348,,
b0138,yadM,-0.348,,
b3705,yidC,0.348,,
b0680,glnS,0.348,,
b4249,yjgI,0.347,,
b2542,hcaD,-0.347,,
b3531,bcsZ,-0.347,,
b4403,yjtD,-0.347,,
b2960,trmI,0.347,,
b0814,ompX,0.347,,
b3609,secB,-0.346,,
b3414,nfuA,-0.346,,
b1069,murJ,0.346,,
b3565,xylA,0.346,,
b0171,pyrH,0.345,,
b3227,dcuD,-0.345,,
b2917,scpA,-0.345,,
b1334,fnr,0.345,,
b2548,yphF,-0.344,,
b1365,ynaK,-0.344,,
b1892,flhD,-0.344,,
b1676,pykF,-0.344,,
b4071,nrfB,-0.344,,
b3903,rhaA,0.344,,
b2922,yggE,-0.344,,
b0459,maa,0.343,,
b3253,yhdH,0.343,,
b4192,ulaG,-0.343,,
b3292,zntR,0.343,,
b3432,glgB,-0.343,,
b4065,yjcE,-0.343,,
b0328,yahN,-0.343,,
b4256,yjgM,-0.342,,
b2434,ypeA,-0.342,,
b4162,orn,0.342,,
b1297,puuA,-0.342,,
b1192,ldcA,0.342,,
b2223,atoE,-0.342,,
b0910,cmk,-0.341,,
b3521,yhjC,-0.341,,
b2936,yggG,0.341,,
b1235,rssB,0.341,,
b2343,yfcZ,0.341,,
b2201,ccmA,0.34,,
b3608,gpsA,-0.34,,
b0837,yliI,-0.339,,
b2793,syd,0.339,,
b1413,hrpA,-0.338,,
b2944,yggI,-0.338,,
b2393,nupC,-0.338,,
b1128,ycfD,0.338,,
b4293,fecI,-0.338,,
b1012,rutA,-0.338,,
b3868,glnG,-0.338,,
b1672,ydhW,-0.338,,
b3030,parE,-0.337,,
b4030,psiE,0.337,,
b0557,borD,-0.336,,
b3454,livF,-0.336,,
b2698,recX,0.336,,
b1852,zwf,-0.336,,
b2275,yfbP,-0.336,,
b0311,betA,-0.336,,
b2789,gudP,-0.335,,
b2684,mprA,0.335,,
b3589,yiaY,-0.335,,
b4397,creA,-0.335,,
b0635,mrdA,-0.334,,
b4031,xylE,-0.334,,
b0800,ybiB,-0.334,,
b0082,mraW,-0.334,,
b3747,kup,0.333,,
b1388,paaA,-0.333,,
b2289,lrhA,0.333,,
b3650,spoT,-0.333,,
b0228,yafM,0.333,,
b3651,trmH,-0.333,,
b3388,damX,-0.333,,
b1992,cobS,-0.332,,
b3487,yhiI,-0.332,,
b2811,csdE,-0.331,,
b0412,yajI,0.331,,
b2498,upp,0.331,,
b2010,dacD,0.331,,
b2711,norW,0.33,,
b4019,metH,0.33,,
b3481,nikR,0.33,,
b3137,kbaY,-0.33,,
b1635,gst,0.33,,
b1432,ydcM,0.33,,
b0317,yahC,-0.329,,
b3050,yqiJ,-0.329,,
b2803,fucK,-0.329,,
b3847,pepQ,0.329,,
b2456,eutN,0.329,,
b1617,uidA,-0.329,,
b1121,ycfZ,0.329,,
b0066,thiQ,-0.329,,
b0110,ampD,0.329,,
b3067,rpoD,-0.329,,
b2679,proX,0.329,,
b3711,yidZ,0.328,,
b4095,phnM,0.328,,
b4272,insC,-0.328,,
b3957,argE,0.328,,
b2952,yggT,0.327,,
b1871,cmoB,0.327,,
b2235,nrdB,0.327,,
b4067,actP,0.327,,
b3503,arsC,0.327,,
b1430,tehB,0.327,,
b3080,ygjK,-0.326,,
b0629,ybeF,-0.326,,
b1488,ddpX,0.326,,
b3894,fdoG,-0.325,,
b2731,fhlA,-0.325,,
b0172,frr,0.325,,
b0628,lipA,-0.325,,
b0197,metQ,-0.325,,
b2029,gnd,0.325,,
b2215,ompC,0.325,,
b0493,ybbO,-0.324,,
b0506,allR,0.324,,
b4222,ytfP,-0.324,,
b2125,yehT,0.324,,
b0054,lptD,0.324,,
b0450,glnK,0.324,,
b3878,yihQ,0.324,,
b3201,lptB,-0.324,,
b2496,hda,-0.323,,
b3120,yhaB,-0.322,,
b1970,hiuH,-0.322,,
b2168,fruK,0.322,,
b2966,yqgA,0.322,,
b2550,yphH,-0.322,,
b4356,yjjL,-0.322,,
b1023,pgaB,0.321,,
b4227,ytfQ,0.321,,
b3066,dnaG,-0.321,,
b4265,idnT,-0.321,,
b2177,yejA,-0.32,,
b1119,nagK,0.32,,
b1090,plsX,-0.32,,
b1859,znuB,-0.32,,
b3064,ygjD,-0.32,,
b2780,pyrG,0.32,,
b3496,dtpB,-0.319,,
b1491,yddW,-0.319,,
b0089,ftsW,-0.318,,
b1770,ydjF,0.318,,
b2304,yfcH,-0.318,,
b2407,xapA,0.318,,
b1126,potA,0.318,,
b0398,sbcD,-0.318,,
b0115,aceF,0.317,,
b1746,astD,-0.317,,
b1246,oppD,0.317,,
b2367,emrY,0.317,,
b1295,ymjA,0.316,,
b3344,yheM,-0.316,,
b0262,afuC,0.315,,
b2255,arnA,-0.315,,
b0851,nfsA,-0.315,,
b1900,araG,0.315,,
b2611,ypjD,-0.315,,
b3617,kbl,0.315,,
b4390,nadR,0.314,,
b2142,yohK,-0.314,,
b0038,caiB,-0.314,,
b1124,potC,0.314,,
b3587,yiaW,-0.314,,
b1595,ynfL,-0.313,,
b4335,yjiM,-0.313,,
b3585,yiaU,0.313,,
b2566,era,0.312,,
b1754,ynjB,0.312,,
b3327,gspF,0.312,,
b3896,yiiG,-0.311,,
b2212,alkB,-0.311,,
b3795,yifK,-0.311,,
b2594,rluD,0.31,,
b4357,yjjM,-0.31,,
b0046,kefF,-0.31,,
b0578,nfsB,-0.31,,
b4102,phnF,0.31,,
b2719,hycG,-0.31,,
b3185,rpmA,0.309,,
b1983,yeeN,0.309,,
b2916,argP,0.309,,
b1952,dsrB,-0.309,,
b1341,ydaM,0.309,,
b2309,hisJ,0.309,,
b2881,xdhD,-0.308,,
b3568,xylH,-0.308,,
b1960,vsr,0.308,,
b1693,aroD,0.308,,
b2914,rpiA,0.308,,
b3461,rpoH,0.308,,
b1958,yedI,-0.308,,
b0161,degP,0.308,,
b0825,fsaA,-0.307,,
b1382,ynbE,0.307,,
b3099,yqjE,0.307,,
b1963,yedR,-0.307,,
b4301,sgcE,-0.307,,
b3329,gspH,-0.306,,
b2583,yfiP,0.306,,
b3973,birA,0.305,,
b0219,yafV,0.305,,
b0261,mmuM,0.305,,
b2480,bcp,-0.305,,
b4363,yjjB,-0.305,,
b2546,yphD,-0.305,,
b2945,endA,-0.304,,
b1344,ttcA,0.304,,
b2291,yfbR,0.304,,
b0583,entD,-0.304,,
b0383,phoA,0.304,,
b2713,hydN,0.304,,
b1233,ychJ,0.304,,
b3889,yiiE,-0.304,,
b2154,yeiG,-0.303,,
b1250,kch,-0.303,,
b3023,ygiV,-0.303,,
b2995,hybB,-0.303,,
b1204,pth,0.303,,
b4268,idnK,-0.303,,
b1591,dmsD,0.303,,
b1758,ynjF,0.302,,
b3883,yihV,0.302,,
b3539,yhjV,0.302,,
b4360,yjjA,0.302,,
b0987,gfcA,-0.302,,
b3279,yrdA,0.302,,
b1668,ydhS,-0.301,,
b0048,folA,0.301,,
b1714,pheS,0.301,,
b3942,katG,-0.301,,
b0789,ybhO,-0.3,,
b1444,prr,-0.3,,
b2929,yggD,-0.3,,
b0641,lptE,0.3,,
b0422,xseB,0.3,,
b3097,yqjC,0.3,,
b3772,ilvA,-0.3,,
b1414,ydcF,0.299,,
b2047,wcaJ,0.299,,
b3621,rfaC,0.298,,
b2242,glpB,0.298,,
b4136,dsbD,0.298,,
b1247,oppF,0.298,,
b3599,mtlA,-0.298,,
b2523,pepB,-0.298,,
b1013,rutR,0.297,,
b3933,ftsN,-0.297,,
b3794,rffM,0.297,,
b2746,ispF,-0.297,,
b1771,ydjG,0.296,,
b1349,recT,-0.296,,
b1592,clcB,-0.296,,
b3031,yqiA,-0.296,,
b0118,acnB,-0.296,,
b2209,eco,0.296,,
b1901,araF,0.296,,
b4117,adiA,0.295,,
b2170,setB,0.295,,
b1752,ydjZ,0.295,,
b2669,stpA,-0.294,,
b3644,yicC,0.294,,
b1109,ndh,0.294,,
b2257,arnT,0.294,,
b2619,yfjG,-0.293,,
b3087,ygjR,0.293,,
b3508,yhiD,0.293,,
b1858,znuC,-0.293,,
b0750,nadA,-0.293,,
b1176,minC,-0.292,,
b3685,yidE,-0.292,,
b0126,can,-0.292,,
b0227,yafL,-0.292,,
b3634,coaD,0.292,,
b3167,rbfA,0.292,,
b0580,ybdJ,0.292,,
b4400,creD,0.292,,
b0415,ribE,-0.292,,
b3347,fkpA,-0.292,,
b1645,ydhK,-0.291,,
b0152,fhuD,-0.291,,
b0393,rdgC,0.291,,
b2327,yfcA,-0.291,,
b2841,araE,-0.291,,
b2830,rppH,0.291,,
b3147,yraM,0.291,,
b3790,rffC,-0.29,,
b3713,yieF,-0.29,,
b4070,nrfA,-0.29,,
b3601,mtlR,-0.29,,
b3439,yhhW,-0.289,,
b1474,fdnG,-0.289,,
b0403,malZ,-0.289,,
b0904,focA,0.289,,
b3311,rpsQ,0.288,,
b2155,cirA,0.288,,
b0922,mukF,-0.288,,
b3047,yqiH,0.287,,
b3380,yhfW,0.287,,
b4023,pagB,0.287,,
b2358,oweS,-0.287,,
b4113,basR,0.286,,
b3053,glnE,-0.286,,
b2136,yohD,0.286,,
b3200,lptA,-0.286,,
b0732,mngB,0.285,,
b1134,nudJ,0.285,,
b3107,yhaL,0.284,,
b4389,radA,-0.284,,
b0730,mngR,0.284,,
b1993,cobU,-0.284,,
b1642,slyA,0.284,,
b2336,yfcS,0.284,,
b3557,insJ,0.284,,
b2015,yeeY,0.284,,
b2540,hcaC,-0.284,,
b0104,guaC,0.283,,
b2112,yehE,0.283,,
b2172,yeiQ,0.283,,
b3802,hemY,0.282,,
b2226,yfaQ,0.282,,
b2532,trmJ,-0.282,,
b2144,sanA,0.281,,
b0875,aqpZ,-0.281,,
b2321,flk,0.281,,
b1312,ycjP,-0.281,,
b1797,yeaR,0.281,,
b2371,yfdE,-0.28,,
b2319,usg,0.28,,
b2618,yfjF,-0.28,,
b3646,yicG,-0.28,,
b1147,ymfL,0.28,,
b0527,ybcI,-0.28,,
b1277,ribA,0.28,,
b1270,btuR,0.28,,
b2934,cmtB,-0.279,,
b0149,mrcB,0.279,,
b1664,ydhQ,-0.279,,
b2664,csiR,-0.279,,
b3172,argG,-0.279,,
b2741,rpoS,0.279,,
b4376,osmY,0.278,,
b0173,dxr,0.278,,
b2622,intA,0.278,,
b2834,tas,-0.278,,
b1830,prc,0.278,,
b0330,prpR,-0.278,,
b2384,ypdE,0.278,,
b1847,yebF,0.278,,
b2296,ackA,0.277,,
b3021,ygiT,0.277,,
b0693,speF,-0.277,,
b1132,hflD,0.277,,
b2274,yfbO,-0.277,,
b1183,umuD,0.277,,
b4348,hsdS,-0.276,,
b2489,hyfI,0.276,,
b4049,dusA,0.276,,
b3083,ygjN,-0.276,,
b3810,yigA,0.275,,
b1438,ydcQ,0.275,,
b4119,melA,0.274,,
b1146,croE,0.274,,
b3730,glmU,0.274,,
b1372,stfR,0.274,,
b2571,rseB,-0.274,,
b3643,rph,0.273,,
b0801,ybiC,-0.273,,
b2059,wcaA,-0.273,,
b0208,yafC,-0.273,,
b2605,yfiB,0.273,,
b2375,yfdX,0.272,,
b3911,cpxA,0.272,,
b0061,araD,-0.272,,
b3533,bcsA,-0.272,,
b3928,zapB,-0.272,,
b1329,mppA,0.272,,
b3939,metB,-0.272,,
b2263,yfbB,0.271,,
b0848,ybjM,0.271,,
b2273,yfbN,0.271,,
b0681,ybfM,0.27,,
b2279,nuoK,0.27,,
b3622,rfaL,0.27,,
b1824,yobF,-0.269,,
b4197,ulaE,-0.269,,
b1621,malX,0.269,,
b4230,ytfT,-0.269,,
b1767,ansA,0.269,,
b3222,nanK,-0.268,,
b1221,narL,0.268,,
b4048,yjbM,-0.268,,
b1108,ycfP,-0.268,,
b3237,argR,0.268,,
b2438,eutK,-0.267,,
b2883,guaD,-0.267,,
b2689,yqaA,-0.267,,
b3159,yhbV,-0.267,,
b1400,paaY,-0.267,,
b1014,putA,0.267,,
b1671,ydhX,0.267,,
b2553,glnB,0.266,,
b1180,ycgM,0.266,,
b1651,gloA,0.266,,
b3235,degS,-0.265,,
b3428,glgP,-0.265,,
b3229,sspA,0.265,,
b1003,yccJ,0.265,,
b3542,dppC,-0.264,,
b0177,bamA,0.264,,
b3166,truB,0.264,,
b0050,apaG,0.264,,
b0498,ybbC,0.264,,
b1791,yeaN,-0.263,,
b2129,yehX,-0.263,,
b0129,yadI,0.263,,
b0027,lspA,0.263,,
b1972,yedZ,-0.263,,
b0514,glxK,-0.263,,
b4123,dcuB,0.263,,
b3377,yhfT,-0.263,,
b1932,yedL,-0.262,,
b1669,ydhT,0.262,,
b3915,fieF,0.262,,
b1089,rpmF,0.262,,
b4112,basS,0.262,,
b1084,rne,-0.261,,
b3440,yhhX,0.261,,
b2564,pdxJ,-0.261,,
b2910,zapA,0.261,,
b3788,rffG,-0.261,,
b3662,nepI,-0.261,,
b1823,cspC,-0.261,,
b2406,xapB,-0.261,,
b0418,pgpA,0.26,,
b2736,ygbJ,-0.26,,
b3252,csrD,-0.26,,
b3251,mreB,0.26,,
b1813,nudL,0.26,,
b4161,rsgA,0.26,,
b4207,fklB,0.26,,
b1210,hemA,0.259,,
b0867,amiD,0.259,,
b3206,npr,-0.259,,
b4171,miaA,-0.259,,
b3135,agaA,-0.259,,
b2865,ygeR,-0.259,,
b3636,rpmG,-0.259,,
b4280,yjhC,-0.259,,
b0842,cmr,-0.259,,
b2671,ygaC,0.258,,
b0195,yaeB,-0.258,,
b0779,uvrB,-0.258,,
b3090,ygjV,-0.257,,
b1870,cmoA,0.257,,
b4158,yjeO,0.257,,
b1004,wrbA,0.257,,
b2819,recD,-0.257,,
b2167,fruA,-0.257,,
b0550,rusA,0.257,,
b3165,rpsO,0.257,,
b1765,ydjA,0.257,,
b2199,ccmC,0.257,,
b1646,sodC,0.256,,
b3289,rsmB,0.256,,
b0798,ybiA,0.256,,
b2326,yfcM,0.256,,
b4101,phnG,-0.256,,
b0741,pal,0.256,,
b0182,lpxB,-0.256,,
b2900,yqfB,-0.255,,
b1463,nhoA,0.254,,
b0856,potH,0.254,,
b2233,yfaL,-0.254,,
b0809,glnQ,-0.254,,
b3981,secE,-0.254,,
b2120,yehM,-0.254,,
b3168,infB,0.253,,
b3039,ygiD,0.253,,
b4059,ssb,0.253,,
b3447,ggt,-0.253,,
b0466,ybaM,0.253,,
b3844,fre,0.253,,
b2130,yehY,-0.253,,
b1512,lsrR,0.252,,
b2122,yehQ,0.251,,
b4178,nsrR,0.251,,
b2194,ccmH,-0.251,,
b2157,yeiE,0.25,,
b4166,yjeS,-0.25,,
b0429,cyoD,-0.25,,
b3184,yhbE,0.25,,
b4014,aceB,0.25,,
b0963,mgsA,0.25,,
b1717,rpmI,0.249,,
b0931,pncB,-0.249,,
b0008,talB,-0.249,,
b2961,mutY,-0.249,,
b3591,selA,0.249,,
b0591,entS,-0.248,,
b3337,bfd,-0.248,,
b4398,creB,-0.248,,
b1525,sad,-0.248,,
b1065,mdtH,-0.248,,
b2252,ais,0.247,,
b1951,rcsA,-0.247,,
b4015,aceA,0.247,,
b0029,ispH,-0.247,,
b2149,mglA,0.247,,
b3735,atpH,0.247,,
b3075,ebgR,0.246,,
b2081,yegQ,0.246,,
b2383,fryA,-0.246,,
b0222,lpcA,0.246,,
b1407,ydbD,-0.246,,
b2722,hycD,-0.246,,
b3026,qseC,-0.246,,
b3101,yqjF,-0.246,,
b3265,acrE,-0.246,,
b1337,abgB,-0.246,,
b2259,pmrD,-0.246,,
b0007,yaaJ,0.245,,
b3916,pfkA,0.245,,
b2979,glcD,0.245,,
b0423,thiI,0.245,,
b1308,pspE,0.245,,
b2287,nuoB,0.245,,
b1711,btuC,0.245,,
b1323,tyrR,-0.245,,
b1842,holE,-0.245,,
b0620,dpiA,-0.244,,
b3965,trmA,0.244,,
b2600,tyrA,-0.244,,
b1214,ychA,0.244,,
b0972,hyaA,-0.244,,
b2284,nuoF,-0.244,,
b1494,pqqL,-0.244,,
b1104,ycfL,0.244,,
b4372,holD,-0.243,,
b0542,renD,-0.243,,
b4393,trpR,-0.243,,
b2164,psuT,-0.243,,
b4180,rlmB,0.242,,
b2433,yfeZ,-0.242,,
b2923,argO,-0.242,,
b0797,rhlE,-0.241,,
b1352,kilR,-0.241,,
b1451,yncD,0.241,,
b0248,yafX,0.241,,
b2809,ygdI,0.241,,
b4022,rluF,-0.241,,
b0052,pdxA,-0.24,,
b4262,lptG,0.24,,
b1802,yeaW,0.24,,
b0584,fepA,-0.239,,
b0095,ftsZ,-0.239,,
b1501,ydeP,0.239,,
b0004,thrC,-0.239,,
b0189,rof,-0.238,,
b1707,ydiV,-0.238,,
b3638,yicR,0.238,,
b1050,yceK,0.238,,
b2169,fruB,0.238,,
b4260,pepA,-0.237,,
b1868,yecE,-0.237,,
b1467,narY,-0.237,,
b1429,tehA,0.237,,
b3519,treF,-0.237,,
b1145,cohE,-0.237,,
b4003,zraS,-0.237,,
b0243,proA,-0.236,,
b0900,ycaN,0.236,,
b0313,betI,-0.236,,
b3164,pnp,0.236,,
b0427,yajR,-0.235,,
b2603,yfiR,0.235,,
b2891,prfB,-0.235,,
b0069,sgrR,-0.235,,
b4176,yjeT,-0.235,,
b2969,yghE,-0.235,,
b2565,recO,0.234,,
b3499,yhiR,0.234,,
b0911,rpsA,0.234,,
b4129,lysU,-0.233,,
b4269,yjgB,-0.233,,
b1806,yeaY,0.233,,
b0820,ybiT,0.233,,
b2347,yfdC,-0.233,,
b1188,ycgB,-0.232,,
b4412,hokC,0.232,,
b2825,ppdB,-0.232,,
b3959,argB,-0.232,,
b3908,sodA,-0.232,,
b3824,rhtB,0.232,,
b0310,ykgH,-0.231,,
b2464,talA,0.231,,
b3504,yhiS,-0.231,,
b2278,nuoL,0.231,,
b1526,yneJ,-0.23,,
b3582,yiaR,0.23,,
b3754,hsrA,0.23,,
b1848,yebG,0.229,,
b3700,recF,-0.229,,
b0807,rlmF,-0.229,,
b4125,dcuS,0.229,,
b4327,yjiE,-0.229,,
b4364,yjjP,0.229,,
b0377,sbmA,-0.229,,
b1606,folM,0.229,,
b2173,yeiR,-0.228,,
b2747,ispD,-0.228,,
b4086,alsC,-0.228,,
b2646,ypjF,0.228,,
b0432,cyoA,0.227,,
b1654,grxD,0.227,,
b1189,dadA,-0.227,,
b2620,smpB,0.227,,
b4147,efp,0.227,,
b1712,ihfA,0.227,,
b3358,yhfK,0.227,,
b4321,gntP,-0.227,,
b3787,rffD,-0.227,,
b2482,hyfB,-0.227,,
b0675,nagD,-0.226,,
b0947,ycbX,0.226,,
b1281,pyrF,0.226,,
b0065,yabI,0.226,,
b0474,adk,0.225,,
b0286,yagT,-0.225,,
b2411,ligA,-0.225,,
b3833,ubiE,0.225,,
b0652,gltL,-0.225,,
b2109,yehB,-0.224,,
b2495,yfgD,-0.224,,
b4169,amiB,-0.224,,
b0687,seqA,-0.224,,
b1389,paaB,-0.224,,
b4367,fhuF,-0.224,,
b4258,valS,-0.224,,
b0813,rhtA,0.223,,
b3613,envC,-0.223,,
b1700,ydiT,0.223,,
b2057,wcaC,0.223,,
b2895,fldB,0.222,,
b4001,yjaH,-0.222,,
b0324,yahJ,0.222,,
b0819,ybiS,0.222,,
b0812,dps,0.222,,
b3106,yhaK,-0.222,,
b4359,opgB,0.222,,
b0200,gmhB,0.222,,
b0078,ilvH,-0.221,,
b3520,yhjB,-0.221,,
b2585,pssA,-0.221,,
b0839,dacC,0.221,,
b0307,ykgF,-0.22,,
b2617,smpA,0.22,,
b2184,yejH,0.22,,
b3667,uhpC,0.22,,
b1392,paaE,0.22,,
b3510,hdeA,-0.22,,
b2175,spr,0.22,,
b1439,ydcR,-0.219,,
b0451,amtB,-0.219,,
b4358,yjjN,-0.219,,
b1133,mnmA,0.219,,
b0771,ybhJ,-0.219,,
b3385,gph,0.218,,
b0766,ybhA,0.218,,
b3130,yhaV,0.218,,
b3346,yheO,-0.217,,
b3955,yijP,0.217,,
b0303,ykgI,-0.217,,
b2824,ygdB,0.217,,
b3085,ygjP,-0.217,,
b0638,cobC,0.216,,
b2408,yfeN,0.216,,
b3230,rpsI,0.216,,
b3338,chiA,-0.215,,
b0992,yccM,0.215,,
b2099,yegU,0.215,,
b0276,yagJ,0.215,,
b3121,yhaC,0.215,,
b1826,mgrB,0.215,,
b1363,trkG,-0.215,,
b2637,yfjT,-0.214,,
b2981,yghO,-0.214,,
b3264,envR,0.214,,
b2494,yfgC,-0.214,,
b0360,insC,0.214,,
b1266,yciV,0.214,,
b3183,obgE,0.213,,
b0140,ecpD,0.213,,
b3579,yiaO,-0.213,,
b2720,hycF,-0.212,,
b3839,tatC,0.212,,
b1809,yoaB,0.212,,
b4116,adiY,0.212,,
b2822,recC,-0.212,,
b3370,frlA,0.212,,
b1423,ydcJ,0.212,,
b0823,ybiW,-0.211,,
b3002,yqhA,-0.211,,
b1284,yciT,-0.211,,
b2547,yphE,-0.211,,
b3214,gltF,0.211,,
b3249,mreD,0.211,,
b1292,sapC,-0.211,,
b2556,qseE,-0.211,,
b3515,gadW,0.21,,
b2549,yphG,0.21,,
b4209,ytfE,-0.21,,
b2387,fryB,-0.21,,
b0260,mmuP,-0.21,,
b3514,mdtF,0.21,,
b0293,matB,0.209,,
b0119,yacL,-0.209,,
b1120,cobB,0.209,,
b2986,yghT,0.208,,
b4160,psd,0.208,,
b1599,mdtI,0.208,,
b0217,yafT,-0.208,,
b0815,ybiP,0.208,,
b0456,ybaA,-0.208,,
b1299,puuR,0.207,,
b1706,ydiU,0.207,,
b4374,yjjG,0.207,,
b2193,narP,-0.207,,
b3044,insC,-0.206,,
b4399,creC,-0.206,,
b1652,rnt,0.206,,
b0480,ushA,-0.206,,
b2908,pepP,0.206,,
b3920,yiiQ,-0.206,,
b0960,yccS,0.206,,
b4054,tyrB,0.206,,
b1105,ycfM,-0.205,,
b3114,tdcE,-0.205,,
b2385,ypdF,-0.205,,
b3197,kdsD,-0.205,,
b0942,ycbU,0.205,,
b0143,pcnB,-0.205,,
b4172,hfq,-0.205,,
b3177,folP,-0.205,,
b1649,nemR,-0.205,,
b3637,rpmB,-0.205,,
b2290,yfbQ,0.205,,
b2627,yfjK,0.204,,
b0822,ybiV,0.204,,
b0156,erpA,0.204,,
b2950,yggR,-0.204,,
b1564,relB,0.204,,
b0444,queC,0.204,,
b2330,prmB,0.204,,
b3887,dtd,-0.203,,
b3390,aroK,-0.203,,
b0978,appC,0.203,,
b0076,leuO,-0.203,,
b0488,ybbJ,-0.203,,
b0416,nusB,-0.203,,
b0478,ybaL,0.203,,
b2578,eamB,0.203,,
b0047,kefC,-0.203,,
b0938,ycbQ,-0.203,,
b4027,yjbF,-0.203,,
b4097,phnK,0.202,,
b3258,panF,0.202,,
b4361,dnaC,-0.202,,
b3170,rimP,0.202,,
b0471,ybaB,0.202,,
b3792,wzxE,-0.202,,
b3240,aaeB,-0.202,,
b4051,qorA,-0.202,,
b4012,yjaB,0.202,,
b1237,hns,-0.202,,
b2667,ygaV,-0.201,,
b2217,rcsB,0.201,,
b1383,ydbL,0.201,,
b3008,metC,0.201,,
b2108,yehA,-0.201,,
b0125,hpt,0.201,,
b3402,yhgE,-0.201,,
b0892,rarA,-0.201,,
b1582,ynfA,0.2,,
b0347,mhpA,-0.2,,
b3586,yiaV,0.2,,
b2823,ppdC,0.2,,
b1155,tfaP,-0.2,,
b3809,dapF,0.2,,
b4234,yjgA,-0.199,,
b3175,secG,-0.199,,
b3897,frvR,0.199,,
b4018,iclR,0.199,,
b1091,fabH,-0.199,,
b3063,ttdT,-0.199,,
b2901,bglA,-0.199,,
b4068,yjcH,-0.198,,
b3540,dppF,-0.198,,
b3655,yicH,0.198,,
b3228,sspB,0.198,,
b3207,yrbL,-0.198,,
b3856,mobB,-0.198,,
b1300,puuC,-0.198,,
b1095,fabF,0.198,,
b3610,grxC,0.198,,
b2307,hisM,0.197,,
b0930,asnS,0.197,,
b3469,zntA,0.197,,
b0711,ybgJ,0.197,,
b1629,rsxC,-0.197,,
b2017,yefM,0.196,,
b4334,yjiL,0.196,,
b4379,yjjW,-0.196,,
b3143,yraI,-0.196,,
b2827,thyA,0.196,,
b1516,lsrB,0.196,,
b0358,yaiO,0.196,,
b1733,chbG,0.196,,
b0155,clcA,-0.196,,
b1969,yedW,-0.195,,
b3619,rfaD,0.195,,
b2709,norR,-0.195,,
b1763,topB,-0.195,,
b1303,pspF,-0.195,,
b1919,dcyD,-0.194,,
b2285,nuoE,-0.194,,
b3156,yhbS,-0.194,,
b2933,cmtA,-0.194,,
b0167,glnD,0.194,,
b0566,envY,0.194,,
b2426,ucpA,-0.194,,
b2696,csrA,-0.194,,
b1630,rsxD,0.193,,
b0254,perR,-0.193,,
b2282,nuoH,0.193,,
b0477,gsk,0.193,,
b2355,yfdL,-0.193,,
b2205,napG,-0.193,,
b1464,yddE,0.192,,
b0484,copA,-0.192,,
b2926,pgk,-0.192,,
b4252,tabA,-0.192,,
b2106,rcnA,0.192,,
b2281,nuoI,0.192,,
b0889,lrp,0.192,,
b3472,dcrB,-0.191,,
b3783,rho,-0.191,,
b1542,ydfI,0.191,,
b0009,mog,-0.191,,
b3941,metF,-0.191,,
b2101,yegW,0.19,,
b3411,yhgA,-0.19,,
b1703,ydiA,0.19,,
b1764,selD,-0.19,,
b4149,blc,0.189,,
b2133,dld,0.189,,
b0642,leuS,0.189,,
b3247,rng,-0.189,,
b2346,vacJ,-0.189,,
b2820,recB,-0.189,,
b1701,fadK,-0.189,,
b0123,cueO,0.188,,
b0499,ylbH,0.188,,
b0237,pepD,0.188,,
b3551,bisC,-0.188,,
b3003,yghA,0.188,,
b0475,hemH,-0.188,,
b0030,rihC,0.188,,
b1129,phoQ,-0.188,,
b3193,yrbD,-0.188,,
b3602,yibL,0.188,,
b3495,uspA,-0.187,,
b4380,yjjI,0.187,,
b0644,ybeQ,-0.187,,
b2251,nudI,0.187,,
b3333,gspL,0.187,,
b4271,intB,0.187,,
b0973,hyaB,0.187,,
b3208,mtgA,-0.187,,
b1327,ycjY,0.186,,
b2011,sbcB,0.186,,
b1302,puuE,-0.186,,
b0198,metI,-0.185,,
b2593,yfiH,0.185,,
b1687,ydiJ,0.185,,
b3673,emrD,0.185,,
b4210,ytfF,-0.185,,
b0410,yajD,0.185,,
b2204,napH,-0.184,,
b2754,ygbF,-0.184,,
b2678,proW,-0.184,,
b3603,lldP,-0.184,,
b3559,glyS,0.184,,
b2527,hscB,0.183,,
b3523,yhjE,0.182,,
b0508,hyi,-0.182,,
b1680,sufS,-0.182,,
b0724,sdhB,0.182,,
b1991,cobT,-0.182,,
b4077,gltP,0.182,,
b4024,lysC,0.182,,
b2316,accD,-0.181,,
b3405,ompR,0.181,,
b0132,yadD,-0.181,,
b0592,fepB,0.181,,
b4298,yjhH,-0.181,,
b0425,panE,-0.181,,
b4336,yjiN,-0.181,,
b0617,citD,-0.181,,
b2140,dusC,-0.18,,
b2818,argA,0.18,,
b3236,mdh,-0.18,,
b1844,exoX,0.18,,
b3260,dusB,0.18,,
b0428,cyoE,0.18,,
b0026,ileS,-0.18,,
b2165,psuG,0.179,,
b1524,yneH,-0.179,,
b2428,murQ,0.179,,
b4044,dinF,0.179,,
b0464,acrR,0.178,,
b0305,ykgD,-0.178,,
b3352,yheS,-0.178,,
b1697,ydiQ,0.178,,
b0794,ybhF,-0.178,,
b2875,yqeB,-0.178,,
b1699,ydiS,-0.178,,
b0518,fdrA,0.178,,
b0133,panC,0.178,,
b4075,nrfF,0.178,,
b2483,hyfC,-0.178,,
b1915,yecF,0.177,,
b0097,secM,-0.177,,
b0843,ybjH,0.177,,
b1604,ydgH,0.177,,
b2360,yfdQ,-0.177,,
b4127,yjdJ,-0.177,,
b4124,dcuR,0.177,,
b0539,exoD,-0.176,,
b4090,rpiB,-0.176,,
b1867,yecD,-0.176,,
b3367,nirC,-0.176,,
b0150,fhuA,-0.176,,
b2325,yfcL,0.176,,
b0697,kdpB,-0.176,,
b1181,ycgN,-0.176,,
b3888,yiiD,-0.175,,
b0281,intF,-0.175,,
b2534,yfhR,-0.175,,
b1631,rsxG,0.174,,
b0633,rlpA,0.174,,
b2955,yggW,-0.174,,
b0376,ampH,-0.174,,
b0103,coaE,-0.173,,
b2927,epd,-0.173,,
b3789,rffH,-0.173,,
b3303,rpsE,0.173,,
b1962,yedJ,0.173,,
b3157,yhbT,-0.173,,
b0331,prpB,-0.173,,
b3363,ppiA,0.172,,
b2912,ygfA,0.172,,
b0906,ycaP,-0.172,,
b0213,yafS,0.172,,
b3089,sstT,0.171,,
b0959,sxy,0.171,,
b0003,thrB,-0.171,,
b3688,yidQ,0.171,,
b3141,agaI,-0.171,,
b3660,yicL,0.171,,
b1450,mcbR,0.171,,
b3288,fmt,0.171,,
b1636,pdxY,-0.171,,
b0555,arrD,0.17,,
b1184,umuC,-0.17,,
b2930,yggF,0.17,,
b2340,sixA,0.17,,
b0533,sfmH,-0.17,,
b2234,nrdA,0.169,,
b1476,fdnI,-0.169,,
b3986,rplL,0.169,,
b0166,dapD,-0.169,,
b0884,infA,0.169,,
b1135,rluE,0.169,,
b2511,der,0.168,,
b0055,djlA,-0.168,,
b0654,gltJ,0.168,,
b3176,glmM,-0.168,,
b0715,abrB,-0.168,,
b0186,ldcC,-0.168,,
b0468,ybaN,0.168,,
b0847,ybjL,-0.167,,
b3348,slyX,-0.167,,
b2876,yqeC,0.167,,
b0957,ompA,0.166,,
b0920,ycbC,-0.166,,
b2114,metG,-0.166,,
b0817,mntR,-0.166,,
b0780,ybhK,-0.166,,
b4226,ppa,0.165,,
b3295,rpoA,0.165,,
b3778,rep,-0.165,,
b3353,yheT,0.165,,
b0388,aroL,-0.164,,
b3342,rpsL,0.164,,
b0528,ybcJ,0.164,,
b1692,ydiB,0.164,,
b2429,murP,-0.164,,
b2567,rnc,-0.164,,
b1478,adhP,0.164,,
b3013,yqhG,-0.164,,
b2513,yfgM,0.163,,
b2880,ygfM,0.163,,
b3773,ilvY,0.163,,
b3527,yhjJ,-0.163,,
b0507,gcl,0.163,,
b4135,yjdC,0.163,,
b1854,pykA,0.163,,
b1656,sodB,0.162,,
b0278,yagL,-0.162,,
b4373,rimI,-0.162,,
b0084,ftsI,-0.162,,
b0389,yaiA,0.161,,
b4038,yjbI,-0.161,,
b1662,ribC,0.161,,
b2907,ubiH,0.161,,
b1866,aspS,0.161,,
b2431,yfeX,0.161,,
b4263,yjgR,0.161,,
b3755,yieP,0.161,,
b3202,rpoN,-0.161,,
b1554,arrQ,-0.161,,
b4151,frdD,-0.16,,
b0751,pnuC,-0.16,,
b3528,dctA,0.16,,
b3433,asd,-0.16,,
b3336,bfr,-0.16,,
b4330,yjiH,0.16,,
b4028,yjbG,0.159,,
b1191,cvrA,-0.159,,
b2303,folX,-0.159,,
b1655,ydhO,-0.158,,
b0890,ftsK,0.158,,
b2254,arnC,-0.158,,
b3784,rfe,0.158,,
b0391,yaiE,0.158,,
b1028,ymdE,0.157,,
b1387,maoC,-0.157,,
b1613,manA,0.157,,
b2239,glpQ,0.157,,
b2896,ygfX,-0.156,,
b0431,cyoB,-0.156,,
b0355,frmB,-0.156,,
b0366,tauB,-0.156,,
b0760,modF,0.156,,
b3826,yigL,0.156,,
b1670,ydhU,0.156,,
b2948,yqgE,0.156,,
b4121,yjdF,-0.156,,
b1051,msyB,0.156,,
b0344,lacZ,0.156,,
b2270,yfbK,-0.155,,
b1411,ynbD,-0.155,,
b3394,hofN,-0.155,,
b1784,yeaH,-0.155,,
b3392,hofP,-0.155,,
b2925,fbaA,0.155,,
b0790,ybhP,-0.155,,
b2315,folC,-0.155,,
b1514,lsrC,-0.154,,
b3690,cbrA,0.154,,
b1208,ispE,0.154,,
b3485,yhhJ,0.154,,
b0698,kdpA,-0.154,,
b4039,ubiC,-0.154,,
b1640,anmK,-0.154,,
b1469,narU,-0.154,,
b4345,mcrC,-0.154,,
b2390,ypeC,0.153,,
b0051,rsmA,0.153,,
b3231,rplM,-0.153,,
b0320,yahF,0.153,,
b0618,citC,0.152,,
b3198,kdsC,-0.152,,
b0712,ybgK,-0.152,,
b3125,garR,-0.152,,
b2837,galR,0.151,,
b0212,gloB,0.151,,
b1492,gadC,0.151,,
b1298,puuD,-0.151,,
b3204,ptsN,0.15,,
b0503,selU,-0.15,,
b2877,ygfJ,-0.15,,
b4385,yjjJ,-0.15,,
b2256,arnD,-0.149,,
b1810,yoaC,0.149,,
b3935,priA,-0.149,,
b3293,yhdN,-0.149,,
b1504,ydeS,0.148,,
b3680,yidL,0.148,,
b0932,pepN,-0.148,,
b3813,uvrD,-0.148,,
b3196,yrbG,-0.148,,
b0230,lafU,-0.148,,
b2518,ndk,0.148,,
b0948,rlmL,0.147,,
b4243,yjgF,0.147,,
b3574,yiaJ,0.147,,
b3091,uxaA,0.147,,
b3010,yqhC,-0.147,,
b0196,rcsF,-0.147,,
b4401,arcA,-0.147,,
b0616,citE,0.147,,
b2616,recN,0.147,,
b0238,gpt,0.147,,
b2127,mlrA,0.147,,
b3530,bcsC,-0.147,,
b0272,yagI,-0.146,,
b1154,stfP,0.146,,
b2262,menB,0.146,,
b2139,mdtQ,-0.146,,
b1307,pspD,-0.146,,
b2606,rplS,0.146,,
b2232,ubiG,0.146,,
b2268,rbn,0.145,,
b4295,yjhU,-0.145,,
b2519,pbpC,-0.145,,
b1540,ydfH,0.145,,
b2842,kduD,-0.145,,
b2368,emrK,0.145,,
b2150,mglB,0.144,,
b0962,helD,-0.144,,
b0490,ybbL,0.144,,
b2874,yqeA,-0.144,,
b1249,cls,-0.144,,
b2280,nuoJ,0.144,,
b1328,ycjZ,-0.144,,
b2740,ygbN,-0.143,,
b1475,fdnH,0.143,,
b1953,yodD,-0.143,,
b3210,arcB,-0.143,,
b3294,rplQ,0.143,,
b1097,yceG,0.143,,
b2412,zipA,-0.142,,
b1541,ydfZ,-0.142,,
b1990,erfK,0.142,,
b1386,tynA,0.142,,
b2430,yfeW,0.142,,
b1264,trpE,-0.142,,
b2083,yegZ,-0.142,,
b0933,ssuB,-0.142,,
b1217,chaB,-0.141,,
b2231,gyrA,-0.141,,
b0627,tatE,0.141,,
b0964,yccT,0.14,,
b0956,ycbG,-0.14,,
b3301,rplO,0.14,,
b0752,zitB,-0.14,,
b3924,fpr,0.14,,
b2195,ccmG,0.14,,
b3155,yhbQ,-0.139,,
b3938,metJ,-0.139,,
b1804,rnd,-0.139,,
b0888,trxB,-0.139,,
b0159,mtn,0.139,,
b2779,eno,0.139,,
b0408,secD,0.139,,
b3232,yhcM,-0.139,,
b0882,clpA,-0.139,,
b1262,trpC,0.139,,
b1705,ydiE,-0.139,,
b1622,malY,0.138,,
b3817,yigF,-0.138,,
b3309,rplX,0.138,,
b0369,hemB,-0.138,,
b1686,ydiI,0.138,,
b0049,apaH,0.138,,
b2107,yohN,-0.138,,
b1738,chbB,-0.138,,
b0270,yagG,-0.138,,
b4304,sgcC,0.137,,
b1519,tam,-0.137,,
b0381,ddlA,0.137,,
b3189,murA,0.137,,
b3985,rplJ,0.137,,
b2909,ygfB,-0.136,,
b3980,tufB,0.136,,
b0806,mcbA,-0.136,,
b3718,yieK,0.136,,
b3806,cyaA,-0.136,,
b1462,yddH,-0.135,,
b3947,ptsA,0.135,,
b2538,hcaE,-0.135,,
b4328,iadA,-0.135,,
b4154,frdA,-0.135,,
b1218,chaC,-0.135,,
b3639,dfp,-0.135,,
b3154,yhbP,0.134,,
b1641,slyB,-0.134,,
b3182,dacB,0.134,,
b4329,yjiG,-0.134,,
b3620,rfaF,0.134,,
b3560,glyQ,0.134,,
b0148,hrpB,-0.134,,
b3306,rpsH,0.134,,
b1253,yciA,-0.134,,
b0187,yaeR,0.134,,
b0976,hyaE,0.133,,
b2505,yfgH,-0.133,,
b0060,polB,0.133,,
b1103,hinT,-0.133,,
b3438,gntR,0.133,,
b3576,yiaL,0.133,,
b3310,rplN,0.133,,
b3192,yrbC,0.133,,
b0117,yacH,0.133,,
b3803,hemX,0.133,,
b1330,ynaI,-0.132,,
